count	call
30720	no-entrypoint
25234	new
19317	[]
7457	parse
5947	hard:Thread.new
5824	expand_path
5693	include?
5061	empty?
5049	unshift
4805	join
4136	extend
3898	include
3855	first
3681	length
3426	split
3255	call
2891	delete
2825	get
2804	hard:Mutex.new
2777	load
2577	body
2479	merge
2321	open
2261	gsub
2071	glob
2006	keys
1977	read
1868	dup
1820	to_sym
1755	exists?
1711	find
1662	name
1654	each
1642	sort
1625	strip
1586	code
1535	size
1526	collect
1501	post
1489	match
1469	to_json
1459	load_file
1454	any?
1448	mkdir_p
1388	start
1385	merge!
1378	to_a
1361	register
1358	config
1331	shift
1297	info
1281	setup
1237	close
1220	request
1214	downcase
1204	last
1198	puts
1190	respond_to?
1180	fetch
1171	URI
1150	const_get
1146	path
1136	write
1126	use_ssl=
1115	logger
1110	key?
1104	uniq
1095	count
1088	hexdigest
1052	instance
1047	reverse
1025	HTML
1009	text
997	push
996	debug
995	instance_variable_set
987	Array
984	[]=
977	to_h
973	with_index
941	compact
921	index
919	css
918	has_key?
918	root
883	scan
877	gem
870	run
856	blank?
851	error
845	body=
834	to_s
828	strftime
824	values
820	exist?
801	options
801	present?
795	status
786	message
782	flatten
765	dump
759	update
756	level=
752	gsub!
751	sort_by
744	require_relative
719	fail
718	configure
709	warn
698	escape
695	value
692	on_load
678	success?
673	generate
663	execute
659	map!
658	configuration
651	start_with?
640	sub
634	clone
626	create
622	gets
617	all?
608	env
607	headers
606	clear
602	add
602	mkdir
589	result
576	chdir
567	readlines
561	upcase
558	xpath
551	delete_if
544	map
542	const_defined?
542	id
540	current
535	for_gem
533	all
533	encode
529	===
525	children
515	host
512	search
511	pop
510	to_f
502	query=
497	slice
496	chomp
489	constantize
485	version
480	to_yaml
474	instance_variable_get
467	scheme
466	render
465	pretty_generate
463	type
458	exit
456	get_response
452	verify_mode=
449	add_identifier
448	detect
445	each_line
436	concat
432	XML
431	smoke-error:cruby
426	prepend
425	attributes
422	red
420	unpack
419	each_with_index
418	min
416	load_locales
412	parent
411	match?
408	max
399	connect
396	encode64
395	read_timeout=
382	set
372	green
369	build
368	connection
366	save
355	print
355	round
354	application
354	strict_encode64
353	instance_variables
352	each_key
349	entries
349	put
347	data
347	hash
346	end_with?
341	query
337	foreach
337	to_hash
335	transform_keys
334	content
334	rubric:needs-dep
333	underscore
329	const_set
328	response
326	where
324	object_id
323	colorize
322	cp
321	instance_exec
317	safe_load
316	digest
315	template_root
312	Pathname
312	module_eval
312	open_timeout=
310	transform_values
309	reject!
309	url
306	grep
305	exitstatus
304	define_singleton_method
302	formatter=
298	rm_rf
297	basic_auth
297	dirname
294	select
293	today
292	slice!
290	timeout
288	method
285	register_tag
284	force_encoding
281	yellow
280	uuid
276	hex
276	params
275	replace
273	year
269	port
264	autoload
264	instance_methods
262	constants
259	errors
257	caller
257	decode
257	encode_www_form
256	flush
255	each_char
254	bytesize
254	lines
254	source
254	unlink
253	+@
250	last_match
250	log
249	camelize
249	freeze
249	times
247	try
244	backtrace
243	pack
239	each_value
239	eql?
239	insert
237	ask
236	elements
235	decode64
234	key
234	key=
234	rewind
233	<=>
233	day
232	month
229	zero?
227	ignore
224	init
222	flatten!
222	now
221	capture3
220	each_index
219	popen
217	at
217	tr
216	encrypt
216	logger=
216	parsed_response
215	zip
214	output
213	absolute_path
212	to_html
210	enum_for
210	inspect
210	uniq!
207	inflector
207	sync=
206	capitalize
205	load_path
203	inflect
202	decrypt
201	sort!
198	to_set
197	say
196	process
195	sub!
194	pp
194	set_form_data
194	valid?
193	blue
193	client
193	user
191	ancestors
190	iso8601
190	method_defined?
189	chmod
189	title
186	add_rakefiles
186	base_uri
186	establish_connection
185	exec
185	final
184	file
184	list
184	to_enum
183	find_all
181	methods
181	singleton_class
178	sample
177	hard:TracePoint
176	parse!
176	sort_by!
174	t
174	to_xml
173	each_slice
173	strptime
172	filter_map
172	kill
172	tty?
171	namespace
171	rm
169	with_indifferent_access
167	chars
167	cp_r
166	password
166	to_time
165	bind
165	mv
164	finish
163	fork
162	find_by_name
162	reset
161	bold
161	format
161	realpath
161	sum
161	transaction
159	post_form
159	stat
158	load!
158	readline
158	remove
156	group_by
156	login
155	classify
154	utc
153	convert
152	equal?
152	symbolize_keys
151	add_module
151	instance_method
151	stop
151	unpack1
149	executable?
149	pluralize
148	loaded_specs
148	to_date
147	define
147	to_i
145	content_type
145	except
144	description
144	mkpath
143	basename
142	store
142	values_at
141	arity
141	bytes
141	import
140	command
140	compact!
140	ord
140	register_command
140	touch
139	delete_at
139	mktmpdir
138	columns
138	path=
137	__send__
137	metadata
137	on
137	string
137	strip!
137	throw
137	width
136	attr
136	for
135	rename
135	tmpdir
135	wrap
134	api_key
134	relative_path_from
134	superclass
132	iv=
132	popen3
131	end
131	files
131	singularize
130	reduce
129	attribute
129	helper
129	inject
128	select!
127	default
127	task
125	register_filter
124	desc
124	header
123	pos
122	begin
122	compile
122	subscribe
122	transpose
121	uri
120	hour
120	max_by
120	parameters
120	rows
119	append_path
119	order
119	validate
118	directory?
117	seek
116	use
115	height
115	line
115	ljust
115	presence
115	take
114	abort
114	eager_load
114	invert
114	rindex
114	tags
113	Hpricot
113	before_app_loads
113	captures
112	fields
112	reverse_each
111	abs
111	cache
111	wait
110	banner
110	instance_variable_defined?
110	perform
110	processed_content
110	token
109	arguments
109	deep_merge
109	unescape
108	chr
108	context
108	lookup
107	spawn
106	collect!
106	from
106	partition
105	run!
104	limit
104	positive?
104	with
103	debug?
103	exit!
103	extract_options!
103	find_by
103	reverse!
103	to
102	after_app_loads
102	cookies
102	cyan
102	file?
102	table_name
101	content=
101	content_type=
100	add_field
100	gethostname
99	BigDecimal
99	build-or-run-error
99	drop
99	union
98	escapeHTML
98	to_str
97	delete_prefix
97	each_byte
97	filename
97	location
97	name=
97	rubric:smoke-error
96	descendants
96	pipe
95	head
95	html_safe
95	state
95	wday
94	destroy
94	password=
93	patch
93	sign
93	verbose
92	closed?
92	development?
91	apply
91	binmode
91	load_paths
91	remove_const
91	settings
90	at_css
90	let
89	byteslice
89	fatal
89	push_dir
89	user_agent
89	username
88	absolute?
88	pages
88	pwd
87	color
87	each_object
87	memory
87	object
87	submit
85	verify
84	append
84	attr_accessor
84	click
84	progname=
83	environment
83	label
83	require_rel
82	dependencies
82	mtime
82	random_bytes
82	rm_f
81	copy
81	del
81	getch
81	help
80	helpers
80	items
80	rjust
79	api_key=
79	at_xpath
79	content_tag
79	serialize
78	each_pair
78	gem_dir
78	group
78	klass
78	success
78	test?
77	encoding
77	from_file
77	inner_html
77	invoke
77	members
77	none?
77	page
77	pos=
77	translate
76	downcase!
76	memory=
76	publish
76	registers
76	routes
76	tables
76	tag=
76	truncate
75	getToken
75	httpdate
75	private
75	urlsafe_encode64
74	alias_method
74	caller_locations
74	check
74	date
74	helper_method
74	putBackToken
74	status=
73	app
73	config=
73	default_external=
73	find_files
73	noecho
73	safe_load_file
73	subject
73	writable?
72	db
72	enable
72	member?
72	tag
72	title=
71	evaluate
71	filter
71	fragment
71	from_hash
71	level
71	notify
71	save!
70	decode_www_form
70	detach
70	eof?
70	find_index
70	keep_if
70	lazy
70	require_all
70	template
69	authenticate
69	increment
69	next
69	number
69	site
69	symlink?
69	synchronize
69	text=
69	value=
68	inflate
68	model
68	public_methods
68	show
68	timeout=
68	upto
68	xml_in
67	accept
67	clean
67	commands
67	domain
67	draw
67	mode
67	redis
66	address
66	dir
66	enforce_available_locales=
66	install
66	session
66	set_backtrace
66	source_location
66	version=
66	x
65	args
65	encode_www_form_component
65	getbyte
65	queue
65	receiver
65	resolve
65	rm_r
65	summary
65	table
64	auth
64	before_filter
64	public_key
64	strict_decode64
63	Proxy
63	ca_file=
63	create!
63	deep_symbolize_keys
63	defaults
63	extract
63	magenta
63	min_by
63	normalize
63	production?
63	request_method
63	stringify_keys
63	transform
63	zone
62	b
62	merge_with_default
62	skip
62	table_exists?
62	to_proc
61	Rational
61	days
61	demodulize
61	href
61	http_code
61	messages
61	reopen
61	schema
60	add_child
60	as_json
60	base_url
60	camelcase
60	cleanpath
60	commit
60	exclude_end?
60	load_yaml_configuration
60	on_complete
60	project
60	read_string
59	ArgumentError
59	flock
59	inner_text
59	io
59	symbolize_keys!
58	define_finalizer
58	element
58	uid
57	allocate
57	cast
57	eos?
57	id=
57	log=
57	names
57	quit
57	rand
57	raw
57	reflect_on_all_associations
57	verbose=
56	before
56	chat
56	from_string
56	full_gem_path
56	hostname
56	included_modules
56	validate!
56	xml
55	database
55	deflate
55	paths
55	server
55	test
55	yes?
54	attr_reader
54	default_options
54	disconnect
54	host=
54	in?
54	properties
54	report
54	user=
54	winsize
53	Rainbow
53	export
53	public_instance_methods
53	random_iv
53	refresh
53	rstrip
53	shellescape
53	time
53	username=
52	access_token
52	chop!
52	deliver
52	eager_load!
52	plugin
52	private_method_defined?
52	target
52	transform_keys!
52	white
51	add_offense
51	available?
51	cd
51	delete_suffix
51	email
51	from_xml
51	getc
51	null?
51	objects
51	parser
51	underline
51	watch
50	adapter
50	full_messages
50	html
50	input
50	local
50	node
50	request_uri
50	with_object
50	y
49	add_element
49	diff
49	endpoint
49	fill
49	humanize
49	make_excludes_absolute
49	path_info
49	pluck
49	random_number
49	resize
49	row
49	sec
49	seconds
49	shuffle
49	transform_values!
49	visit
49	win_platform?
49	windows?
48	after_initialize
48	autoload_paths
48	backend=
48	cop_config
48	default=
48	encode!
48	error!
48	extname
48	forms
48	offset
48	read_nonblock
48	shutdown
48	take_while
47	bucket
47	checkout
47	column_names
47	default_internal=
47	exception
47	http_body
47	main
47	reload
47	returning
47	reverse_merge!
47	set_debug_output
47	to_datetime
47	user_agent=
46	callback
46	collection
46	console
46	deserialize
46	headers=
46	primary_key
46	query_values=
46	register_template_handler
46	reset!
46	safe_constantize
46	send_request
46	sync
46	to_query
45	__getobj__
45	chomp!
45	class_attribute
45	column
45	crc32
45	download
45	floor
45	getutc
45	measure
45	output=
45	prepare
45	printf
45	public
45	read_body
45	results
45	type_for
45	upload
45	using
44	action
44	capture2
44	create_table
44	deep_merge!
44	link
44	minutes
44	one?
44	setsockopt
44	started?
44	unescapeHTML
43	collapse
43	data=
43	document
43	downto
43	hours
43	initializer
43	instruct!
43	is_a?
43	move
43	owner
43	parts
43	payload
43	ping
43	pry
43	reload!
43	send_message
43	style
43	subclasses
43	tableize
43	to_ary
43	type=
43	usage
43	waitpid
42	chop
42	ctime
42	example
42	extensions
42	java_import
42	locale
42	parse_file
42	reflect_on_association
41	alias_method_chain
41	assert
41	assert_valid_keys
41	copy_file
41	format=
41	from_json
41	getpwuid
41	peek
41	product
41	remove_method
41	secret
41	titleize
40	after
40	author
40	capture
40	credentials
40	die
40	duration
40	enabled
40	inflections
40	instrument
40	lang
40	locale=
40	macro
40	method_name
40	os
40	prefix
40	require_jar
40	response_code
40	select_all
40	tasks
39	append_extensions
39	contents
39	each_cons
39	each_header
39	enabled=
39	goto
39	identifier
39	links
39	logout
39	msgclass
39	remove_namespaces!
39	types
39	url=
39	url_encode
39	warning
38	close!
38	created_at
38	each_child
38	generated_pool
38	iconv
38	java
38	lex
38	load_config
38	loc
38	new_record?
38	scheme=
38	tokenize
38	update!
38	usec
38	window
37	authorization
37	body_str
37	capture2e
37	configurations
37	configure_server
37	directory
37	get_token
37	ip
37	register_driver
37	repository
37	rubric:load-path
37	scope
37	stdout
37	targets
37	urlsafe_base64
36	ap
36	authorization=
36	base64digest
36	buckets
36	default_adapter
36	docs
36	frozen?
36	http
36	lstrip
36	make
36	negative?
36	parameterize
36	post_install
36	ref
36	second
36	service
36	subject=
35	api
35	auto_spin
35	block
35	describe_instances
35	error_message
35	events
35	expire
35	extension
35	instances
35	intern
35	lineno
35	mime_type
35	of
35	post_match
35	records
35	register_template_path
35	remove_dir
35	rest
35	spec
35	starts_with?
35	static_files
35	trace
34	api_version
34	backend
34	branches
34	choose
34	city
34	clamp
34	class
34	client_id
34	cmd
34	connected?
34	datetime_format=
34	default_params
34	enabled?
34	environments
34	errback
34	hi
34	in_time_zone
34	indent
34	item
34	nan?
34	nodes
34	options=
34	port=
34	posts
34	release
34	source=
34	status_code
34	use_ssl?
34	valid_encoding?
33	actions
33	adapter_name
33	assets
33	configuration=
33	delete_all
33	getaddress
33	hard:Mutex_m
33	includes
33	meta
33	padding=
33	parsed
33	post?
33	regexp
33	require_all_libs_relative_to
33	resource
33	s
33	sh
33	site=
33	specs
33	to_path
33	tr!
33	transliterate
32	__id__
32	add_text
32	auto_paginate=
32	base64
32	branch
32	class_name
32	content_length
32	debug=
32	dependency
32	display
32	divmod
32	eq
32	execution_result
32	expression
32	find_all_by_name
32	get_access_token
32	http_post
32	multi
32	must
32	perform_later
32	readlink
32	recv
32	register_middleware
32	root=
32	stderr
32	token=
32	urlsafe_decode64
32	utime
31	available_locales
31	available_locales=
31	browser
31	buffer
31	ceil
31	channel
31	columns_hash
31	conf
31	each_with_object
31	ends_with?
31	form
31	get_object
31	init_screen
31	light_blue
31	outputters=
31	rpc_stub_class
31	run_request
31	shape
31	singleton_methods
31	syswrite
31	to_blob
31	traverse
31	undef_method
31	which
30	active?
30	adapter=
30	civil
30	class_exec
30	comment
30	configatron
30	copy_stream
30	coverage_path
30	delete!
30	establish_connection!
30	exists
30	expand
30	groups
30	hooks
30	image
30	isatty
30	left
30	model_name
30	not
30	ok?
30	parent=
30	parse_nested_query
30	parse_xml
30	play
30	proxy=
30	reference
30	repo
30	require_gem
30	rpartition
30	setup_default_structure!
30	total
30	tree
29	agree
29	center
29	cert=
29	comments
29	description=
29	doc
29	driver
29	enum
29	field
29	form_with
29	full_name
29	interval
29	last_name
29	local_variable_get
29	mattr_inheritable
29	named_captures
29	out
29	relative_path
29	reverse_merge
29	send_data
29	set_encoding
29	sha
29	task_defined?
29	to_csv
29	unicode_normalize
28	JSON
28	XSLT
28	abort_on_exception=
28	account
28	add_camelization
28	ago
28	attach_to
28	attachments
28	authorize_url
28	cause
28	cert_store=
28	cols
28	compare
28	file_path
28	get_request_token
28	getlogin
28	infinite?
28	inflector=
28	labels
28	msg
28	processed_source
28	proxy
28	quote
28	r
28	read_pointer
28	readpartial
28	real
28	realtime
28	register_engine
28	remote_ip
28	remotes
28	remove_instance_variable
28	require_dependency
28	restore
28	set_attribute
28	set_persistence
28	shell
28	size?
28	squish
28	upcase!
27	Async
27	activate
27	add_attribute
27	add_file
27	add_hook
27	after_save
27	auth_tag=
27	base
27	casecmp
27	clear!
27	col
27	create_file
27	default_options=
27	exchange
27	execute_script
27	generate_cron_output
27	get?
27	getpgid
27	incr
27	kind
27	listen
27	load_path=
27	makedirs
27	opts
27	order!
27	pid
27	private_instance_methods
27	program
27	random
27	results_as_hash=
27	rubric:codegen
27	send_type?
27	services
27	setpos
27	setup!
27	start_service
27	stroke
27	tap
27	text?
27	to=
27	to_pem
27	user_agent_alias=
26	add_namespace
26	analyze
26	class_variable_get
26	close_screen
26	crop
26	current_user
26	dim
26	div
26	each_element
26	first_name
26	get_attribute
26	h
26	handle
26	indexes
26	ip_address
26	joins
26	ln_s
26	loaders
26	mday
26	message=
26	plugins
26	redirect
26	stack
26	stats
26	to_r
26	to_sql
26	tokens
25	__setobj__
25	_call
25	add_default_name_and_id
25	ast
25	attributes=
25	caption=
25	change
25	class_variable_set
25	cleanup
25	collections
25	command_name
25	completion_proc=
25	compress
25	currency
25	deep_dup
25	distance
25	drop_while
25	endpoint=
25	enqueue
25	font
25	getlocal
25	git
25	gmtime
25	http_method
25	json
25	mac?
25	mail
25	namespaces
25	pbkdf2_hmac
25	public_encrypt
25	reactor_running?
25	rules
25	sadd
25	score
25	sqlite
25	stream
25	stringify_keys!
25	to_der
25	url_for
24	Schema
24	add_delivery_method
24	annotate
24	attach_function
24	cattr_accessor
24	changed
24	connection_pool
24	decode_www_form_component
24	depth
24	disable
24	discover
24	enable_reloading
24	finalize
24	fixed_length_secure_compare
24	fullpath
24	insert_after
24	matches
24	models
24	next_tick
24	pretty_inspect
24	put_object
24	read_yaml
24	reason
24	record
24	rectangle
24	response_headers
24	rfc3339
24	right
24	servers
24	states
24	system
24	tag!
24	top
24	unsubscribe
23	attach
23	banner=
23	base_url=
23	default_proc=
23	definition
23	dest
23	directories
23	display_name
23	each_ancestor
23	examples
23	exec_params
23	field_with
23	find_by_id
23	find_element
23	fnmatch?
23	generate_key
23	hget
23	language
23	loader
23	malloc
23	middleware
23	minute
23	queues
23	reflections
23	request_get
23	satisfied_by?
23	set_default_paths
23	silence_warnings
23	site_payload
23	to_doc
23	to_prepare
23	type_alias
23	version_1_2
23	waitpid2
23	words
22	addstr
22	app_name
22	async
22	attribute_names
22	auth_code
22	auth_data=
22	bright
22	call!
22	colors
22	create_channel
22	formats
22	from=
22	from_now
22	hset
22	is_empty?
22	mean
22	namespace=
22	new2
22	option
22	parse_line
22	pull
22	redis=
22	region
22	repos
22	run_load_hooks
22	running?
22	sanitize
22	scale
22	script
22	sections
22	signature
22	sources
22	stories
22	sysread
22	until
22	users
22	walk
21	active
21	alive?
21	arel_table
21	ascii_only?
21	auth_tag
21	body_stream=
21	components
21	configure_client
21	cookie_jar
21	cover?
21	cycle
21	default_driver=
21	defaults!
21	define_task
21	delegate
21	describe
21	enable_activerecord
21	error?
21	event
21	exclude
21	failure_reason
21	fetch_access_token!
21	file_name
21	find_definitions
21	foreign_key
21	get_fields
21	human_attribute_name
21	initialize_http_header
21	instance_of?
21	layout
21	linux?
21	log_error
21	miscompile
21	multi_select
21	next_month
21	nil?
21	nonzero?
21	orm
21	pid_file
21	popen2e
21	public_key=
21	redirect_to
21	register_alias
21	relative?
21	rmdir
21	role
21	rubric:miscompile
21	run_callbacks
21	run_command
21	runner_name=
21	scan_until
21	signal_connect
21	socket
21	sub_ext
21	sunday?
21	symbolize_names
21	target!
21	to_int
21	to_ruby
21	topic
21	trigger
21	unsafe
21	wait2
20	add_cert
20	advance
20	amount
20	ascend
20	assoc
20	base_uri_executor
20	build_configurations
20	cancel
20	child_nodes
20	client_configuration
20	covered_percent
20	current_page
20	default_locale
20	encoding=
20	entry
20	execute!
20	find_converter_instance
20	flash
20	formatter
20	fragment=
20	frame
20	generator
20	global_errors
20	halt
20	html_escape
20	in
20	integer?
20	ipv4?
20	layouts
20	lists
20	load_stream
20	local_variable_set
20	localtime
20	lock
20	lpush
20	multipart?
20	node_type
20	outputs
20	pipelined
20	points
20	quote_table_name
20	raise
20	raw_connection
20	readable?
20	reason_phrase
20	resources
20	retrieve
20	row_size
20	saturday?
20	separator
20	set_cookie
20	smembers
20	start_line
20	sync_close=
20	text_value
20	unscoped
20	updated_at
20	versions
19	a
19	add_timer
19	autoload_once_paths
19	beginning_of_day
19	button
19	calculate
19	changes
19	child
19	chunk
19	client=
19	combine_options
19	commits
19	coordinates
19	copy_entry
19	country
19	cron
19	curs_set
19	details
19	discovered_api
19	dot
19	end_of_month
19	escape_html
19	exclude?
19	expired?
19	failure?
19	ffi_lib
19	find_name
19	fnmatch
19	get_page
19	handler
19	http_callback
19	ip_address_list
19	link_with
19	load_once_paths
19	mappings
19	mask
19	n
19	nkf
19	original_filename
19	output_ext
19	parse_query
19	popen4
19	private_decrypt
19	provider
19	quote_column_name
19	random_create
19	read_csv
19	registry
19	remove_file
19	request_headers
19	rfc2822
19	segments
19	send_keys
19	set_http_client
19	sexp
19	shelljoin
19	source_range
19	state=
19	symlink
19	update_all
19	update_attributes
19	verify_callback=
19	write_timeout=
18	World
18	access_token=
18	add_observer
18	agent
18	aliases
18	api_token
18	api_url
18	array
18	auth_token
18	before_validation
18	between
18	bounding_box
18	builder
18	certificate
18	chown
18	class_inheritable_accessor
18	client_credentials
18	content_length=
18	cursor
18	cweek
18	dasherize
18	default_locale=
18	default_timezone=
18	destination
18	destroy_all
18	each_codepoint
18	each_descendant
18	emit
18	empty_directory
18	environment=
18	etag
18	exception_type
18	exec_query
18	failure
18	feed
18	filename=
18	form_data=
18	ftype
18	g
18	getaddrinfo
18	has_attribute?
18	load_all
18	manage
18	marshal_dump
18	matches?
18	metadata=
18	migrate
18	navigate
18	not_empty?
18	notice
18	or
18	parser=
18	position
18	private_key
18	prompt
18	pull_requests
18	query_string
18	quiet
18	quiet=
18	range
18	register!
18	remove_entry_secure
18	reporter
18	rescue_from
18	rmtree
18	source_index
18	sql
18	src
18	start_color
18	string=
18	struct
18	style=
18	tagged
18	tcp
18	to_hex
18	unsafe_load
18	up
18	url_helpers
18	utc_offset
18	yday
17	Hash
17	add?
17	add_nodes
17	answer
17	bare
17	before_action
17	binread
17	ca_file
17	cache=
17	cards
17	categories
17	context=
17	deep_stringify_keys
17	default_configuration
17	delete_prefix!
17	destroy!
17	dry_run
17	element?
17	enable_actionpack
17	enable_starttls
17	error_string
17	exec!
17	factory
17	filters
17	find_elements
17	finite?
17	flat_map
17	flatten_params
17	free
17	get_content
17	get_value
17	global
17	hash_type?
17	http_get
17	in_source_dir
17	init_pair
17	insert_before
17	ipv6?
17	keywords
17	load_extensions
17	make_request
17	null
17	oid
17	parse_html
17	passive=
17	persisted?
17	pkcs5_keyivgen
17	platform
17	pool
17	projects
17	protocol
17	refresh!
17	refresh_token
17	reservations
17	reshape
17	ruby
17	save_screenshot
17	session=
17	sheets
17	sqrt
17	squeeze
17	switch
17	to_css
17	to_string
17	ui
17	unparse
17	worksheets
17	zeros
16	System
16	activate!
16	add_argument
16	add_next_sibling
16	add_row
16	after_filter
16	asciify
16	begin_type?
16	beginning_of_month
16	blocks
16	boot
16	chain
16	composite
16	const_name
16	covered_lines
16	create_schema
16	current=
16	curry
16	decoded
16	decorate
16	denominator
16	distinct
16	done
16	e
16	each_child_node
16	each_recursive
16	element_children
16	every
16	fill_color
16	from_blob
16	fsync
16	get_key
16	getpwnam
16	has_value?
16	initialize!
16	inside
16	ioctl
16	issuer
16	last_line
16	light_green
16	load_tasks
16	longitude
16	matched
16	method?
16	mount_proc
16	network
16	next_sibling
16	node_cache
16	none
16	open_timeout
16	org
16	pairs
16	parse_options
16	parse_signature
16	parse_string
16	popen2
16	pre_match
16	print_table
16	putc
16	read_timeout
16	receive_message
16	reject
16	remove_attribute
16	secret_key
16	secure_compare
16	set_form
16	slug
16	ssl_version=
16	swap
16	symbol
16	terminal_parse_failure
16	terminate
16	translations
16	warnings
16	write_nonblock
16	xmlschema
15	account=
15	alloc
15	and
15	application=
15	arg
15	assign_attributes
15	authorize
15	black
15	class_variable_defined?
15	click_button
15	client_secret
15	close_write
15	coerce
15	complete
15	completion_append_character=
15	config_file
15	conv
15	country_code
15	crawl
15	create_rpc_driver
15	current_driver=
15	cwday
15	date=
15	delay
15	dimensions
15	email=
15	engine
15	err
15	euid
15	evalsha
15	file=
15	finished?
15	framework
15	full_path
15	gecos
15	generate_line
15	get_header
15	get_json
15	get_text
15	glob_require
15	has_terminal?
15	highlight
15	identical?
15	install!
15	instantiate_node
15	last_insert_row_id
15	latitude
15	leap?
15	light_yellow
15	llen
15	log_info
15	log_level=
15	logs
15	lstat
15	native_types
15	not_after
15	not_before
15	numerator
15	ok
15	on_red
15	operation
15	operator
15	package_path
15	pattern
15	pick
15	pointsize=
15	prev_day
15	ready?
15	realdirpath
15	register_uri
15	render_file
15	reply
15	rotate
15	rubric:needs-stdlib
15	select_value
15	selector
15	shellsplit
15	shuffle!
15	ssl_config
15	start!
15	summary=
15	sym_type?
15	termsig
15	timed_out?
15	timing
15	to_bn
15	to_dict
15	to_sentence
15	track_eof=
15	try_convert
15	tv_sec
15	updated
15	user_id
15	utc?
15	view_paths
15	week
15	width=
15	yamler=
15	yield
14	absolute_path?
14	add_previous_sibling
14	add_serialized_file
14	add_tag
14	addr
14	api_secret=
14	append_inclusions
14	attribute_nodes
14	attron
14	authenticated?
14	backtrace_cleaner
14	base_path
14	beginning_of_week
14	bindir
14	bootstrap
14	bsearch_index
14	build_query
14	c
14	cells
14	class_variables
14	clean_registry
14	code=
14	combination
14	compare_by_identity
14	conditions
14	confirm
14	connection=
14	const_source_location
14	const_type?
14	cos
14	coverage
14	create_element
14	current_branch
14	deep_merge_hashes
14	default_external
14	default_port
14	delete_object
14	delimiter
14	device
14	devices
14	digest_length
14	empty
14	error_code
14	fill=
14	find_each
14	find_executable
14	force=
14	formatters
14	from_dict
14	full_description
14	gid
14	gravity=
14	grep_v
14	hgetall
14	hidden_field_tag
14	history
14	home
14	http_proxy
14	in_groups_of
14	intersect?
14	keyword
14	l
14	light_red
14	lookup_store
14	lrange
14	make_regexp
14	menu
14	notify_observers
14	on_error
14	paragraphs
14	parent_name
14	parse_response
14	precache_all
14	pretty
14	project_id
14	public_method_defined?
14	random_key
14	read_file
14	read_new
14	receive
14	referrer
14	resize_to
14	resolve!
14	response_for
14	response_header
14	roles
14	run_time
14	seed
14	show_all
14	signal
14	sites
14	size=
14	stacks
14	start_server
14	storage
14	story
14	str_type?
14	styles
14	tags=
14	text_field_tag
14	text_part
14	to_app
14	to_bytes
14	to_file
14	to_param
14	total_lines
14	tracer
14	umask
14	userinfo
14	variables
14	wait_readable
14	wait_until
13	Complex
13	GET
13	adapters
13	add_filter
13	add_node
13	app_host=
13	author=
13	baseurl
13	block_type?
13	boolean
13	category
13	changed?
13	configured?
13	create_command
13	datetime
13	debug_output
13	deep_freeze
13	default_strategy
13	default_timeout
13	default_url_options
13	define_callbacks
13	define_tag
13	definitions
13	delivery_method
13	destination_root
13	detail
13	dlopen
13	do_not_eager_load
13	end_of_day
13	end_pos
13	enummodule
13	env=
13	ext
13	features
13	field_error_proc=
13	fields_for
13	first_argument
13	formatted_usage
13	get_elements
13	get_input_stream
13	get_string
13	grid
13	guess
13	identify
13	images
13	index_by
13	init!
13	inner_html=
13	italic
13	k
13	keypad
13	language=
13	languages
13	lat
13	links_with
13	load_translations_path
13	loaded?
13	local_variables
13	location=
13	loop
13	mailer
13	major
13	make_creds
13	manifest
13	me
13	minor
13	mount
13	new_offset
13	on_blue
13	open_channel
13	parents
13	passed?
13	polygon
13	pre
13	pre_install
13	priority
13	private?
13	private_class_method
13	quantize
13	read_bytes
13	readbyte
13	rect
13	refresh_token=
13	register_javascript_expansion
13	registered_uri?
13	requirements
13	requires
13	resume
13	rpush
13	rubric:unsupported
13	run_server=
13	save_as
13	scope=
13	scopes
13	scrub!
13	select_values
13	send_node
13	serial
13	set_default
13	set_property
13	shorten
13	sin
13	smtp_settings=
13	snake_case
13	ssh
13	start_time
13	step
13	steps
13	succeed
13	table_name=
13	text_field
13	timestamp
13	to_d
13	to_url
13	ttl
13	units
13	user_class
13	verify_depth=
13	weeks
13	with_tag
13	world
13	zone=
12	+
12	POST
12	__callee__
12	action_name
12	add_appenders
12	add_extension
12	add_index
12	add_namespace_definition
12	add_worksheet
12	alias_command
12	alphanumeric
12	base_class
12	base_dir
12	before_save
12	blink
12	body_stream
12	bounds
12	browse
12	charset
12	chat_postMessage
12	children=
12	client_id=
12	codepoints
12	column_size
12	connect!
12	connect_timeout=
12	create_pull_request
12	d
12	db=
12	delete_suffix!
12	do_not_reverse_lookup=
12	each_row
12	edge
12	edit
12	editor
12	enhance
12	eof
12	execute2
12	execute_batch
12	expect
12	fail!
12	failed_examples
12	feature
12	filter_parameters
12	find_or_initialize_by
12	first_line
12	flags
12	font=
12	free=
12	from_html
12	gauge
12	gems
12	get_all
12	get_first_row
12	get_first_value
12	goes
12	height=
12	histogram
12	html_part
12	http_client
12	indices
12	inputs
12	installed?
12	issues
12	ls
12	modified
12	module_function
12	module_parent_name
12	new_builder
12	next_year
12	node_name
12	noko
12	normalize!
12	num
12	objects_to_ids
12	old_initialize
12	on_tail
12	open_uri
12	optional
12	package
12	pass
12	permalink
12	persistent
12	poll
12	prepend_before_filter
12	private_methods
12	profile
12	proxy_user
12	ps
12	public_path
12	reading_body
12	receive_timeout=
12	recvfrom
12	regular_writer
12	remove_entry
12	repositories
12	request_id
12	root?
12	root_dir
12	root_path
12	route
12	sandbox=
12	segment
12	set?
12	set_content_type
12	set_proxy
12	set_trace_func
12	set_value
12	short
12	skipped?
12	source_buffer
12	source_root
12	spreadsheet_by_key
12	statements
12	stdscr
12	subdomain
12	subset?
12	suffix
12	term
12	to_msgpack
12	to_plist
12	to_ptr
12	to_xhtml
12	track
12	type_member
12	unindent
12	value?
12	verb
12	weight
12	wiredump_dev=
12	with_connection
12	write?
12	xhr?
12	years
12	zadd
11	Sync
11	Then
11	accounts
11	active_record
11	add_attributes
11	add_option
11	add_silencer
11	anchor
11	api_secret
11	api_url=
11	as
11	assert_equal
11	assign
11	associations
11	attrs
11	available_platforms
11	average
11	begin_pos
11	build_url
11	callbacks
11	card
11	cbreak
11	checksum
11	chunked?
11	classes
11	close_connection
11	composite!
11	config_path
11	constrained
11	controller_name
11	countries
11	country_select
11	cpu
11	create_bucket
11	create_issue
11	current_node_is?
11	deep_symbolize_keys!
11	deep_transform_keys
11	deliver_all_finished_stories
11	dh_compute_key
11	dir=
11	dir_for
11	dispatch
11	do
11	doc_extract_attributes
11	each_filename
11	each_node
11	educate
11	enable!
11	end_line
11	end_of_week
11	eval_input
11	expires_in
11	failed
11	failed?
11	fill_in
11	filter!
11	find_asset
11	find_by_sql
11	find_entry
11	first!
11	first_or_initialize
11	for_fd
11	frames
11	gem_version
11	generate_helpers!
11	geocode
11	get_file
11	get_item
11	getresource
11	getwd
11	grouped?
11	headerhandler
11	hide
11	homepage
11	horizontal?
11	html_extract_attributes
11	hton
11	http_request
11	i
11	ids
11	image?
11	in_dest_dir
11	intersection
11	iteration_length
11	javascript_driver=
11	jd
11	job
11	jobs
11	key_len
11	last_row
11	line_number
11	load_yaml
11	local?
11	local_to_utc
11	locale_backend=
11	markdown
11	metrics
11	mode=
11	months
11	move_down
11	msg2str
11	new_from_file
11	new_story
11	next=
11	next_day
11	next_element
11	not_found
11	of_caller
11	omniauth_configs
11	on_event
11	optimize
11	page_count
11	perform_async
11	point_scale
11	post_uninstall
11	postal_code
11	pretty_print
11	print_wrapped
11	query_values
11	read_int
11	references
11	register_factory
11	remote
11	reorder
11	required
11	resize!
11	restart
11	row_count
11	rule
11	run_status
11	runner
11	runtime_dependencies
11	sandbox
11	say_status
11	schedule
11	screenshot
11	searcher
11	secret_key_base
11	sender
11	serial=
11	set_auth
11	span
11	star
11	start_new_page
11	stdout=
11	stem
11	strategy_name
11	tabs
11	tell
11	terminal
11	test_mode
11	time=
11	timeouts
11	timezone
11	unescaped
11	upload!
11	upload_file
11	util
11	val
11	validators
11	variant
11	views
11	wait_for_termination
11	warden_config
11	week_start_day
11	word
11	write_to_file
11	x=
11	zero
10	Before
10	Exception
10	Given
10	NotImplementedError
10	Success
10	_
10	add_edge
10	add_edges
10	add_issue_tracker
10	add_operation
10	add_plugin
10	after_destroy
10	agents
10	align_column
10	alpha
10	andand
10	api=
10	apply!
10	attribute_types
10	auth=
10	before_create
10	box
10	bundled_path
10	cc
10	cell
10	cert_store
10	channels
10	chardev?
10	choices
10	city=
10	class_options_help
10	client_secret=
10	collect_namespaces
10	column_count
10	comment?
10	compact=
10	complete?
10	configurations=
10	constrain
10	constructor
10	containers
10	correct
10	country=
10	created_at=
10	current_url
10	database=
10	debugging=
10	debugging?
10	decrement
10	default_adapter=
10	default_command
10	default_format=
10	default_scope=
10	delete?
10	deleted
10	describe_stacks
10	dev
10	dictionary
10	disable!
10	disconnect!
10	disconnected?
10	dprintf
10	echo
10	elapsed_time
10	endwin
10	entities
10	exp
10	expected=
10	extra
10	factories
10	failure_app=
10	fcntl
10	fg
10	find_one
10	float
10	foreground
10	format_datetime
10	fragments
10	from_hex
10	geometry
10	get_credentials
10	get_node
10	get_pixels
10	groups_getInfo
10	handle_api_error
10	handle_restclient_error
10	has_elements?
10	hostname=
10	image_styles
10	initialized?
10	instance=
10	intercept_401=
10	iso_code
10	labels=
10	launch
10	lib
10	light_cyan
10	light_white
10	load_feed
10	load_runtime_jars!
10	load_schema
10	local_name
10	locales
10	locate
10	log_in
10	log_level
10	master
10	max_retries
10	media_type
10	method=
10	mget
10	modules
10	mon
10	monday?
10	move_to
10	mul
10	namespace_uri
10	need
10	next_node_is?
10	not_after=
10	not_before=
10	nprocessors
10	on_yellow
10	ordinal
10	p
10	package_names=
10	param
10	params=
10	parse_date
10	pending?
10	people_getInfo
10	permit
10	photos_getInfo
10	photos_getSizes
10	photosets_getInfo
10	pixels
10	pointer
10	predict
10	price
10	processes
10	project_name
10	property
10	protected_method_defined?
10	published
10	put_bytes
10	read_attribute
10	read_json
10	read_outer_xml
10	referer
10	remove!
10	remove_helpers!
10	requireds
10	respond_to_missing?
10	response=
10	response_body
10	return_code
10	rgb
10	router_name
10	rstrip!
10	runtime
10	safe_join
10	schemas
10	sentences
10	seq
10	set_body_internal
10	set_color
10	set_key
10	setsid
10	setting
10	sha1
10	skip_until
10	srem
10	ssl
10	stage
10	stderr=
10	str
10	strategy
10	strict=
10	subtract
10	successful?
10	suite
10	symbols
10	tainted?
10	target=
10	templates
10	to_hsl
10	to_source
10	toutf8
10	tracer_provider
10	tracks
10	true?
10	unix?
10	untaint
10	urls_getGroup
10	user_home
10	user_timeline
10	validate_url
10	view
10	vm
10	w
10	worksheet
10	write_array_of_pointer
10	xml_lang
10	y=
10	zcard
10	zrem
9	AutoInject
9	Failure
9	Nokogiri
9	action=
9	active=
9	add_comment
9	add_headers
9	add_remote
9	added
9	allowed?
9	api_client
9	api_endpoint
9	app_id=
9	append_view_path
9	apply_to
9	array_type?
9	attr_writer
9	authorized?
9	authors
9	auto_migrate!
9	background
9	backtrace_locations
9	batch
9	begin_transport
9	bind_call
9	bits
9	block_size
9	build_settings
9	button_down?
9	ca_path=
9	cache_classes
9	capabilities
9	check!
9	circle
9	client_options
9	color=
9	column_vector
9	command=
9	completions
9	compose!
9	compute
9	condition
9	configure!
9	connect_nonblock
9	connection_config
9	container
9	continue
9	create_makefile
9	create_table?
9	create_worksheet
9	cron_log
9	daemon
9	database_configuration
9	default_internal
9	defined_enums
9	deliver!
9	delivery_method=
9	describe_volumes
9	dns
9	docstring
9	documents
9	domain=
9	domains
9	dumper
9	echo=
9	edges
9	edit_path
9	emails
9	end_transport
9	error_handler
9	executable
9	exited?
9	expires_at
9	failure_column
9	failure_line
9	fetch_and_parse
9	fetcher
9	files=
9	find_by!
9	find_first
9	first_name=
9	flag?
9	force?
9	form_encode
9	from_array
9	generators
9	get_bytes
9	get_config
9	get_output_stream
9	getifaddrs
9	getset
9	global_options
9	handler=
9	handlers
9	hdel
9	hosts
9	html_url
9	identity
9	implicit_wait=
9	init_config
9	init_i18n
9	initscr
9	inner_type
9	instructions
9	invalid?
9	inverse
9	issue
9	issuer=
9	javascripts
9	keep_alive_timeout=
9	keypress
9	lambda?
9	latest
9	letterify
9	liquid_renderer
9	ln_sf
9	load_parent_library
9	load_plugins
9	load_translations
9	localize
9	logging
9	login_with_oauth
9	long
9	long_description
9	lookup_by_extension
9	lrem
9	mailto
9	mark
9	mb_chars
9	md5
9	merchant_id
9	message_id
9	minmax
9	missing
9	mock!
9	modified?
9	module_name
9	module_parents
9	named_scope
9	new_seed
9	new_shell_script_build_phase
9	norm
9	nsec
9	on_white
9	only
9	open?
9	open_buffer
9	operations
9	origin
9	output_directory
9	pack_start
9	paginate
9	parse_json
9	parse_stream
9	pass=
9	pause
9	pixel_color
9	prefix=
9	previous_sibling
9	private_key=
9	products
9	protected
9	protected_instance_methods
9	proxy_basic_auth
9	pubDate
9	queue_name
9	rate_limit
9	read_inheritable_attribute
9	read_inner_xml
9	register_type
9	regular_reader
9	relative_url
9	render!
9	request_post
9	require_tree
9	required?
9	reset_hard
9	responses
9	retries
9	retry_after
9	rounding_mode=
9	run_hook
9	scard
9	schema_validate
9	script_name
9	secret=
9	section
9	security_groups
9	send_email
9	sentence
9	session_id
9	set_defaults
9	setex
9	setnx
9	setup_gem_load_path
9	sexp_type
9	shell_script=
9	shellwords
9	sign!
9	silence
9	slugify
9	snakecase
9	snippets
9	socket?
9	ssl_timeout=
9	start_column
9	statuses
9	store=
9	stroke_width
9	stylesheets
9	succ
9	supply_default_content_type
9	text_area_tag
9	text_box
9	textcleanup
9	thor_classes_in
9	thread_variable_set
9	time_zone
9	toString
9	to_dot
9	to_octet_string
9	to_unsafe_h
9	u
9	uncolorize
9	uninstall
9	unknown
9	uri=
9	valid
9	verify!
9	vertices
9	volume
9	volumes
9	wait_for
9	waitall
9	windows
9	with_lock
9	with_options
9	within
9	write_header
9	xml_out
9	xslt=
8	Error
8	HTML5
8	Sequence
8	abstract_class?
8	access_key
8	access_key_id
8	add!
8	add_entry
8	add_feed
8	add_generators
8	add_handler
8	add_help_option
8	add_rpc_operation
8	address=
8	algorithm
8	all_commands
8	all_files
8	api_base
8	api_version=
8	arch
8	arel
8	artist
8	auto_shift_type=
8	aws_partition
8	before_destroy
8	before_failure
8	behavior
8	bg
8	bm
8	bol?
8	boolean_equals?
8	branch_coverage?
8	broadcast
8	by_magic
8	cache_buster
8	cache_dir
8	cache_store
8	cities
8	clear_screen
8	compare_file
8	connection_db_config
8	constraints
8	controller
8	cookie
8	covered_branches
8	create_job
8	create_key
8	crop!
8	current_span
8	current_version
8	data_source_exists?
8	debug_mode
8	debugger
8	decompress
8	decr
8	deep_clone
8	default_max_wait_time=
8	define!
8	deliver_now
8	do_parse
8	down
8	eager_load_paths
8	encode_uri_component
8	endpoint_provider
8	endpoints
8	engines
8	ensure
8	epoll
8	erb
8	examine
8	example_group
8	execute_command
8	export_pixels
8	failure_count
8	fetch_values
8	fields=
8	file_field_tag
8	fileno
8	filtered_parameters
8	find_by_email
8	find_by_key
8	find_or_create
8	find_or_create_by
8	flickr
8	flip
8	flushdb
8	follow_location=
8	follow_meta_refresh=
8	for_name
8	fragments_attributes=
8	from_config
8	from_response
8	from_superclass
8	from_yaml
8	fully_validate
8	future
8	game_over?
8	get_type_metrics
8	getname
8	go
8	graph
8	guid
8	header_str
8	href=
8	html_safe?
8	https_default_port
8	i18n
8	init_db
8	inner_product
8	ino
8	input=
8	instance_id
8	instance_values
8	integer
8	introspect
8	is
8	keyword_rest
8	label=
8	last_column
8	last_name=
8	letters
8	light_black
8	lines=
8	listeners
8	literal_mapping_registry=
8	load_configuration
8	load_module
8	log_subscribers
8	logf
8	logger_for
8	main_group
8	mainloop
8	mapping_registry=
8	maximum
8	maxy
8	minimum
8	module_exec
8	mouse_x
8	mouse_y
8	next_page
8	num_rows
8	number_field_tag
8	off
8	operands
8	operation_name
8	opt_parse
8	optionals
8	order_by
8	output_format
8	packages
8	pad
8	page=
8	paragraph
8	parse_arguments
8	pending
8	per
8	phone
8	pipe?
8	platforms
8	podfile
8	postal_code=
8	pre_uninstall
8	preload
8	prepend_view_path
8	prev_month
8	process!
8	processed
8	processor=
8	processor_count
8	public_ip_address
8	public_url
8	push_path
8	push_tail
8	rails_blob_path
8	rails_representation_path
8	raise_error
8	raw!
8	reader
8	recursive
8	reflect_on_all_validations
8	regional_endpoint
8	register_plugin
8	register_transformer
8	registered_template_handler
8	reload_routes!
8	render_to_string
8	renderer
8	repeat
8	repeated_permutation
8	request_headers=
8	require_paths
8	resolve_auth_scheme
8	resource_name
8	respond
8	retriable
8	rgba
8	running
8	sanitize_sql_array
8	sanity_check!
8	section_break
8	selection
8	self
8	sequence
8	serializer
8	serializers
8	set_callback
8	set_config
8	set_header
8	set_title
8	setbyte
8	settings=
8	severity
8	shared_secret=
8	shift_argument
8	signaled?
8	silence_stream
8	since
8	singular
8	solve
8	speak
8	sql_type
8	start_new
8	start_offset
8	stime
8	strip_heredoc
8	stub_request
8	subdomains
8	success!
8	tag_name
8	terminal_size
8	test_connection
8	theme
8	thursday?
8	to_ascii
8	to_java
8	to_uri
8	tomorrow
8	total_branches
8	tracker
8	train
8	transactions
8	typecode
8	uid=
8	unlock
8	update_attribute
8	update_column
8	urls
8	use_dualstack_endpoint
8	use_fips_endpoint
8	use_ssl
8	utc_to_local
8	valid_date?
8	visible=
8	welcome
8	winner
8	with_clean_env
8	with_context
8	with_unbundled_env
8	workspace
8	write_attribute
8	write_text
8	yesterday
8	z
8	zrangebyscore
8	zscore
7	Date
7	File
7	When
7	_id
7	add_auth
7	add_before_execution_proc
7	add_class
7	add_configuration_file
7	add_framework
7	add_periodic_timer
7	after_action
7	after_authentication
7	after_create
7	after_fork
7	album
7	align
7	api_base_url
7	api_token=
7	app_file
7	app_id
7	app_key
7	appid
7	application_name=
7	applications
7	args=
7	asin
7	asset_path
7	at_exit
7	backup
7	balance
7	base=
7	bcc
7	benchmark
7	binary_search
7	binwrite
7	block_given?
7	board
7	body_permitted?
7	bottom
7	bsearch
7	build!
7	build_nested_query
7	build_phases
7	build_request
7	builder=
7	ca_path
7	cache_store=
7	calculate_pages
7	camel_case
7	canonicalize
7	capture_exception
7	casecmp?
7	cat
7	certificates
7	checks
7	chrome
7	chunk_while
7	clear_active_connections!
7	clear_paths
7	client_encoding=
7	close_connection_after_writing
7	cluster
7	cmd=
7	code_type
7	collection_name
7	colourspace
7	compatible
7	compatible=
7	compile!
7	compile_file
7	configs
7	connection_handler
7	connections
7	constant
7	constant_path
7	contains?
7	content_language
7	content_language=
7	content_location
7	content_validate
7	contexts
7	continue_timeout=
7	convert!
7	cooked!
7	cookie_value
7	cop_name
7	create_authorization
7	create_security_group
7	ctype
7	current_environment
7	current_session
7	current_state
7	curve_name
7	custom_logger
7	cwd=
7	database_name
7	dataset
7	date_time
7	debug!
7	decrypt_and_verify
7	def_type?
7	default_config
7	default_dir
7	default_gemfile
7	default_path
7	default_proc
7	default_sheet=
7	define_tasks
7	delay=
7	descend
7	describe_load_balancers
7	dimension
7	direction
7	dns_name
7	docopt
7	doctype
7	draw_rot
7	draw_text
7	duplicable?
7	duration=
7	each_page
7	each_pixel
7	each_selector
7	engine=
7	ensure_pdfs
7	entity
7	error=
7	error_type
7	etag=
7	exc
7	except!
7	exception_handler=
7	exit_code
7	exit_status
7	expires_in=
7	fast_generate
7	feeddata
7	ffi_lib_flags
7	file_exists?
7	find_by_username
7	find_or_create_by!
7	fire
7	first_row
7	fix
7	flags=
7	follow
7	font_size
7	force
7	format_duration
7	framework=
7	from_api
7	full_message
7	functions
7	future=
7	getCharacterEncoding
7	getInstance
7	getList
7	get_application_default
7	get_character
7	get_user
7	global_config_get
7	global_config_list
7	global_config_set
7	handle_no_command_error
7	has_association?
7	has_many
7	has_text?
7	head=
7	hincrby
7	html?
7	http_default_port
7	indentation
7	install_agent
7	int
7	interval=
7	ip=
7	iq
7	is_valid?
7	it
7	iterate
7	job_id
7	l10n
7	ldexp
7	list_issues
7	list_objects
7	literal
7	local_path
7	logfile
7	lon
7	lvar_type?
7	make_shareable
7	media
7	memoize
7	mod
7	model=
7	modify
7	multipart_form_post=
7	namespacesInUse
7	native
7	negate
7	newline
7	nilable
7	nl
7	nonce
7	notes
7	on_black
7	on_green
7	open_transactions
7	opt
7	outputters
7	overwrite
7	page_source
7	pagination_class=
7	path_prefix
7	pathname
7	peer_cert
7	pending_examples
7	pending_message
7	people
7	per_page=
7	period
7	permissions
7	permutation
7	phone_number
7	ping?
7	plaintext
7	plural
7	policy
7	polymorphic?
7	pop_tail
7	pre_connect_hooks
7	present
7	previous
7	proc
7	processors
7	production_url
7	program_name
7	properties=
7	props
7	provided?
7	provider=
7	providers
7	ptr
7	public_decrypt
7	pull_request
7	purple
7	put_pointer
7	query_parameters
7	question
7	quo
7	rails?
7	range_between
7	rank
7	rate
7	rationalize
7	read_text
7	readchar
7	ready
7	recognize_path
7	record_task_metadata=
7	redirect_ok=
7	register_all
7	register_class
7	register_interceptor
7	register_mime_type
7	register_static_path
7	relation
7	reloader
7	rels
7	remote_path
7	repos_dir
7	repository?
7	req
7	request_data
7	requests
7	require_framework
7	res
7	resize_to_fill
7	retry
7	return
7	return_type
7	returns
7	reverse_hash
7	revision
7	roll
7	rows=
7	rubric:build-error
7	ruby_version
7	run?
7	run_list
7	salt=
7	save_config
7	sax_parse
7	scrape
7	screen_size
7	scrub
7	secret_access_key
7	secret_key=
7	send_timeout=
7	sendmsg
7	serve
7	server=
7	service_name
7	setProperty
7	set_content_disposition
7	set_cookie_header!
7	set_logger
7	set_type
7	setup_and_run
7	sev_threshold=
7	sheet
7	short_url
7	silenced?
7	singleton
7	sleep
7	snapshot
7	source_files
7	square
7	start_date
7	statement
7	stddev
7	stripDoctype
7	stroke_color
7	switch_to
7	table_info
7	tail
7	tally
7	tempfile
7	test_url
7	text_width
7	thread
7	toUTF8
7	to_array
7	to_b
7	to_inline_css
7	to_java_bytes
7	to_latex
7	to_params
7	to_sexp
7	total=
7	transfer
7	tv_usec
7	type_for_attribute
7	type_map_for_results=
7	type_translation=
7	unique_words
7	unregister
7	update_one
7	update_stack
7	updated_at=
7	upload_dir
7	url_prefix
7	utc_total_offset
7	validate_options
7	var
7	variable
7	verbose?
7	verify_ssl
7	view_context
7	webhook_url
7	website
7	with_password
7	workbook
7	write_buffer
7	write_bytes
7	write_string
7	zrange
7	zrevrange
6	After
6	Issue
6	Open
6	Params
6	Quit
6	RuntimeError
6	Season
6	_id2ref
6	account_id
6	account_number
6	acos
6	action_mailer
6	add_action
6	add_appender
6	add_block!
6	add_label
6	add_locale
6	add_rakelib
6	added_files
6	addresses
6	ai
6	alert
6	allow
6	allowed_attributes
6	amount=
6	api_host
6	app=
6	area
6	ascii_tree
6	asctime
6	assemble
6	assert_kind_of
6	attr?
6	attr_accessible
6	attroff
6	auth_managers
6	auth_test
6	authenticate!
6	authorizations
6	authorize_security_group_ingress
6	autoloaders
6	background_color=
6	backtrace_filters
6	bands
6	bank
6	base_dir=
6	base_name
6	base_uri=
6	before_update
6	beginning_of_year
6	belongs_to?
6	bin_path
6	bin_to_hex
6	blit
6	blob
6	bound
6	bridge
6	bright_blue
6	bulk
6	bump
6	button_with
6	by_name
6	by_value
6	cached?
6	callbacks=
6	camel_to_snake
6	capacity
6	capitalize!
6	cast_to
6	check_type
6	choice
6	chown_R
6	chunks
6	class_for_association
6	class_inheritable_array
6	clean!
6	clear_cache
6	clients
6	clip
6	close_job
6	clusters
6	codes
6	colour
6	column_for_attribute
6	comma_formats
6	comment=
6	compatible?
6	completed?
6	component
6	config_for
6	config_keys
6	configuration_hash
6	conn
6	construct
6	consumer_key
6	contains
6	controller_path
6	conversions
6	core_path=
6	correct?
6	counter
6	country_code=
6	country_subdivision
6	counts
6	create_function
6	create_project
6	create_release
6	create_stack
6	create_topic
6	create_user
6	critical
6	crypt
6	css_compressors
6	current_command_version
6	current_scope
6	custom
6	custom_options=
6	customize
6	data_dir
6	datadir
6	defaultCenter
6	default_client
6	default_error_messages
6	default_logger
6	default_notice_options
6	default_processor
6	default_space_encoding=
6	defaults=
6	defer
6	delete_attributes
6	delete_item
6	delete_message
6	deploy
6	details=
6	devise_user
6	diagnostics
6	discover!
6	display_line
6	distance_to
6	divide
6	dlload
6	do_request
6	doctitle
6	download!
6	dsl_eval
6	email_address
6	embed
6	embeddings
6	enable_cookies=
6	encode_parameters
6	encrypt_and_sign
6	end_column
6	end_offset
6	end_time
6	enter
6	erf
6	evaluate_script
6	example_count
6	excluded_keyword_checkers
6	exclusive
6	executables
6	expected
6	explain
6	expressions
6	expunge
6	extract_all
6	failures
6	file_descriptor
6	filter=
6	filter_records
6	filter_type
6	find_by_alias
6	find_by_slug
6	find_in_batches
6	folder
6	followers
6	font_family=
6	font_weight=
6	footer
6	for_file
6	forecast
6	friday?
6	from_auth_token
6	from_frob
6	from_mini_token
6	from_name
6	full_path=
6	fully_formatted
6	gcommit
6	gemfile
6	generate_id
6	generate_index
6	get!
6	get_client
6	get_data
6	get_name
6	get_status
6	getaddresses
6	getgrgid
6	gethostbyname
6	getpass
6	getresources
6	go_to
6	grammar
6	handle_response
6	has_attributes?
6	hash_secret
6	hashes
6	hex_to_bin
6	hexists
6	hkeys
6	hmset
6	icon=
6	imag
6	image_resize_to_limit
6	import_module
6	increment!
6	index=
6	initialize
6	initialize__method
6	install_assets
6	instance_type
6	interface
6	interfaces
6	is_haml?
6	itself
6	javascript_compressors
6	kind_of?
6	lang=
6	last_argument
6	last_modified
6	latitude=
6	left_sibling
6	lib!
6	license
6	limit=
6	lindex
6	line_width
6	link=
6	link_to
6	list_files
6	load_and_set_settings
6	load_from_file
6	load_options
6	loaded
6	lock!
6	log_message
6	longitude=
6	lookup_variable
6	loop_max_count=
6	machine
6	make_gem_fun
6	mapping
6	mattr_accessor
6	max_history=
6	max_retries=
6	meets_required_version?
6	merchant_id=
6	metric
6	mirrors
6	mod_exp
6	model_class
6	modified_files
6	modulo
6	monitor
6	mvwprintw
6	name_list
6	named_routes
6	nearest
6	new_group
6	new_logger
6	new_source_manifest
6	new_with_uri
6	nickname
6	nlst
6	no?
6	node_parts
6	num_bits
6	number?
6	observers
6	occurrences
6	offline
6	old_puts
6	on_body
6	open_datagram_socket
6	orange
6	ordered
6	organization
6	original_url
6	other
6	pack_sockaddr_in
6	pager=
6	parse_markup
6	parse_with_comments
6	parse_with_language_pack
6	parsers
6	pass?
6	paste
6	patronymic=
6	perform!
6	permute!
6	photos
6	player
6	pluggable_parser
6	post2
6	precision
6	predicate
6	preferred_mirror
6	prefix_options
6	prefixes
6	prerelease
6	priority=
6	private_encrypt
6	process_options
6	profiles
6	program_desc
6	program_name=
6	progress=
6	project_root
6	prompt=
6	protected_methods
6	provide
6	put?
6	putbinaryfile
6	queue_adapter
6	queue_name=
6	raise?
6	rating
6	raw_data
6	read_from_string
6	real_path
6	reconnect!
6	redirect?
6	redirect_uri=
6	regions
6	register_format
6	register_formatter
6	register_handler
6	register_listener
6	register_model_callback
6	register_partial
6	register_renderer
6	relations
6	relationships
6	releases
6	renderer=
6	request_token
6	required_command_version
6	requirement
6	rescue_action_in_public_without_hoptoad
6	respond_to
6	return_message
6	rewrite
6	run_the_gauntlet
6	safe
6	samples
6	say_error
6	scan_each
6	scanner
6	scoped
6	score=
6	scp
6	sdiff
6	secrets
6	select_by
6	send_mail
6	send_response
6	send_sms
6	set_default_size
6	set_or_return
6	set_params
6	set_size_request
6	sha256
6	shell_command
6	sismember
6	snapshots
6	sockaddr_in
6	source_line
6	spin
6	sprockets
6	src=
6	ssl?
6	stamp
6	stopped?
6	strategy=
6	strip_html
6	subscribers
6	suites
6	summarize
6	super_method
6	supported?
6	sys
6	sysopen
6	taint
6	target_file=
6	temp
6	temperature
6	template=
6	template_path
6	terms
6	test_to_normal
6	this
6	thread_variable_get
6	thumbnail
6	tld
6	tld_sizes
6	to_ast
6	to_formatted_s
6	to_fs
6	to_ical
6	to_io
6	to_list
6	to_na
6	to_rack
6	to_text
6	tool_calls
6	tools
6	total_pages
6	total_time
6	tp
6	transitions
6	transport
6	triggers
6	truthy?
6	tsort
6	type?
6	type_size
6	types=
6	uid_fetch
6	ul
6	unit
6	unscan
6	unscope
6	upper_bound
6	user_class_name
6	value_for
6	vars
6	verify_key
6	verify_mode
6	verify_ssl_certs
6	weights=
6	with_locale
6	with_prefix
6	with_write_lock
6	write_file
6	write_json
6	wsdl
6	ya2yaml
6	﻿
5	AfterConfiguration
5	Close
5	CurrentContext
5	ID
5	Path
5	Reader
5	Slop
5	String
5	TIFFRepresentation
5	User_GetSystemDate
5	Worksheets
5	__class__
5	_new
5	abbrev
5	abbreviation
5	abort_with
5	about
5	absurd
5	access
5	action_dispatch
5	action_methods
5	activities
5	acts_as_archive?
5	acts_like?
5	add_cell
5	add_command
5	add_dictionary
5	add_error
5	add_extra_field_definition
5	add_forms_path
5	add_item
5	add_listener
5	add_preference
5	add_query
5	add_query_options!
5	add_separator
5	add_tags
5	admin
5	admin_authorization
5	admin_get_author
5	admin_get_root_page
5	after_load
5	after_run
5	age
5	aggregate
5	alias
5	aliveCheck=
5	all_names
5	allow_concurrency=
5	allow_net_connect!
5	alt
5	alternatives
5	amass
5	any
5	api_call
5	apikey
5	app_key=
5	append_column
5	application_id
5	arguments?
5	around_filter
5	articles
5	asset_url_prefix
5	assigned?
5	association
5	atime
5	attempts
5	attribute_definitions
5	authorization_uri
5	auto_upgrade!
5	available
5	backoff_factor
5	badge
5	base_path=
5	basic
5	basic?
5	basic_auth_password
5	basic_auth_password=
5	basic_auth_user_name
5	basic_auth_user_name=
5	belongs_to
5	bibliography
5	bin
5	binary_path
5	block?
5	bright_green
5	bright_yellow
5	brown
5	brpop
5	busy_timeout=
5	by_path
5	cache_key
5	cache_page
5	calc
5	callback=
5	can?
5	capture_haml
5	cases
5	catalog
5	cc=
5	cdf
5	cert
5	change_geometry
5	change_resource_record_sets
5	character
5	ciphers=
5	class_options
5	class_type?
5	clean_markup
5	clear_dependency
5	cli
5	closing_loc
5	colorize_logging
5	colors=
5	commands=
5	commercial
5	commit_all
5	compact_params
5	compose
5	compute_if_absent
5	config_dir
5	config_file=
5	conjugate
5	connect_signals
5	consider_all_requests_local
5	continent=
5	control
5	convert_file
5	cookie=
5	cookie_domain
5	core
5	cost
5	country_name=
5	crazy_rewrite_rule
5	create_client
5	create_collection
5	create_config
5	create_database
5	create_id=
5	create_index
5	create_keypair
5	create_pass_block
5	create_repository
5	create_volume
5	created
5	created_on
5	credentials=
5	csend_type?
5	currency_code=
5	current_database
5	cury
5	cwyear
5	daemonize
5	dark
5	data_directory
5	data_store
5	db_config
5	debug_output=
5	debugging
5	declarations
5	decode_json
5	deconstruct
5	deep_copy
5	default?
5	default_branch
5	default_color
5	default_configuration=
5	default_headers
5	default_level=
5	default_timeout=
5	default_timezone
5	default_value
5	default_wait_time=
5	define_command
5	defs_type?
5	delete_matched
5	delete_snapshot
5	delimiter=
5	deregister
5	describe_security_groups
5	describe_snapshots
5	diffs
5	digest_path
5	direct
5	directions
5	dirs
5	disable_caching
5	disabled
5	disasm
5	display_table
5	displayed?
5	dispose
5	distance=
5	document?
5	downcase_first_letter
5	download_url
5	draw_rect
5	dsa_sign_asn1
5	dsa_verify_asn1
5	dtend
5	dtr=
5	dtstart
5	due
5	due_date
5	each_attribute
5	each_file
5	eager_load_dir
5	ec
5	else_branch
5	emoji
5	en
5	enable=
5	encoder
5	encrypt64
5	encrypted
5	ensure_io
5	error_count
5	escape_html_entities_in_json=
5	escape_string
5	eval_gemfile
5	evaluate!
5	event_id
5	execute_async_script
5	exif
5	expire_fragment
5	expr
5	external_id
5	extract_text
5	extract_tuple
5	f
5	failure_notifications
5	faultString
5	fdiv
5	feeds
5	field_names
5	file_name=
5	files_references
5	finalize!
5	find_by_id_and_grid_name
5	find_executable0
5	find_or_create_by_name
5	find_version
5	first_or_create
5	fit
5	flat
5	flunk
5	fmt
5	font_families
5	frameworks
5	frequency
5	frob
5	from_binary
5	from_env
5	from_fraction
5	from_text
5	full_require_paths
5	fwf_filepath
5	getBytes
5	getInfo
5	getName
5	get_author
5	get_index
5	get_list
5	get_location
5	get_metrics
5	get_operation_result
5	get_page_layout
5	get_parameters_by_path
5	get_query_store_model
5	get_raw
5	get_root_page
5	get_service
5	get_state
5	get_url
5	getgrnam
5	getmaxyx
5	getvalue
5	github
5	global_option
5	gmtoff
5	grapheme_clusters
5	gray
5	greet
5	group=
5	groups=
5	gsub_file
5	h1
5	has_keyword?
5	has_selector?
5	having
5	head_bucket
5	headings=
5	hide_action
5	hint
5	hits
5	hkdf
5	hqmf_id
5	html_attributes
5	html_part=
5	http_delete
5	http_put
5	http_service
5	http_status
5	identifier=
5	if_type?
5	image=
5	image_id
5	image_tag
5	in_parallel
5	in_span
5	inbox
5	inc
5	infinity?
5	infos
5	ingest
5	initConn=
5	init_native_domains
5	initialize_client
5	inject_into_file
5	input_length
5	insert_into_file
5	instantiate
5	integration_mode
5	intercept
5	internal_subset
5	interpolate
5	irb
5	is?
5	issuer_certificate=
5	items=
5	iterator
5	key_file
5	keypad=
5	kill_process
5	last_response
5	last_uri
5	latency
5	length=
5	li
5	libdir
5	limit_value
5	line_numbers
5	line_range
5	linspace
5	list?
5	list_buckets
5	list_objects_v2
5	list_users
5	load_balancer_descriptions
5	load_balancers
5	load_defaults
5	load_dependency
5	load_env
5	load_from_string
5	load_requires
5	load_settings
5	load_tiles
5	loaded=
5	locals
5	log_debug
5	log_file
5	log_path
5	logical
5	lograge
5	lpop
5	lstrip!
5	lt
5	lvm_version
5	m
5	mack
5	maintSleep=
5	make_slide
5	map_with_index
5	marshal
5	marshal_version
5	matcher
5	maxConn=
5	maxIdle=
5	maxx
5	mb
5	megabytes
5	midnight
5	migrate!
5	migrations_paths
5	milliseconds
5	minConn=
5	mini_token
5	missed_lines
5	mm
5	mobile?
5	modes
5	mods
5	module_type?
5	mon_synchronize
5	mount_points
5	mqlread
5	ms
5	mtime=
5	multiply
5	nagle=
5	named
5	native_targets
5	nesting
5	net
5	new_element
5	new_file
5	new_line
5	next_page_token
5	next_week
5	nitems
5	nonl
5	normal
5	notifier
5	num_bytes
5	object_name
5	objects=
5	odd?
5	old_element
5	on_parse_complete=
5	on_stylesheet_saved
5	once
5	op
5	opacity
5	opening_loc
5	orders
5	ordinalize
5	organizations
5	orig_should_flatten?
5	original
5	osx?
5	output_path
5	output_verbosity=
5	overload
5	override_only_path
5	overview
5	paint
5	param_key
5	parameters=
5	parenthesized?
5	parse_failure_cause
5	parse_params
5	participants
5	passed
5	paused?
5	pdf_extract_attributes
5	per_page
5	percent
5	period_for_utc
5	persist
5	picky_key?
5	pid_fn
5	plan
5	players
5	plot
5	plurals
5	point
5	populations
5	port_string
5	prepare_query
5	presigned_url
5	press
5	previous=
5	primitiveAsString=
5	private_dns_name
5	production
5	progname
5	proto
5	public_dns_name
5	publisher
5	pulls
5	put_item
5	put_string
5	pwd=
5	q=
5	quality
5	quantity
5	queries
5	quoted_table_name
5	rails_env
5	read_array_of_float
5	read_config
5	read_keypress
5	record_type
5	recv_nonblock
5	redirect_uri
5	refund
5	register_instances_with_load_balancer
5	register_module
5	register_preprocessor
5	register_widget
5	rel?
5	remainder
5	remove_connection
5	reports
5	require_with_graceful_fail
5	reservationSet
5	resolve_api_key
5	resource_class
5	response_class
5	ret
5	retry_interval
5	retry_methods
5	retry_statuses
5	return!
5	root_object
5	root_url
5	rootdir
5	rotate!
5	router
5	run_count
5	sanitizeKeys=
5	save_token
5	schema_search_path
5	screen_name
5	scroll
5	scrypt
5	sdk_module
5	select_assets
5	select_one
5	self_type?
5	send_file
5	send_msg
5	send_notification
5	sensitive=
5	server_middleware
5	servers=
5	serviceInstance
5	service_ticket_expiry
5	session_name
5	sessions
5	set_high
5	set_low
5	set_numbering
5	set_option
5	set_options
5	set_password
5	set_text
5	set_trust_ca
5	sha1=
5	shell_script_build_phases
5	shell_single_word
5	short_name
5	silent
5	silently
5	similarity
5	singulars
5	skip_verify_env
5	socketConnectTO=
5	socketTO=
5	socks_port=
5	socks_server=
5	solr
5	source_build_phase
5	spawnp
5	stages
5	standard_deviation
5	started_at
5	stash
5	status_code=
5	str_hash
5	streaming_logs
5	strict
5	stringify
5	strip_tags
5	structure
5	subunit_to_unit
5	succ!
5	suffixes
5	sym
5	synchrony
5	tag2
5	team
5	teardown
5	terminal?
5	tests
5	texts
5	then
5	throw?
5	tickets
5	timeline
5	timelines
5	timeout_add
5	timezone=
5	titlecase
5	to_adapter
5	to_ascii_art
5	to_bool
5	to_color
5	to_console
5	to_numo
5	to_pdf
5	to_proto
5	to_range
5	to_rgb
5	to_table
5	to_utf8
5	top_level_tasks
5	topics
5	total_count
5	total_hits
5	trace_id
5	trailer
5	transaction_id
5	transfer_encoding=
5	transition
5	translators
5	trim
5	ttl=
5	tweet
5	type_cast
5	unix
5	unsafe_load_file
5	unwrap
5	updates
5	url_prefix=
5	use=
5	user_agent_frameworks
5	user_name
5	v
5	v2
5	validate?
5	validate_config
5	validate_template
5	validators_on
5	vectors
5	verify_credentials
5	views=
5	void
5	vpcs
5	weather
5	weights
5	where_are_you
5	whitelist
5	window_size
5	with_read_lock
5	with_retries
5	with_standard_exception_handling
5	without
5	write_array_of_float
5	write_to
5	writer
5	xor
5	yes_no
5	zeitwerk
5	zremrangebyscore
4	Class
4	ExecQuery
4	Range
4	StandardError
4	Style
4	Table
4	VERSION
4	Version
4	Visible=
4	Workbooks
4	_config
4	_connect
4	_delete
4	_get
4	_invoke
4	_logger_debug
4	_set
4	_type
4	abs2
4	accept_nonblock
4	account_name
4	acl
4	acquire
4	active_record?
4	active_window
4	addItem
4	add_authenticator
4	add_batch
4	add_color_matcher
4	add_column
4	add_config!
4	add_event
4	add_formatter
4	add_function
4	add_instrumentation
4	add_load_path
4	add_message
4	add_mime_type
4	add_param
4	add_parent
4	add_path
4	add_rate
4	add_setting
4	add_source!
4	add_vertex
4	add_watch
4	additional_apartment_models
4	additional_properties
4	admin_code_1=
4	admin_code_2=
4	admin_name_1=
4	admin_name_2=
4	after_commit
4	after_find
4	after_set_user
4	after_update
4	ajd
4	alias?
4	all_identifiers
4	all_tasks
4	allow_forgery_protection=
4	allow_replace
4	alpha_num12!
4	alpha_num4!
4	alter_table
4	alternate_names=
4	analysis
4	annex
4	apiVersion
4	api_endpoint=
4	api_id
4	api_password
4	app_name=
4	app_root
4	app_sid
4	append_file
4	appenders
4	appenders=
4	apps
4	architecture
4	area_sq_km=
4	argv
4	arn
4	around
4	around_action
4	asc
4	assert_match
4	assert_valid_json
4	assert_valid_resource
4	asset_code
4	asset_type_credit_alphanum12
4	asset_type_credit_alphanum4
4	asset_type_native
4	assignee
4	atan
4	attach_volume
4	attachment_file_model=
4	attempt
4	attr_encrypted_options=
4	attribute_name
4	attributes_as_fields
4	attributes_as_html
4	attributes_for
4	attribution
4	auth_key
4	auth_token=
4	authenticate?
4	authorization_method
4	authorize!
4	aws_access_key_id
4	back
4	backtrace=
4	backward
4	bad_request
4	base58_to_binary
4	base_label
4	batch_size=
4	baud
4	bcc=
4	beep
4	before_fork
4	before_logout
4	billing_address
4	billing_address=
4	binary
4	binary?
4	bit_length
4	bitmasks
4	blacklist
4	block_node
4	block_pass_type?
4	blockdev?
4	blocks_available
4	blpop
4	books
4	border_width=
4	braces?
4	break
4	bright_cyan
4	bright_red
4	buffer=
4	buffer_size=
4	build_from_dir
4	build_response
4	build_result
4	build_schema
4	bus
4	bust_cache!
4	cache_file
4	cache_path
4	cachetastic
4	call_api
4	callback_path
4	callcc
4	candidates
4	canonical
4	canonical_string
4	capital=
4	caption
4	card=
4	card_type=
4	category=
4	cents
4	cert_file
4	change_index_dir
4	changed_attributes
4	check?
4	check_box_tag
4	check_length
4	check_path
4	check_url
4	checkin
4	ciphertext_blob
4	cleanup!
4	clear_all_connections!
4	clear_lines
4	clock
4	clone_url
4	cmd_tuples
4	collection_actions
4	collection_names
4	color_histogram
4	color_set
4	colorspace
4	columns=
4	combine
4	command_exists?
4	commits_since
4	committer
4	compact_blank
4	compact_child_nodes
4	company_id
4	compare_versions
4	compile_option=
4	complement
4	compressed
4	compressors
4	configuration_from_options
4	configure_from_hash
4	configure_yard!
4	connection_handler=
4	connections_should_exist
4	const
4	construct_from
4	consume
4	consumer
4	consumer_key=
4	contacts
4	content_type_parameters
4	content_types
4	contents=
4	context_class
4	contract
4	contributor
4	contributors
4	control_transfer
4	conversations_info
4	conversations_open
4	cookbook
4	cookie_jar=
4	cookie_name
4	copy_data
4	count=
4	count_objects
4	coverage_statistics
4	crc
4	create_branch
4	create_connection
4	create_deployment
4	create_directory
4	create_image_block
4	create_key_pair
4	create_node
4	create_object
4	create_record
4	create_status
4	create_tag
4	create_tags
4	create_temp_storage_location
4	creator
4	crystal
4	css_compressor=
4	csv
4	currency=
4	current_country
4	current_country=
4	current_path
4	current_player
4	cursor_column
4	curx
4	daily
4	darken_by
4	data_binding=
4	data_file
4	data_path
4	database!
4	databases
4	days_in_month
4	debug_debug
4	debug_error
4	debug_notice
4	deck
4	decrypt64
4	decrypt_data
4	deep_compact
4	deep_transform_values
4	deeper_merge!
4	def_delegators
4	default_area_code
4	default_argv
4	default_bindir
4	default_country_code
4	default_exchange
4	default_lockfile
4	default_model
4	default_provider
4	default_size
4	delayed_job
4	delete_field
4	delete_key
4	delete_section
4	delete_stack
4	deleteln
4	deliver?
4	delta
4	department_name
4	depend_on
4	deploy_to
4	deployments
4	describe_instance_health
4	describe_services
4	descriptor
4	descriptor_errors
4	destinations
4	destroyed?
4	detect!
4	dig
4	directives
4	directory=
4	dirty=
4	disable_referential_integrity
4	disabled?
4	disassemble
4	docs_to_write
4	draw_quad
4	dry_run=
4	dst
4	dst?
4	dtend=
4	dtstart=
4	each_column
4	each_statement
4	each_with_indices
4	eager_autoload!
4	eager_load_namespace
4	ec2
4	effective_url
4	egid=
4	elapsed
4	elevation=
4	emit_lambda=
4	emit_procarg0=
4	encoded
4	encrypted?
4	encryption
4	end_angle
4	end_of_year
4	enqueued
4	ensure_directory
4	enum_select
4	equals
4	error_text=
4	euid=
4	event_handlers
4	event_type
4	events_pending?
4	exception_notification
4	excluded_models
4	exec_prepared
4	exempt_from_layout
4	extended
4	extensions=
4	extern
4	external_encoding
4	extra_includes
4	extract!
4	facets
4	facts
4	failure!
4	failure_message
4	fatal?
4	faultCode
4	feature=
4	feature_class=
4	feature_class_name=
4	feature_code=
4	feature_code_name=
4	feedback
4	file_class
4	file_exist?
4	filenames
4	filetype
4	filter_backtrace
4	find_and_modify
4	find_bounding_box_wikipedia
4	find_by_url
4	find_file
4	find_header
4	find_ids
4	find_nearby_place_name
4	find_nearby_postal_codes
4	find_nearby_wikipedia
4	find_nearest_intersection
4	find_records
4	finished
4	fips_code=
4	first_element_child
4	fitness
4	fixtures
4	flag
4	flavors
4	flush!
4	flush_all
4	focus
4	font_color
4	fonts
4	for_source
4	foreign_keys
4	foreign_type
4	formatted
4	formatted_exception
4	forward
4	frameworks_build_phase
4	friends
4	from_ast
4	from_installed_gems
4	from_java_bytes
4	from_loader
4	from_path
4	from_pretrained
4	from_secret_key
4	from_url
4	front_matter
4	fs
4	full
4	full?
4	full_host
4	future_on
4	fuzz=
4	gem_name
4	gem_path
4	gen
4	gender
4	generate_content
4	generate_sid
4	geoname_id=
4	getConverterImpl
4	getSessionToken
4	getValue
4	get_args
4	get_attributes
4	get_authorize_url
4	get_bits
4	get_bucket
4	get_byte
4	get_caller_identity
4	get_children
4	get_command
4	get_connection
4	get_element_child_float
4	get_id
4	get_input
4	get_keys
4	get_logger
4	get_message
4	get_nouns
4	get_peername
4	get_request
4	get_secret
4	get_secret_value
4	get_session_token
4	getbinaryfile
4	getmaxx
4	getmaxy
4	getopts
4	getyx
4	git=
4	gps
4	gravity
4	gt
4	h2
4	halted?
4	haml
4	handle_request
4	handle_summary
4	hardware
4	has?
4	hasNext
4	has_role?
4	head?
4	head_object
4	header=
4	header_convert
4	headline
4	health
4	heuristic_parse
4	hidden=
4	hidden_input
4	hide_m17n_warning=
4	holiday?
4	home_timeline
4	host_os
4	hosted_zones
4	hr
4	html=
4	html_path
4	http_auth_types=
4	http_method_overrides
4	human
4	humans
4	humidity
4	icon
4	ignore_tables
4	imaginary
4	include_class
4	includes?
4	incrby
4	index_definition
4	index_dir
4	index_models
4	indgen!
4	infect_an_assertion
4	inheritance_column
4	init_at
4	init_logger
4	init_plugin
4	inject_with_index
4	inline
4	inquiry
4	insert_all
4	insert_one
4	install_tasks
4	installed_versions
4	integration
4	internal
4	interpret
4	inverse_of
4	is_channel
4	is_group
4	is_im
4	is_rails3?
4	iso_alpha_3=
4	iso_numeric=
4	issue_comments
4	its
4	iv
4	iv_len
4	javax
4	jql
4	js_compressor=
4	keyMaterial
4	key_name
4	languages=
4	latest?
4	latest_version_for
4	layers
4	leaf?
4	left_joins
4	leftovers
4	library
4	light_magenta
4	lighten_by
4	line1
4	line1=
4	line2
4	line2=
4	line3
4	line3=
4	line=
4	line_color
4	line_height
4	line_numbers=
4	line_width=
4	list_domains
4	list_hosted_zones
4	list_services
4	list_tables
4	lit
4	ln
4	lng
4	load_data
4	load_file!
4	load_files
4	load_from
4	load_from_pkcs12
4	load_into
4	load_language
4	load_lib
4	load_yardoc
4	loaded_features
4	local_address
4	log!
4	log_dir
4	log_exception
4	logged_in?
4	loggers
4	login!
4	lookup_context
4	low
4	ltrim
4	mailbox
4	main_loop
4	main_quit
4	major_version
4	make_false
4	make_tmpname
4	make_true
4	map_values
4	mapper
4	mapping?
4	marshal_json
4	match_data
4	matching
4	matrix
4	max_redirects=
4	median
4	message_loc
4	message_type
4	meta_def
4	metaclass
4	meths
4	middle
4	mime_types
4	mimic_JSON
4	min_version=
4	minify
4	mirror
4	mirror?
4	mix
4	mjd
4	mock
4	module
4	moves
4	msgid
4	mult
4	multiline?
4	mutate
4	n1_length
4	n=
4	named_formats
4	nearest_neighbors
4	networks
4	new!
4	new_cond
4	new_from_array
4	new_ntoh
4	new_ostruct_member
4	new_reference
4	new_session
4	next?
4	next_block
4	next_occurring
4	next_time
4	nick
4	nobits?
4	nok?
4	normalize_base_uri
4	normalize_identifier
4	normalize_source
4	not_to
4	note
4	notifiers
4	notify_readable=
4	ntuples
4	number=
4	number_to_currency
4	numeric?
4	object_type
4	omit
4	on?
4	on_failure
4	on_headers
4	on_windows?
4	ones
4	open_file
4	open_http
4	open_uri_original_open
4	opened?
4	or_type?
4	order=
4	original_dir
4	outfilesuffix
4	output_file
4	owner_id
4	pack_end
4	packed
4	padding
4	pair_type?
4	parent_id
4	parse_args
4	parse_bool
4	parse_data
4	parse_files
4	parse_from
4	parse_metadata
4	parse_text
4	parse_type
4	parse_url
4	parser_for
4	patch!
4	patch?
4	path_for
4	path_info=
4	pathmap
4	patterns
4	pbkdf2_hmac_sha1
4	pdf
4	pending_count
4	perform_caching
4	permanent
4	person_id
4	phone=
4	phone_numbers
4	picnic!
4	picture_model=
4	pk_to_address
4	place
4	place_name=
4	playlists
4	plus
4	population=
4	post_connect_hooks
4	post_connection_check
4	post_content
4	postal_code_search
4	postgres
4	preceding_alias=
4	predicates
4	preferred_factory
4	prepare!
4	prepend_before_action
4	preprocess
4	prev
4	preview
4	previous_element
4	primary
4	prime
4	prime?
4	print=
4	print_list
4	private_ip_address
4	private_key?
4	processIdentifier
4	processInfo
4	process_file
4	process_files
4	process_result
4	process_string
4	product_type
4	project=
4	project_dir
4	project_key
4	project_name=
4	promise
4	proppatch
4	pry!
4	public?
4	public_folder
4	public_method
4	publisher_id
4	purge
4	push_pod
4	put_file
4	put_next_entry
4	q
4	query_params
4	quote_ident
4	quoted
4	rack_response
4	raise_exceptions
4	raise_on_context_miss=
4	range_by_whole_lines
4	rassoc
4	raw_source
4	reactor
4	read_double
4	read_float
4	read_uint64
4	real_connect
4	reason=
4	rebuild_index
4	recipes
4	recipients
4	recognize
4	reconfigure
4	recvfrom_nonblock
4	recvmsg
4	redirect_url
4	redis_prefix
4	reflect_on_validations_for
4	regex
4	register_extension
4	register_taggable_type
4	registered?
4	registered_models_config
4	rehash
4	relocalize
4	remaining
4	render_content
4	replace_with
4	request=
4	request_body
4	request_body_permitted?
4	requir
4	require!
4	require_keys
4	required_attributes
4	reserve
4	reset_configuration
4	reset_configuration!
4	resize_to_fit
4	response_type
4	result=
4	retrbinary
4	retries=
4	retryable
4	reuse_server=
4	robots
4	rollback
4	row_vectors
4	rsort
4	rss
4	rubber_env
4	rubber_instances
4	rubygems
4	run_all
4	run_transition_action
4	runner=
4	safely
4	sanitize_sql_like
4	sanitized_path
4	save_path
4	scheduled_at
4	scheduled_at=
4	schema_cache
4	scp_upload
4	scratch
4	screen
4	screenshot_as
4	script_timeout=
4	sd
4	search_each
4	search_engine
4	secret_key!
4	secret_string
4	security
4	select_date
4	select_datetime
4	select_values=
4	select_without_analyzer
4	send_command
4	send_event
4	send_xml
4	sender=
4	separate
4	serial_number
4	serializable_hash
4	serializer_class
4	server?
4	server_name
4	server_port
4	server_url
4	service_id
4	session_key=
4	setLayout
4	set_all
4	set_bounding_box
4	set_http
4	set_log_level
4	set_members
4	set_metadata
4	set_name
4	set_path
4	set_sock_opt
4	set_url
4	set_values
4	shared?
4	sharedApplication
4	shared_context
4	show_message
4	shrink
4	sibling_index
4	side
4	sign_request
4	signed
4	simplify
4	singleton_class?
4	size_of
4	sizes=
4	skip?
4	sld
4	slice_before
4	smells
4	source_dir
4	source_file
4	source_path
4	space
4	spec_representation_class=
4	square?
4	ssh_url
4	ssl_verify_peer=
4	stack_status
4	staging?
4	start_angle
4	start_at
4	start_picnic
4	start_year
4	state_machine
4	state_select
4	statistics
4	stop!
4	stop_server
4	stopsig
4	storage_name
4	strategies
4	street_1
4	street_1=
4	street_2
4	street_2=
4	strikethrough
4	strings
4	stub
4	stylize
4	subscribed
4	subscription
4	subscriptions_owned_by
4	subspecs
4	subtitle
4	subtype
4	subwin
4	succeeded?
4	success=
4	successful
4	suggest
4	synonyms
4	syntax
4	synthesize
4	systems
4	tagger
4	td
4	temp_storage_location
4	tenant
4	testing?
4	text_input=
4	text_part=
4	third
4	threadsafe=
4	thumbnail_img=
4	tick
4	tie?
4	timeout_after
4	title?
4	tmp_dir
4	to_binary
4	to_binary_s
4	to_cbor
4	to_csv_header
4	to_key
4	to_liquid
4	to_local
4	to_options!
4	to_original_html
4	to_polyrex
4	to_query_params_string
4	to_roman
4	to_seconds
4	to_svg
4	to_xdr
4	token_type
4	total_pages_for_collection
4	total_results
4	tracking
4	tracknumber
4	transaction_active?
4	transaction_status
4	transformation
4	transforms
4	translate!
4	transparent
4	ts
4	tuple
4	twitter
4	type_check
4	type_name
4	typealias
4	typedef
4	tzinfo
4	uid_search
4	unauthorized?
4	uncolor
4	undefine_finalizer
4	unescape_html
4	unmarshal_json
4	unpack_sockaddr_in
4	unparsed_uri
4	unset
4	untabify
4	update_columns
4	update_item
4	update_maxmind
4	update_param
4	updated_resources
4	upsert
4	urlencode
4	use!
4	use_defaults!
4	user_id=
4	using_mysql?
4	valid_keys
4	valid_path?
4	validate=
4	validate_optional!
4	validate_version!
4	validation_errors
4	value!
4	value_type
4	values_match?
4	variants
4	vbox
4	ver
4	verbosity
4	verify?
4	version_file_path
4	visible?
4	voidcmd
4	volume=
4	volumeSet
4	waitfor
4	waiting?
4	websocket?
4	where_clause
4	widths
4	wikipedia_url=
4	with_cppflags
4	with_instructions
4	wizard_steps
4	wmove
4	work
4	workdir
4	workspaces
4	write_array_of_double
4	write_array_of_int
4	write_files
4	write_point
4	www_auth
4	xml_escape
4	xslt
4	yamler
4	zcount
4	zoom
4	zrank
4	zremrangebyrank
3	ALB
3	ART
3	Add
3	BITRATE
3	CSV
3	DAY
3	DisplayAlerts=
3	Document
3	Documents
3	GetLastError
3	HashMap
3	I
3	Init
3	Instance
3	IsRunning
3	Item
3	LoadError
3	NAM
3	Name
3	OpenProjectSuite
3	Project
3	R
3	Relation
3	Response
3	SECS
3	SV_decomp
3	StringValue
3	TRKN
3	This
3	User
3	__isaac_event_handler
3	__languageProxy_class
3	_elapsed=
3	_format=
3	_initialize
3	_load
3	_logger_warn
3	_print
3	_response=
3	_serialize
3	_text
3	_to_s
3	aasm
3	abstract
3	accept?
3	accountId
3	account_id=
3	account_number=
3	accuracy
3	ack
3	acquire_lock
3	action_column_initialization
3	action_controller
3	actions=
3	active_span
3	activity
3	actor
3	adapter_class
3	addObserver_selector_name_object
3	addObserver_selector_name_object_
3	add_buffer
3	add_button_to_query
3	add_certificate
3	add_dependency
3	add_description
3	add_document
3	add_domain_type
3	add_events
3	add_from_directory
3	add_group
3	add_http2_port
3	add_jar
3	add_link_to_screenshot_for_failed_examples=
3	add_member
3	add_or_append_class_value!
3	add_record
3	add_release
3	add_route
3	add_selector
3	add_servlet
3	add_span_processor
3	add_tcp_listener
3	add_theme
3	address_id
3	address_type
3	addrs
3	admin=
3	after_fork=
3	after_hooks
3	after_request
3	after_rollback
3	after_tests
3	after_validation
3	ago_in_words
3	albums
3	alerts
3	alg
3	all_classes_and_modules
3	all_errors_are_fatal=
3	all_exceptions
3	all_fields_required_by_default=
3	all_plugins
3	all_resources
3	alloc_out
3	allow_multiple_selection
3	allow_options_after_parameters=
3	allow_redundancy=
3	allowed
3	alpha3
3	alt=
3	analyse
3	analytics_id
3	and_return
3	ant_home_dir
3	ant_version
3	any=
3	any_of
3	apache
3	api_request
3	app_host
3	app_token
3	append!
3	append_to_file
3	appid=
3	application_name
3	apply_activerecord_patch
3	apply_defaults
3	apply_filter
3	apply_patch
3	approx
3	archive
3	argb
3	arguments=
3	arr
3	array?
3	as_hash
3	as_text
3	as_utf8
3	asarray
3	ask_user
3	assert_authorized
3	assert_exists
3	assert_resource_type
3	assert_response_status
3	asset_host
3	associate
3	association_foreign_key
3	assume_role
3	at_beginning_of_week
3	atanh
3	attached?
3	attribute_aliases
3	attribute_hash
3	attribute_map
3	attributes_hash
3	attrset
3	auth_header
3	auth_policy
3	auth_url
3	authenticate_method
3	authenticate_method=
3	authenticate_using
3	authentication
3	authentication_options
3	authentication_options=
3	author_name
3	authorize_from_access
3	authors=
3	auto_migrate
3	auto_reload
3	auto_upgrade
3	autogem
3	autoload!
3	autorelease=
3	autorun
3	avg_sentence_length
3	avg_word_length
3	await
3	aws_bucket
3	background=
3	backtrace_reject=
3	bandjoin
3	bash
3	basic_word_break_characters=
3	beautify
3	before_dispatch
3	before_scenario
3	begin_db_transaction
3	beginning_of_hour
3	beginning_of_line?
3	binary_to_base58
3	bindings
3	binmode?
3	bit_string
3	bitrate
3	blank
3	blitSurface
3	blksize
3	block_children
3	block_command
3	block_device_mappings
3	block_length
3	block_type
3	book
3	bool
3	bot?
3	box=
3	br
3	branch_name
3	brand_id
3	brand_id=
3	brand_name
3	brand_name=
3	brands=
3	brief
3	brpoplpush
3	build_config
3	build_configuration_list
3	build_instance
3	build_post_data
3	build_quoted
3	bundle
3	bundle_path
3	buttons
3	by_id
3	by_type
3	byte_size
3	bytes_to_hex
3	c_avv
3	c_avv=
3	cable
3	cache_enabled?
3	call_async
3	call_post
3	callback_url
3	callbacks_value=
3	can_parse?
3	canonical_name
3	canvas
3	cap_gun_action_mailer_config
3	capability
3	capitalize_all
3	captioned_title
3	capture_message
3	capture_output
3	card_enrollment_method
3	card_enrollment_method=
3	card_holder_name
3	card_holder_name=
3	card_type
3	card_verification_status
3	card_verification_status=
3	case
3	cell_at
3	cert_path
3	cfg
3	chain=
3	change?
3	change_geometry!
3	change_password
3	change_privilege
3	change_user
3	changed_lines
3	character=
3	charge
3	charset=
3	chats
3	checkMode
3	check_files
3	check_staleness?
3	checkbox
3	checkbox_with
3	checkins
3	chef_environment
3	chmod_R
3	ciphers
3	ciphertext
3	class_names
3	classification
3	clean_path_info
3	clean_versions
3	clear_examples
3	clear_stats
3	cli_block
3	clicks
3	clip_to
3	clipboard
3	clone_at
3	clone_repository
3	cloned?
3	close_issue
3	close_read
3	cloud
3	cluster_arn
3	cluster_arns
3	cm
3	cmd_options=
3	codepage=
3	coding_ar_service?
3	coerce_to
3	collect_markdown_owners
3	collect_routes
3	collection?
3	color_scheme=
3	colored
3	coloring=
3	colorize_code
3	colorize_logging=
3	colortype
3	column_names=
3	column_values
3	column_vectors
3	comm_inactivity_timeout=
3	command_class
3	commit_transaction
3	commits_between
3	company
3	compare!
3	compareTo
3	compile_option
3	compile_string
3	compiler
3	completed_tasks
3	completer_word_break_characters=
3	completion
3	completion_tokens
3	component_id
3	conditional_requests
3	conditional_requests=
3	confidence
3	config_home
3	config_name
3	configuration_file
3	configure_with
3	connect_with_config_dir
3	connect_with_config_file
3	connection_id
3	connection_options
3	connection_options=
3	const?
3	const_added
3	constant_from_thor_path
3	consumer=
3	content_columns
3	converge
3	conversions=
3	convert_init
3	converter
3	converters
3	cookiejar=
3	cookies=
3	copy_on_write_friendly=
3	cores
3	cost=
3	counters
3	country_code2
3	county
3	covered?
3	crc16
3	createWithFormat
3	create_cdata
3	create_certificate
3	create_container
3	create_dir
3	create_domain
3	create_fixtures
3	create_log
3	create_page
3	create_queue
3	create_snapshot
3	create_task
3	create_version
3	creator=
3	critical=
3	cross_product
3	cstime
3	currency_code
3	current?
3	currentRunLoop
3	current_cert
3	current_example
3	current_period
3	current_tenant
3	current_track
3	current_user_method
3	cursor=
3	cursor_end
3	custom_checks
3	custom_headers=
3	custom_payload_method
3	customerBeneficiaryId
3	customerId
3	cut
3	cutime
3	data_sources
3	database_server
3	date_created
3	date_format=
3	date_time_original
3	dates
3	datetime_calendar_prototype
3	days=
3	db_schema
3	dead_size
3	debug_dev=
3	decisions
3	decode_request
3	decode_uri_component
3	deconstantize
3	decorators
3	decrypt_string
3	deep_find
3	deep_sort
3	deep_transform_keys!
3	def
3	default_alpha_character
3	default_attributes
3	default_center
3	default_config_file
3	default_currency=
3	default_key=
3	default_lang
3	default_language
3	default_latitude
3	default_longitude
3	default_map_type
3	default_style
3	default_template
3	default_ttl
3	default_type=
3	default_zoom
3	define_error
3	define_hook
3	defined?
3	definition_file_paths
3	degree
3	degrees
3	delete_bucket
3	delete_by_query
3	delete_hook
3	delete_min
3	delete_observer
3	delete_raw
3	delete_repository
3	deliveries
3	delivery_methods
3	delivery_tag
3	delta=
3	density
3	depends
3	depends_on
3	deprecate
3	deprecated
3	deprecated?
3	deprecation_warning
3	deps
3	dereference
3	deregister_instances_from_load_balancer
3	derive
3	describe_apps
3	describe_images
3	describe_table
3	describe_tags
3	describe_tasks
3	destfile
3	destination=
3	destination_path
3	destination_root=
3	detach_with_id
3	development
3	diagonal
3	dictionaryWithContentsOfFile
3	difference
3	digest=
3	directory_name
3	disable_colorization=
3	disable_webpacker
3	discard
3	disjoint?
3	display_flow
3	display_name=
3	dl
3	dn
3	do_not_reverse_lookup
3	doc_number
3	docidentifier
3	docstring=
3	documentation_url
3	dom
3	domain_limit
3	domain_module
3	domain_modules
3	domains_path
3	done?
3	dotfile
3	double_fig
3	doupdate
3	dperr
3	draft
3	draw_data
3	draw_line
3	draw_rectangle
3	driverName
3	drivers
3	drop_table
3	drop_unused_indexes
3	drop_unused_tables
3	dry_run?
3	dstr_type?
3	duplicate
3	dx
3	dynamic
3	each_capitalized
3	each_declaration
3	each_document
3	each_position
3	each_record
3	each_rule_set
3	ec2_instance_id
3	eci
3	eci=
3	eci_flag
3	eci_flag=
3	egid
3	element_name
3	ellipse
3	else
3	else?
3	else_clause
3	email_address=
3	enable_cache
3	enable_load_extension
3	enable_starttls_auto
3	encode_component
3	encode_hex
3	encode_param_without_escaping
3	encrypt_string
3	enctype
3	end?
3	endpoints=
3	endpwent
3	ensure_application_exists!
3	enter_level
3	entity=
3	entity_class
3	entity_expansion_text_limit=
3	entity_type
3	enum_with_index
3	enums
3	env_vars
3	errno
3	error_field
3	error_handler=
3	error_level
3	error_text
3	eturn
3	eval_file_with_extras
3	eval_string
3	even?
3	event_url
3	events=
3	example_group_instance
3	exception_handler
3	exceptions
3	exceptions_app=
3	exchange_rates
3	excluded_environments
3	excludes
3	execution
3	exitcode
3	expects
3	expires
3	expiry_month
3	expiry_month=
3	expiry_year
3	expiry_year=
3	export_default
3	exports
3	extends
3	extension_point
3	extension_point=
3	extent
3	externalAccountId
3	extract_sections
3	f_pan_suffix
3	f_pan_suffix=
3	facebook_id
3	factorial
3	fails
3	failure=
3	fake
3	fallback
3	fallback_format
3	fallback_width
3	false?
3	falsy?
3	fanout
3	fault
3	ferret_analyzer
3	ferret_rank=
3	ferret_score=
3	fetch_access_token
3	fetch_path
3	fetch_row
3	fft
3	field_name
3	file_colon_line
3	file_format
3	file_id
3	file_list
3	file_path=
3	file_readable
3	file_ref
3	file_system=
3	file_uploads
3	file_watcher
3	filename_prefix_formatters
3	filepath
3	fill_rect
3	filter_shown?
3	finalized?
3	find!
3	find_by_code
3	find_by_title
3	find_by_user_id
3	find_datacenter
3	find_fancy
3	find_freeswitch_install
3	find_node
3	find_one_and_update
3	find_template
3	find_type
3	finger
3	fingerprint
3	finished_at
3	firefox
3	firewalls
3	first_column
3	first_lineno
3	fixed
3	flash_keys=
3	flutter_clean
3	fn
3	folder=
3	follow_meta_refresh
3	following
3	font_name
3	for_syntax
3	force_flush
3	foreground=
3	form_data?
3	format!
3	format?
3	format_number
3	format_time
3	forms_with
3	found?
3	found_treasure
3	fqdn
3	frac
3	free_trial_length
3	from_addrs
3	from_config_or_die
3	from_contents
3	from_h
3	from_params
3	from_rgb
3	from_s
3	from_uri
3	fulfill
3	fulfilled?
3	full_url
3	fulltext_attributes
3	function
3	function_name
3	gather
3	gem_root
3	generate_additional_classes_for
3	generate_class
3	generate_epub
3	generate_models
3	generate_row
3	generate_self_signed
3	generation
3	generic_passwords
3	genes
3	genres
3	geometry_data_types
3	getAbsolutePath
3	getAttr
3	getAttribute
3	getGammaRamp
3	getLogger
3	getPixel
3	getProperty
3	get_app
3	get_balance
3	get_base_url
3	get_byte_ranges
3	get_class
3	get_conf
3	get_countries_lookup
3	get_date
3	get_env
3	get_errors
3	get_hash
3	get_index_for
3	get_instance
3	get_int
3	get_jobs
3	get_language
3	get_model
3	get_month
3	get_multi
3	get_options
3	get_or_set
3	get_param
3	get_password
3	get_platform
3	get_player
3	get_pointer
3	get_servers
3	get_spreadsheet
3	get_stream
3	get_style
3	get_task
3	get_tree
3	get_type
3	get_user_info_from_cookies
3	get_values
3	get_version
3	getcury
3	getpwent
3	getsockopt
3	git_branch
3	glBegin
3	glClearColor
3	glEnable
3	glRotatef
3	glTranslatef
3	global?
3	global_options=
3	global_variables
3	globalize_serialized_attributes=
3	gnuplot
3	grab_focus
3	grant_type=
3	gregorian_leap?
3	gteq
3	guid=
3	gzip_enabled
3	gzip_enabled=
3	handle_drb_error
3	handle_error
3	handle_exception
3	handle_requirement
3	handle_specification
3	has
3	has_alpha?
3	has_and_belongs_to_many
3	has_attachments?
3	has_children?
3	has_colors?
3	has_errors?
3	has_more
3	has_more_lines?
3	has_one
3	has_section?
3	hash160
3	hash_keys
3	headers_hash
3	heading
3	healthy?
3	hello
3	help?
3	help_text
3	helper_style
3	heredoc?
3	hex?
3	hex_string
3	hexencode
3	hidden
3	hmget
3	home_dir
3	hook
3	hooker
3	host_name
3	html_parser
3	html_safe_if_necessary
3	http=
3	human_name
3	hvals
3	hydra
3	i18n_scope
3	id2name
3	id?
3	ident
3	identifiers
3	idle_timeout=
3	if?
3	if_branch
3	ifindex
3	iframe
3	ignorable?
3	ignore?
3	ignore_node
3	ignored_files
3	image_size
3	image_url
3	image_urls
3	image_width
3	immediate
3	import!
3	import_function
3	in_batches
3	in_bundle?
3	in_range?
3	in_reply_to
3	in_stream=
3	in_transaction?
3	include_after_commit_extensions
3	include_matchers!
3	include_root_in_json=
3	increment_counter
3	index_exists?
3	index_with
3	indexed_models
3	indexes=
3	indifferent!
3	info_for
3	information
3	inherit!
3	inheritance
3	init?
3	init_file
3	init_i18n_dictionary
3	init_translations
3	initgroups
3	initial_state
3	initialize_service
3	initialize_settings
3	initialize_shards
3	initializers
3	injector
3	inner
3	innerText
3	inner_join
3	input_paths=
3	insert_many
3	install_language_proxy
3	install_or_update_tinymce
3	instance?
3	instance_states
3	int_type?
3	integrate!
3	internal?
3	intro
3	inv
3	invalid
3	invoke_action
3	invoke_all
3	ip_port
3	ipaddress
3	isRequired
3	is_error?
3	is_installed?
3	is_valid
3	issued_at
3	item_id
3	iterations
3	iterator?
3	iv_len=
3	j
3	javaClass
3	java_class
3	java_send
3	javascript_include_tag
3	json_escape
3	keccak256
3	keep
3	keep_alive=
3	keySet
3	key_for
3	key_pair_from_private_key
3	key_pairs
3	keys_to_sym
3	kill!
3	klass_name
3	known?
3	langmod
3	langs
3	last_four
3	last_four=
3	last_lineno
3	leader
3	league
3	legal?
3	len
3	lib_dirs_for
3	lib_dirs_glob
3	libs
3	licenses
3	line4
3	line4=
3	line5
3	line5=
3	line_and_column
3	line_buffer
3	line_items
3	links=
3	lint!
3	listModes
3	list_all
3	list_clusters
3	list_collections
3	list_jobs
3	list_roles
3	list_secrets
3	list_tasks
3	literal?
3	load_adapter
3	load_adapter!
3	load_assembly
3	load_avg
3	load_class
3	load_commands
3	load_dictionary_from_file
3	load_directory
3	load_env!
3	load_extension
3	load_file_list
3	load_fixture
3	load_from!
3	load_image
3	load_key
3	load_localization!
3	load_parent_manifest
3	load_paths=
3	load_project_rakefile
3	load_yaml_file
3	loaded!
3	loaded_config
3	local_addresses=
3	localized_country_select
3	location_name
3	log_file=
3	log_format=
3	log_path=
3	log_response
3	log_warn
3	login=
3	long_desc
3	loopback?
3	lset
3	lteq
3	lvasgn_type?
3	make_move
3	make_symlink
3	mandatory
3	manifest_lines
3	many?
3	mapRGB
3	map_rows
3	markdown_embedded_families
3	markdown_feature_profile
3	marshal_load
3	master_card_assigned_id
3	master_card_assigned_id=
3	match=
3	match_markdown_owners
3	matched?
3	materialize
3	max_height
3	max_network_retries
3	max_threads=
3	maximize
3	maximum_markers
3	maximum_url_size
3	measure_period
3	media=
3	media_presets
3	member
3	mentions
3	merchant_name
3	merge_cells
3	merge_markdown
3	merge_markdown_with_reviewed_nested_outputs
3	merge_markdown_with_reviewed_nested_outputs_from_replay_bundle
3	merge_markdown_with_reviewed_nested_outputs_from_replay_bundle_envelope
3	merge_markdown_with_reviewed_nested_outputs_from_review_state
3	merge_markdown_with_reviewed_nested_outputs_from_review_state_envelope
3	merged_options
3	method_list
3	method_locations
3	mid
3	middle_admonitions
3	middle_title
3	migration
3	migration_context
3	migrations
3	min_threads=
3	minmax_by
3	misc
3	missing_methods
3	mixin
3	mixins
3	mkdirs
3	mobile
3	mock_controller
3	mod_inverse
3	mod_mul
3	model_path
3	modifier_class_name=
3	modulo_choice
3	monday
3	monkey_patch
3	monotonic_subscribe
3	more_info
3	mostra_resumo
3	move_cursor_to
3	mtimes
3	multi_insert
3	multiply_by_scalar
3	myself
3	mysql2
3	name?
3	name_for_url
3	name_loc
3	nanos
3	ndim
3	ne
3	needs
3	nest
3	nested
3	net_http_res
3	network=
3	never_lines
3	new3
3	new?
3	new_connection
3	new_from_xcworkspace
3	new_instance
3	new_name
3	new_page
3	newwin
3	next_cursor
3	next_state
3	next_token
3	next_version
3	nfields
3	nice
3	nil_or_empty?
3	nil_type?
3	no_filter
3	nodelay=
3	nofollow?
3	nomarkdown?
3	nombre
3	nonblock=
3	normal_to_test
3	normalize_message
3	normalize_offset
3	normalize_path
3	normalize_system_path
3	normalized
3	normalized_path
3	not_bool?
3	not_eq
3	not_found?
3	notification
3	notifications
3	notify!
3	notify_sync
3	nouns
3	ntop
3	null=
3	num_cols
3	num_tuples
3	number_with_delimiter
3	numeric
3	o
3	oauth
3	oauth!
3	obfuscate
3	object_base_uri
3	oct_string
3	of_type
3	offset=
3	old
3	old_divide
3	old_multiply
3	old_name
3	old_plus
3	on_browser?
3	on_headers_complete=
3	on_light_white
3	on_message
3	on_request
3	on_success
3	onclose
3	online
3	onmessage
3	opacity=
3	open_connection
3	open_live
3	opening
3	operand
3	opponent
3	optional?
3	options_for
3	options_for!
3	org_repos
3	organization_class_name
3	organization_members
3	orig_create_source_with_url
3	original_exception
3	original_fullpath
3	out=
3	out_stream=
3	outofdate?
3	output_cols
3	output_dir
3	output_dir=
3	output_error
3	output_fatal
3	output_name
3	output_to
3	over?
3	overlay
3	override
3	owner_class=
3	pa_res_status
3	pa_res_status=
3	package_manager
3	package_name
3	package_references
3	page_number
3	pagination
3	palette
3	parameter
3	parameter_specified?
3	params_schema
3	parent_document
3	parse_bind_options
3	parse_csv
3	parse_document
3	parse_element
3	parse_header
3	parse_push_ticket
3	parse_translation_unit
3	parser_class
3	part
3	partial_failure
3	partial_failure=
3	pass_config
3	path_parameters
3	path_prefix=
3	path_to
3	paths!
3	pay_url
3	payload=
3	payment_account_reference
3	payment_account_reference=
3	paypal_base_url
3	peeraddr
3	percentage
3	percentile
3	perform_deliveries
3	perform_request
3	periods
3	permitted?
3	pfxlen
3	pg_json
3	pg_jsonb
3	photo
3	photosets
3	phrase
3	pid=
3	pins
3	pipeline_r
3	placeholder_image
3	plausible?
3	play_count
3	play_game
3	playing?
3	plugin_layout_path
3	plugin_manager
3	plugin_name
3	pmap
3	pointsize
3	policy!
3	poll_for_exit
3	populate
3	populated?
3	population_criteria
3	ports
3	position=
3	post_body=
3	post_delete_hook
3	post_init
3	post_reset
3	post_set_hook
3	power_on
3	pre_delete_hook
3	pre_input_hook=
3	pre_set_hook
3	precision=
3	precompile
3	pred
3	prefetch
3	prepared_statements
3	pres_dir=
3	preset
3	pretty=
3	pretty_to_s
3	pretty_unparse
3	prev_year
3	primary_key=
3	primary_key_name
3	prime_division
3	primitive
3	print_error
3	print_exception
3	print_output
3	print_passing_wip
3	print_report
3	print_snippets
3	print_stats
3	private_key_path=
3	procedures
3	process_args
3	process_text
3	procline
3	producer
3	production_web_service_url
3	progress
3	projection
3	projects=
3	propagation
3	province
3	proxy_host
3	proxy_pass
3	proxy_port
3	proxy_respond_to?
3	proxy_settings
3	prune
3	prune_old_screenshots
3	pub_get
3	public=
3	publicKey
3	public_id
3	public_instance_method
3	public_key?
3	public_suffix
3	public_to_der
3	publish_event
3	puncts
3	push=
3	pushPodToSevice
3	put_attributes
3	put_design_dir
3	put_design_documents
3	put_dir
3	put_document_dir
3	put_jpeg_url
3	puts_warning_for_net_http_around_advice_libs_if_needed
3	px
3	qualname
3	questions
3	queue_adapter=
3	quick_emit
3	quote_value
3	r_new
3	rack_cache
3	radius
3	rails
3	rails_console?
3	raise_it
3	random_letters
3	random_numbers
3	rank=
3	raw=
3	raw_attributes
3	raw_attributes=
3	raw_post
3	raw_type
3	rb
3	read_4
3	read_array_of_double
3	read_berp
3	read_cache
3	read_directories
3	read_from_file
3	read_multi
3	read_only
3	read_pid
3	read_uint
3	read_ulong
3	readable_real?
3	ready_state
3	realize
3	rebuild
3	rec
3	recall
3	record=
3	record_class
3	record_exception
3	record_loaded_net_http_replacement_libs
3	recorder
3	recording?
3	recover
3	recurse
3	recursive=
3	recursive_merge
3	recv_string
3	redact
3	redefine
3	redirect_ok
3	redirection_limit
3	redirection_limit=
3	reenable
3	refine
3	refresh_interval
3	refs
3	region=
3	register_callback
3	register_configuration
3	register_controller_callback
3	register_javascript_include_default
3	register_server
3	register_strategy
3	register_task
3	registered_drivers
3	registered_facets
3	relative_path_prefix
3	release_for_tag
3	release_lock
3	reloaders
3	remote?
3	remote_address
3	remote_ref
3	remove_item
3	remove_possible_method
3	remove_silencers!
3	render_filters
3	render_template
3	rendered
3	replace_child
3	replace_host_with_proc
3	replace_host_with_proc=
3	repo_name
3	repo_url
3	report!
3	reporters
3	requestId=
3	request_head
3	request_options
3	require_empty=
3	require_environment!
3	require_lib
3	require_local
3	require_path
3	required=
3	rescue
3	rescue_responses
3	reset_cache
3	reset_config
3	reset_in
3	resolution
3	resolve_proc
3	resolve_type_names
3	resource_naming_convention=
3	resource_path
3	resource_type
3	resources_build_phase
3	responds_to?
3	response_body_permitted?
3	rest_size
3	restart!
3	result_with_hash
3	retrieve_url
3	retrieve_values
3	retry_change_requests=
3	retry_count
3	retry_size
3	reverse_dependencies
3	rfc1123_date
3	rfc822
3	rgb2hex
3	right=
3	rio
3	rng
3	robots=
3	rotation
3	route_tables
3	routing_key
3	row_vector
3	rpc_descs
3	rubify
3	ruby2_keywords
3	ruby_command
3	ruby_engine
3	rule_sets
3	run_commands
3	run_queries_on_shard
3	run_route
3	running=
3	salt
3	sandbox?
3	sanitize_sql
3	sanitized
3	save_and_open_page_path
3	save_cookies
3	save_graphics_state
3	save_history
3	save_path=
3	sc_enrollment_status
3	sc_enrollment_status=
3	scaffold
3	scale!
3	scan_path
3	scenarios
3	schema=
3	schema_name
3	scheme_handlers
3	scheme_handlers=
3	scores
3	scrape_deals
3	scrape_movies
3	screenshot_path
3	script_lines
3	search_and_load_yaml
3	search_by_name
3	search_issues
3	secure
3	secure?
3	selected
3	selected=
3	selectors
3	self_closing?
3	sendMessage
3	send_datagram
3	send_error
3	send_post
3	send_queries_to_all_shards
3	send_queries_to_group
3	send_string
3	sequences
3	serialize_from_session
3	serialize_into_session
3	series
3	server_error?
3	service_arns
3	service_class
3	session_id=
3	session_token
3	setAttr
3	setAttribute
3	setCursor_imp
3	setDocumentHandler
3	setGamma
3	setGammaRamp
3	setLevel
3	setValue
3	set_account
3	set_active
3	set_application_name
3	set_aws_profile!
3	set_backend
3	set_basic_auth
3	set_border_width
3	set_colors
3	set_data
3	set_default_configuration
3	set_default_options
3	set_environment
3	set_error
3	set_focus
3	set_handler
3	set_icon
3	set_input
3	set_ivars_methods
3	set_matrix
3	set_maxmind_zip_url
3	set_message
3	set_notice_processor
3	set_organization_name
3	set_resizable
3	set_resource
3	set_root
3	set_routes
3	set_sensitive
3	set_status
3	set_tags
3	set_target
3	setlocale
3	setproctitle
3	setpwent
3	setup_for_rails
3	setup_loader
3	setupterm
3	sexp_body
3	sexpr
3	shas
3	shell=
3	shipping_address=
3	show!
3	show_env_vars_in_log=
3	show_error
3	show_help
3	show_ignored
3	show_version
3	shutdown!
3	siblings
3	sid
3	sides
3	signal_emit
3	signature_algorithm
3	signature_verification
3	signature_verification=
3	silent=
3	single
3	singleline_pp
3	singleton?
3	singular_name
3	skip_row
3	slack_webhook_url
3	slider
3	slots
3	smart_path
3	sms
3	smtp_settings
3	sniff
3	snippet
3	soap_actions
3	socks_port
3	solution
3	sort=
3	sorting
3	source_data_criteria
3	source_images
3	source_reflection
3	source_type
3	source_url
3	source_with_url
3	spaces
3	spacing
3	spans
3	specificity
3	sphinx_id
3	sql_query_propagator
3	squeeze!
3	srcset=
3	srid
3	srt
3	ssh_command
3	ssh_key
3	ssh_options
3	ssl=
3	ssl_ca_cert
3	ssl_options
3	ssl_options=
3	ssl_verify
3	stack=
3	stack_id
3	stages=
3	standard_exception_handling
3	starred
3	start_in_new
3	start_in_old
3	start_remote
3	start_run
3	start_span
3	state_file=
3	stations
3	statsd
3	statusCode
3	stop_event_loop
3	stop_service
3	storage=
3	storage_path
3	stores
3	story_type
3	streaminfo
3	street_address
3	string?
3	string_length
3	stroke_horizontal_rule
3	stroke_line
3	structs
3	stubs
3	sub_type
3	subclasses_of
3	subcommand_classes
3	subcommands
3	subdomain=
3	subject_certificate=
3	subregions
3	subscriber
3	subscriptions
3	subsequent
3	substitute
3	sudo
3	supervise
3	supervisor
3	supported_versions
3	suppress_warnings
3	surname
3	svg
3	swagger_types
3	swap_buffers
3	symbolize
3	symbolize_hash_keys
3	syntax=
3	sysname
3	sysseek
3	tab
3	table_name_prefix
3	tablet?
3	tabulate
3	tag?
3	tag_to_class
3	tagset
3	target_dir
3	task_arn
3	taskdef
3	tcgetattr
3	td_html_attrs
3	td_html_attrs=
3	template_extension
3	template_path=
3	ternary?
3	test_cases
3	test_mode!
3	test_mode=
3	test_mode?
3	test_name
3	test_run_id
3	test_size
3	test_started_old
3	test_web_service_url
3	testcase
3	testing_offset=
3	textile_editor
3	theme=
3	thread_variables
3	threaded_connections=
3	tigetnum
3	time_format
3	timeout_threshold
3	timer
3	timestamp_create
3	tiocgwinsz
3	titles
3	tmp
3	to_ansi
3	to_buffer
3	to_class
3	to_const
3	to_currency
3	to_global_id
3	to_gplot
3	to_label
3	to_maybe
3	to_nm
3	to_openstruct
3	to_options
3	to_parslet
3	to_position
3	to_query_string
3	to_rbnf_s
3	to_regexp
3	to_return
3	to_seed
3	to_snake_keys
3	to_stream
3	to_tree
3	to_type
3	to_unit
3	to_words
3	to_xs
3	today?
3	token_requestor_id
3	token_requestor_id=
3	tokenization
3	tokenization=
3	tooltip_text=
3	top_level
3	total_entries
3	tputs
3	trace_object_allocations_start
3	tracing
3	traits
3	trans
3	transaction_open?
3	transcode
3	translation
3	translator
3	trap
3	travel
3	traverse!
3	tree=
3	trees
3	trial?
3	true_type?
3	trunc
3	try!
3	tuesday?
3	turn
3	turn_on!
3	type_map
3	type_params
3	ua
3	udp
3	ultra_safe=
3	uncached
3	uncheck
3	uncolored
3	uncountables
3	undefined?
3	undump
3	ungetc
3	unicode_names=
3	unicode_normalize!
3	unify
3	unique
3	unit=
3	unless?
3	unmarshal
3	unpacker
3	unpredictable_number
3	unpredictable_number=
3	unread_many
3	untracked
3	unwatch
3	unzip
3	up?
3	upcase?
3	upcase_first
3	update_cache
3	update_cache_config
3	update_issue
3	update_mirror
3	update_paginate_paths
3	update_schema_version
3	update_weight
3	upgrade
3	upload_photo
3	uppercase
3	urgency
3	uriish?
3	url_base
3	usage=
3	use_bundled_cert!
3	use_debug
3	use_format
3	use_https
3	use_mcc
3	use_mcc=
3	user_error!
3	user_info
3	user_input
3	user_login
3	user_model_name
3	userinfo=
3	uw_cpuused
3	v1
3	valid_address?
3	valid_alpha_characters
3	valid_colors
3	valid_url?
3	validate_only
3	validate_only=
3	validate_options!
3	validate_text
3	validates
3	validates_presence_of
3	validations
3	values=
3	variable?
3	variable_name
3	vendor
3	vendored?
3	verification_timeout=
3	verified
3	verifier
3	verify_callback
3	verify_signature
3	version_code
3	video
3	video_url
3	videos
3	view_paths=
3	virtual_path
3	visibility
3	visited_page
3	vmFolder
3	wait_for_idle
3	wait_writable
3	wallet_id
3	wallet_id=
3	wants_to_quit=
3	warmup
3	warn?
3	webhook
3	wednesday?
3	weight=
3	when
3	whitelisted_parameters
3	wind=
3	with_buffer
3	with_config
3	with_current
3	with_filename
3	with_original_env
3	with_status
3	with_target_vms
3	working_directory
3	worksheet_by_title
3	wrapper
3	write_api_token
3	write_blob
3	write_csv
3	write_to_memory
3	write_to_png
3	write_uint64
3	writeline
3	wysihat_editor
3	xid
3	xid=
3	xml?
3	xor_impl
3	xsl_stylesheet
3	yaml
3	year=
3	year?
3	yield_dictionary
3	yield_results
3	yml
3	yml_directory
3	yml_directory=
3	z=
3	zincrby
3	zinterstore
3	zip_code
3	zones
3	zrevrangebyscore
3	zunionstore
2	2671 | static void sp_PolyArray_set(sp_PolyArray *a, mrb_int i, sp_RbVal v) { if (!a) return; if (a->frozen) { sp_raise_frozen_array(); return; } mrb_int orig=i; if (i < 0) i += a->len; if (i < 0) sp_raise_cls("IndexError", sp_sprintf("index %lld too small for array; minimum: %lld",(long long)orig,(long long)-a->len)); if (i >= a->len) return; a->data[i] = v; }
2	ALL
2	AddPicture
2	AfterStep
2	AmazonEnvelope
2	Application
2	ArrayList
2	BaseException
2	BigDecimalUnsafe
2	Board
2	Busy
2	C
2	C=
2	CFRunLoopRun
2	CSS
2	CWURL
2	Campaign_GetOpens
2	Campaign_GetSummary
2	Cells
2	ClientException
2	CodingStateMachine
2	Constructor
2	Count
2	CustomizationID
2	DelegateClass
2	DocumentCurrencyCode
2	DueDate
2	EC_KEY_free
2	EC_KEY_new_by_curve_name
2	EC_POINT_free
2	EC_POINT_new
2	ESCDELAY=
2	EncodingError
2	EngineValue
2	Event
2	Exists
2	FileModifyDate
2	Find
2	Function
2	GetAbsolutePathName
2	GetFirstTask
2	GetForegroundWindow
2	GetNextTask
2	GetObjectByName
2	GetTaskid
2	GetVideoInfo
2	GetWindowText
2	IPAddress
2	InstancesOf
2	Integer
2	Interface
2	IssueDate
2	Left
2	LegalMonetaryTotal
2	LocaWeb
2	Mapel
2	NDFDgen
2	Organization
2	P
2	Pa_Initialize
2	PathIsRootW
2	PaymentMeans
2	Placemark
2	Pow
2	ProfileID
2	PyRun_SimpleString
2	R=
2	ROW=
2	Raise
2	ReadValue
2	RegisterAgent
2	Rows
2	Run
2	SDL_FreeSurface
2	Select
2	Settings
2	ShellSpinner
2	Snippet
2	Split_Lines
2	StartNotify
2	Status
2	Story
2	Stream
2	TTF_Init
2	TTF_OpenFont
2	TTF_Quit
2	TaxTotal
2	Type
2	TypeName
2	Types
2	UniJava
2	Unit
2	Value
2	Value=
2	WriteValue
2	XGBGetLastError
2	XGBoosterBoostedRounds
2	XGBoosterCreate
2	XGBoosterDumpModelExWithFeatures
2	XGBoosterEvalOneIter
2	XGBoosterGetAttr
2	XGBoosterGetStrFeatureInfo
2	XGBoosterLoadModel
2	XGBoosterPredict
2	XGBoosterSaveModel
2	XGBoosterSetAttr
2	XGBoosterSetParam
2	XGBoosterSetStrFeatureInfo
2	XGBoosterUpdateOneIter
2	XGDMatrixCreateFromMat
2	XGDMatrixDataSplitMode
2	XGDMatrixGetFloatInfo
2	XGDMatrixGetStrFeatureInfo
2	XGDMatrixNumCol
2	XGDMatrixNumRow
2	XGDMatrixSetFloatInfo
2	XGDMatrixSetStrFeatureInfo
2	XGDMatrixSliceDMatrix
2	__attribute_list__
2	__attributes__
2	__callbacks
2	__enumerable_value
2	__gem_names
2	__groups
2	__hash__
2	__init__
2	__instanceof
2	__pyptr__
2	__quicktest_run_tests__
2	__raise__
2	__update_status
2	_all
2	_attributes
2	_begin
2	_chomp_null
2	_client=
2	_client_read
2	_context
2	_create
2	_dbg
2	_decode
2	_dsize
2	_dsize_large
2	_embell
2	_encode
2	_end
2	_end_tag
2	_equation_options
2	_error
2	_errorable_registry=
2	_fast_from_json
2	_fast_to_json
2	_filters
2	_h_just
2	_halign
2	_insert
2	_is
2	_large_dx
2	_large_dy
2	_layout
2	_linkID
2	_links
2	_links=
2	_lsize_large_delta
2	_mt_code_value
2	_name
2	_options
2	_parse
2	_point_size
2	_pop
2	_push
2	_removed=
2	_request=
2	_run
2	_selector
2	_server_read
2	_size_select
2	_small_dx
2	_small_dy
2	_start_tag
2	_states
2	_strategies
2	_strptime
2	_tag_options
2	_to_string
2	_tokenize
2	_try_methods
2	_typeface
2	_typeof
2	_uri=
2	_v_just
2	_validators
2	_valign
2	_variation
2	_variation_first_byte
2	_variation_second_byte
2	_write
2	`
2	a?
2	aav
2	aav=
2	absolute
2	absolute!
2	abstract_method
2	accept_media_types
2	accept_visitor
2	accepts
2	accepts_definitions
2	access=
2	access_key=
2	access_secret=
2	access_token!
2	access_token_expired?
2	access_token_grant_name
2	accessible=
2	accessipv4
2	accessor_name
2	account_info
2	account_sid
2	accounts_from_file
2	acronym
2	active_handlers
2	active_job_id
2	active_record_primary_key
2	activity_id
2	actor_id
2	actor_type
2	actors
2	acts_as_active_facet
2	acts_as_active_facet_enabled
2	actual
2	adapters=
2	adaptors
2	addBoolItem
2	addBuildListener
2	addItems
2	addLayout
2	addMacro
2	addPage
2	addPt
2	addStretch
2	addStringItem
2	addText
2	addWidget
2	add_alias
2	add_all
2	add_assertion
2	add_attachment
2	add_attachment_as
2	add_base_delivery
2	add_batches
2	add_brand
2	add_breadcrumb
2	add_category
2	add_check
2	add_children
2	add_config
2	add_configuration
2	add_configuration_property
2	add_connection
2	add_connector
2	add_constructor
2	add_contact
2	add_content_id
2	add_context
2	add_current
2	add_data
2	add_dependency!
2	add_exitcode
2	add_feature
2	add_field!
2	add_file_reference
2	add_file_upload_batch
2	add_format
2	add_from_file
2	add_graph
2	add_hourly_rotation_period_support!
2	add_id
2	add_import
2	add_injector
2	add_labels_to_an_issue
2	add_layer
2	add_logger
2	add_members
2	add_method
2	add_mime_mapping
2	add_new
2	add_new_path
2	add_notification
2	add_object
2	add_overlay
2	add_parser
2	add_paths!
2	add_pattern
2	add_permission
2	add_pins
2	add_project_configuration
2	add_property
2	add_reducer_to_store
2	add_reference
2	add_result
2	add_role
2	add_schema
2	add_search_path
2	add_signature
2	add_simple_provider
2	add_sip_servlet
2	add_source
2	add_state
2	add_strategy
2	add_style
2	add_to_base
2	add_to_curl
2	add_tone
2	add_transaction_callback
2	addch
2	additions
2	addr=
2	addref
2	address2
2	address_id=
2	adjacent
2	adjacent!
2	adjacent?
2	adjective
2	adjust_whitespace
2	adler32
2	admins
2	advanced
2	affiliate_id
2	afi
2	after_build
2	after_class_method
2	after_configure_hooks
2	after_configure_hooks_run?
2	after_init
2	after_save_html
2	after_save_screenshot
2	after_scenario
2	age=
2	agent=
2	aggregate_id
2	aggregate_targets
2	aggregate_type
2	aggregated_offenses
2	agree_terms
2	alg=
2	alg_name=
2	alias=
2	aliases=
2	align!
2	align_case_when
2	align_chained_calls
2	all=
2	all_branches
2	all_but_last
2	all_dependencies
2	all_hashes
2	all_lines
2	all_of
2	all_or_one
2	all_with_names
2	allbits?
2	alloc_color
2	allocated_memory_by_location
2	allow_delete
2	allow_document_uploads
2	allow_embeds
2	allow_failure
2	allow_net_connect?
2	allowable_attributes
2	allowed_document_types
2	allowed_element?
2	allowed_image_types
2	allowed_parameters
2	allowed_styles
2	alpha2
2	alpha?
2	alpha_level
2	alpn_protocol
2	alpn_protocols=
2	already_cached?
2	alter
2	alternate
2	alternatingRowColors=
2	analyse_file
2	analysis=
2	analyze_toml_source
2	anchored
2	anchors
2	and_call_original
2	and_type?
2	android_app_master_secret
2	android_appkey
2	angle
2	annotate_pdf
2	annotated?
2	annotations
2	ansi
2	answer=
2	answer_or_default
2	answers
2	any_def_type?
2	anybits?
2	apartment_number
2	api_attributes
2	api_base=
2	api_domain
2	api_end_point=
2	api_host=
2	api_only
2	api_path
2	api_push_url=
2	api_root
2	api_scheme
2	api_uri
2	apikey=
2	apis
2	apn_production?
2	app?
2	app_bundle_dsym
2	app_config_path
2	app_menu=
2	app_path
2	app_secret
2	app_secret=
2	app_url
2	app_version
2	appdir
2	append_after_filter
2	append_child
2	applicationIconImage
2	applicationWithBundleIdentifier
2	application_file
2	application_id=
2	application_router=
2	application_secret=
2	application_version=
2	applies?
2	apply_config
2	apply_filters
2	apply_subs
2	approve
2	area_code
2	arel_node?
2	arg_name
2	arg_types
2	arglists
2	argmax
2	argon2id
2	argument
2	array_serialization
2	arrivals
2	art
2	artifacts
2	artists
2	asBoolean
2	asString
2	as_ansi
2	as_array
2	as_color
2	as_csv
2	as_png
2	as_svg
2	as_yaml
2	ascent
2	ascii?
2	asinh
2	asjava
2	asn1_length
2	assertNamespace
2	assert_class
2	assert_class_or_nil
2	assert_empty_opts
2	assert_project_directory_exists!
2	assertion_name
2	assertions
2	asset_host=
2	assets_dir
2	assets_manifest
2	assets_path
2	assign_translation
2	assignable_from?
2	assignment
2	associate_elastic_ip
2	assocs
2	ast_for_method
2	at?
2	at_end_of_month
2	at_end_of_week
2	att
2	attach_comments!
2	attach_variable
2	attachment_keys
2	attachment_reflections
2	attachments=
2	attack
2	attempts=
2	attention_mask
2	attr_code
2	attr_internal
2	attr_protected
2	attr_triggers
2	attribute_method?
2	attribute_method_suffix
2	attribute_set
2	attribute_value
2	attributes!
2	attributes?
2	audience
2	audio
2	audit=
2	authToken
2	auth_anonymously
2	auth_baton
2	auth_method
2	auth_session
2	auth_session=
2	auth_type
2	auth_type=
2	author_email
2	authority
2	authorization_code=
2	authorization_url
2	authorize_ingress
2	authorizer
2	auto_detect_and_install
2	auto_enable!
2	auto_flush
2	auto_orient!
2	auto_refresh_token=
2	auto_require
2	autoclose=
2	autocorrelation
2	autodetect
2	autodetect_xml_formatters
2	autodiscover
2	autoload_paths=
2	automatic_routes_mount=
2	autorelease
2	avail_out
2	avail_out=
2	availability_zone
2	availability_zones
2	available_priorities=
2	available_themes
2	avg
2	awesome_inspect
2	awesome_print
2	aws
2	aws_region
2	aws_secret_access_key
2	axis
2	ay
2	backfind
2	background_color
2	backtrace_formatter
2	backup_cmd
2	backup_location
2	backup_path
2	bank_name
2	bar
2	base64_file
2	base64url_encode
2	base_configuration_reference
2	base_directory
2	basebackend
2	basebackend?
2	basic_auth=
2	basic_publish
2	bastion
2	batch=
2	batch_insert
2	batch_size
2	batches_left
2	bbox
2	bbtree
2	bcc_addrs
2	bdecode
2	be_not_array
2	before_actions
2	before_command
2	before_execution_procs
2	before_format=
2	before_hooks
2	before_run
2	before_worker_shutdown
2	beginning_of_quarter
2	behavior=
2	benchmark_all
2	benchmark_name
2	bencode
2	berkshelf
2	best
2	best_fit
2	best_of
2	best_score
2	beta_level
2	between?
2	bibdata
2	bin_path=
2	binary_operation?
2	binary_operator
2	bind_address=
2	bind_command
2	bind_param
2	bind_port=
2	bind_without_indifference
2	binding=
2	bins
2	birthtime
2	bitmap
2	black_list_tables
2	blam
2	block_is_hash
2	blocking
2	blocks?
2	blog
2	blueprint
2	board?
2	boards
2	bodies
2	body_length
2	body_text
2	book_id
2	bookmarks
2	bool_value
2	boot!
2	bot
2	boundary
2	branch=
2	branch_current
2	breadth_first_search
2	breakable
2	breakpoint
2	brightness
2	brightness=
2	bth
2	bucket_name
2	buf
2	build?
2	build_action
2	build_all
2	build_api
2	build_attributes
2	build_client
2	build_configuration
2	build_connection
2	build_error
2	build_from_erroneous
2	build_from_file
2	build_from_hash
2	build_from_list
2	build_from_successful
2	build_hash
2	build_html
2	build_image
2	build_key
2	build_models
2	build_name
2	build_node
2	build_options
2	build_output_dir
2	build_payload
2	build_query_string
2	build_read_query_regexp
2	build_source_url
2	build_sql
2	build_status
2	build_task
2	build_uri
2	builders
2	bulk_index
2	bulkrows
2	bullet
2	bullet_logger=
2	bundle=
2	bunny
2	businesses
2	bust_caches!
2	busy_handler
2	buy_price
2	buyer
2	by_col
2	by_datetime
2	by_day
2	by_kind
2	by_month_day
2	by_row
2	byebug
2	byte
2	byte_length
2	bytes_total
2	c1
2	c2
2	c_select
2	c_type
2	cache_constants=
2	cache_control
2	cache_handler_for
2	cache_local
2	cache_manager=
2	cache_name
2	cache_time
2	cache_timeout
2	cache_ttl=
2	cache_write
2	cached_iseq?
2	caches
2	calcHexSize
2	calc_sample_steps
2	calculate_stats
2	calculator
2	calendar_date_select
2	call_after_configure_hooks
2	call_as_daemon
2	callback_module
2	callback_names
2	caller=
2	caller_method
2	calls
2	camelize_keys
2	camelize_keys!
2	can_promote?
2	can_use_utf8?
2	cancelPackageReply
2	cancel_url
2	cancelled?
2	candidate
2	cannot_travel_combat
2	canonical?
2	capitalize_first_letter
2	capture_match
2	car
2	card_id
2	card_id=
2	cart
2	carteiras
2	case=
2	case_match_type?
2	case_sensitive
2	case_type?
2	catch_all_css
2	cathetus
2	cattri_variable_set
2	cbData=
2	cbase_type?
2	cc_addrs
2	cdata?
2	cdata_escape
2	cdata_needs_escaping?
2	cdr
2	cell_for
2	cell_native_array
2	cells_equal?
2	center_x
2	center_y
2	certificate=
2	challenge
2	challenge?
2	change_case
2	change_column_width
2	change_count
2	change_modes
2	changelog_path
2	channel=
2	channel_id
2	char
2	char_no
2	char_width
2	characters
2	chat_id
2	checkToken
2	checkVersion
2	check_area
2	check_batch_status
2	check_call
2	check_date
2	check_datetime
2	check_extension
2	check_file
2	check_for_updates
2	check_node
2	check_not_blank
2	check_options
2	check_opts
2	check_parameters
2	check_result
2	check_state
2	check_submodule
2	check_submodule_status
2	check_token
2	check_un_commit_code
2	check_until
2	check_version
2	check_video
2	checked=
2	checked?
2	checklists
2	checkmate?
2	checkout_id
2	checkout_id=
2	checkout_tree
2	checks_on_each_request
2	childEntity
2	child_add
2	child_iseqs
2	children?
2	chor=
2	chortitle=
2	chrome_extensions
2	chunker
2	cid
2	cidr
2	citation
2	city_name
2	cjpeg_path
2	claim_interface
2	claimable_balance
2	clamscan_version
2	classJavaDoc
2	className
2	class_for
2	class_inheritable_hash
2	class_map
2	class_mixins
2	class_name=
2	class_to_require
2	classifications
2	classpath
2	clean_backtrace
2	clean_path
2	clean_tree
2	cleanpath!
2	cleanup_expired
2	clear_all
2	clear_buffer
2	clear_cache!
2	clear_caches
2	clear_class_caches
2	clear_comments
2	clear_endpoints
2	clear_histroy
2	clear_instance_caches
2	clear_netrecorder_cache!
2	clear_reloadable_connections!
2	clear_schedule!
2	cli_args
2	cli_arguments
2	cli_configure
2	click_on
2	client_cert
2	client_cert=
2	client_from_schema
2	client_key=
2	client_meta_version
2	clientlogin
2	clip_name=
2	clock=
2	close_on_empty_response=
2	close_tag
2	closed=
2	closest
2	clouds
2	clrtoeol
2	cls
2	cmap
2	cmdlet
2	cmp
2	cms_id
2	cn
2	cnpj_formatted
2	co
2	code_for
2	code_map
2	code_name
2	code_url
2	coded
2	coerce=
2	coerce_value
2	coercer
2	collapse!
2	collection_by_title
2	collection_set
2	colon?
2	color?
2	colorAllocate
2	color_enabled?
2	color_equal?
2	color_scheme
2	colors_enabled?
2	colours
2	column_box
2	column_info
2	column_of
2	column_stack
2	column_type
2	columnconfigure
2	com
2	command_args
2	command_line
2	command_line_used
2	command_map
2	comment!
2	comment_describing
2	comment_line?
2	commit!
2	commit_db_transaction
2	commiters
2	committer=
2	common_prefix_cache
2	communication_name
2	community
2	company_code
2	company_name
2	company_name=
2	company_token
2	compare_by_identity?
2	compare_files
2	compare_screens
2	compare_tables3
2	compare_time
2	comparison
2	compatibility=
2	compatible_with?
2	compileReportToFile
2	compile_source
2	complete!
2	complete_expression?
2	complete_multipart_upload
2	completed
2	completedPackageDetails
2	completedShipmentDetail
2	completer_quote_characters=
2	completion=
2	completion_proc
2	complex?
2	complexity
2	component_cache_init
2	component_name
2	components=
2	compression_method
2	compute_endpoint
2	compute_official_sunrise
2	compute_official_sunset
2	compute_size
2	compute_times
2	concatenate
2	concatenation
2	concepts
2	cond
2	conferencing
2	config_file_paths
2	config_filepath
2	config_loaded
2	config_path=
2	config_root
2	configs_for
2	configure_chef
2	configure_logging
2	configured
2	conflict?
2	conform
2	connect_db
2	connect_oauth
2	connect_timeout
2	connected_to
2	connection_count
2	connection_draining
2	connection_id=
2	connection_info
2	connector_manager
2	connectors=
2	connects_to
2	cons
2	consequent
2	const_load
2	constant?
2	constant_value
2	constitute
2	construct_dataflow
2	consumer_id
2	consumer_secret
2	consumer_secret=
2	consumer_wallet_id
2	consumer_wallet_id=
2	consumers
2	container_exists?
2	container_id
2	container_name
2	content_disposition
2	content_encoding
2	content_transfer_encoding
2	content_transfer_encoding=
2	content_type_class
2	content_url
2	content_width
2	context_path=
2	continue_on_exists_proc=
2	contract_from_file
2	contrast
2	contrast_ratio
2	contrast_ratio_against
2	control?
2	controller_actions
2	controllers
2	convert_case
2	convert_key
2	convert_to
2	cookbook_version
2	cookbooks
2	cookie_name=
2	cookie_path
2	cookie_string
2	cookiefile=
2	cooling
2	coordinate
2	coordinates=
2	copy!
2	copy_method
2	copy_table
2	copy_to_tempfile
2	copyright
2	coredump?
2	corrections
2	corresponding_rsa_files_exist?
2	cosh
2	cosine_similarity
2	countable
2	country_by_id
2	country_by_ip
2	country_name
2	country_subdivision=
2	cover
2	cover_image
2	coverage_data
2	coverage_dir
2	covered_strength
2	covering
2	coverpage
2	cpf_formatted
2	cpuInfo
2	cpus
2	creatable?
2	createDateTimeIterator
2	createDocument
2	createRegistry
2	create_accessor
2	create_account
2	create_application_context
2	create_cairo_context
2	create_callback_closure
2	create_camera_capture
2	create_commit
2	create_contents
2	create_context
2	create_directories
2	create_document
2	create_extension
2	create_filters
2	create_from_array
2	create_from_collection
2	create_from_file
2	create_from_hash
2	create_generator
2	create_group
2	create_hosted_zone
2	create_http_with_verify
2	create_image
2	create_inline
2	create_instance
2	create_internal_subset
2	create_key_value_table
2	create_list
2	create_method
2	create_multipart_upload
2	create_namespace
2	create_new
2	create_pack!
2	create_package
2	create_paragraph
2	create_permission
2	create_pipeline_message
2	create_post
2	create_provider
2	create_pullrequest
2	create_ref
2	create_renderer
2	create_scenario
2	create_section
2	create_shorthand!
2	create_spreadsheet
2	create_state
2	create_test
2	create_time_entry
2	create_token
2	create_tree
2	creation_time
2	credential=
2	credentials?
2	credit_card_number
2	creditor
2	cref
2	criteria
2	critical!
2	crmode
2	cross
2	crush
2	crypto
2	crypto_type
2	crypto_value
2	crypto_value=
2	cryptogram
2	cryptogram=
2	css=
2	css_class
2	css_files
2	css_path
2	ctx
2	cube_plane_square
2	curl!
2	currentItem
2	current_account
2	current_example=
2	current_game_state
2	current_h
2	current_lock
2	current_mod
2	current_mod=
2	current_name=
2	current_project
2	current_remote
2	current_remote=
2	current_renderer
2	current_reporter=
2	current_shard
2	current_stream_title
2	current_tenant_id
2	current_title
2	current_topic
2	current_transaction
2	current_user=
2	current_w
2	current_window
2	cursor_next_line
2	cursor_pos
2	curve_to
2	curves
2	custom_functions
2	custom_id
2	custom_identifiers
2	custom_logger=
2	custom_properties
2	customer_id
2	customer_id=
2	cvc
2	cvc=
2	cves
2	cwurl_filename
2	cycles
2	daemonize!
2	dataElementCodes
2	dataType
2	data_criteria
2	data_home
2	data_size
2	database_configuration_file=
2	database_version
2	databasecolumn
2	databasetype
2	datacenter
2	datacolumns
2	dataobject?
2	dataobject_collection?
2	datasources
2	datastore
2	datatype
2	date_of_birth
2	date_range
2	date_str
2	date_updated
2	day=
2	db!
2	db_dir=
2	db_root
2	dbs
2	dbsize
2	deactivate
2	dead?
2	deadline
2	deals
2	debtor
2	debug_log
2	debug_mode=
2	debug_print
2	debuglog
2	decide
2	decimal
2	declarators
2	declare
2	declare!
2	declare_process
2	decls
2	decode_hex
2	decompose
2	deconstruct_keys
2	decrypt_crypto_key
2	decrypt_file
2	deep_diff
2	deep_safe_merge!
2	deep_symbolize
2	def_dim
2	def_matcher
2	def_method
2	def_system_command
2	def_var
2	default_account
2	default_bare=
2	default_checked_level=
2	default_classes
2	default_components
2	default_compression=
2	default_config=
2	default_connection_handler=
2	default_connection_options=
2	default_defaults!
2	default_env
2	default_executable
2	default_expiration
2	default_filter
2	default_for
2	default_form_builder=
2	default_format
2	default_iface=
2	default_key
2	default_max_retries
2	default_max_wait_time
2	default_message
2	default_model_class=
2	default_namespace=
2	default_page_size
2	default_prefix=
2	default_query_parser
2	default_queue_latency
2	default_scheme
2	default_selector=
2	default_separator
2	default_separator=
2	default_sources
2	default_state
2	default_text_area_height=
2	default_text_area_width=
2	default_to
2	default_uri
2	default_version
2	default_wait_time
2	deferred
2	define_column_methods
2	define_command_installation_tasks
2	define_directive
2	define_example_method
2	define_grid
2	define_helpers
2	define_levels
2	define_strategy_methods
2	define_type
2	defined_attributes
2	definition=
2	definitions_from_xml
2	deg
2	deg_to_rad
2	degrees_to_radians
2	delMacro
2	del_panel
2	del_style
2	delegate_to_config
2	delegation_set
2	delete_account
2	delete_all_cookies
2	delete_attribute
2	delete_branch
2	delete_cookie
2	delete_dir
2	delete_element
2	delete_file
2	delete_id
2	delete_key_pair
2	delete_later
2	delete_model
2	delete_objects
2	delete_one
2	delete_security_group
2	delete_session
2	delete_table
2	delete_user
2	delete_volume
2	deleted=
2	deleted_files
2	deliver_later
2	deliver_message
2	deliver_messages
2	delivery_options
2	delref
2	delwin
2	demand
2	demo_files
2	dep
2	departure
2	dependable_regexp
2	dependable_regexp_capture_group_index
2	dependencies_for
2	depends_on?
2	deploy_pack_dir
2	deploy_path
2	depth_field
2	dequeue
2	deref
2	derive_final
2	derive_init
2	derive_update
2	derived?
2	desc=
2	descendant
2	descendents
2	descent
2	descr
2	describe_auto_scaling_groups
2	describe_clusters
2	describe_db_instances
2	describe_environments
2	describe_instance_status
2	describe_key_pairs
2	describe_layers
2	describe_load_balancer_attributes
2	describe_log_groups
2	describe_regions
2	describe_stack_events
2	describe_time_to_live
2	describe_vpcs
2	desired_capacity
2	desired_count
2	dest_dir
2	dest_filename
2	dest_name
2	destroy_status
2	detach_from
2	detach_volume
2	detect_encoding
2	detect_objects
2	detect_outliers
2	detect_scenario_file
2	detect_type
2	determine_format
2	device_id
2	device_token=
2	devise?
2	diagnose
2	diagnostic
2	diagram_type=
2	dictionaries
2	die!
2	diff:L1 cruby="true\n" spinel="false\n"
2	diff:L3 cruby="constant\n" spinel="\n"
2	diff_for_file
2	differences
2	difficulty
2	dig!
2	digests
2	digital_goods
2	digital_goods=
2	dimensions=
2	dimensions_filter_for_cloudwatch_metric
2	dimensions_value_filter_for_cloudwatch_metric
2	dir?
2	dir_config
2	dirs=
2	disable_config_file
2	disable_memoization
2	disable_mixin
2	disable_net_connect!
2	disabled=
2	discriminated?
2	diskFileName=
2	diskFlush=
2	diskFlushSize=
2	diskMultiFile=
2	dispatch_jobs
2	dispatch_specs
2	dispatcher
2	display=
2	displayName
2	display_class
2	display_version
2	dist
2	distribunaut
2	distribute
2	district
2	divider
2	division
2	dlog
2	do_exit
2	do_print_image_hr
2	do_print_image_lr
2	do_queue
2	doc=
2	doc_has_block_id?
2	doc_has_header?
2	doc_id
2	document_id
2	document_symbols
2	documentation
2	dogecoin?
2	dogecoin_testnet?
2	dogeify
2	domain_name
2	done!
2	dots=
2	double
2	down!
2	downcase_first
2	downloadUrl
2	download_all
2	downstream
2	dparn
2	dpm_x
2	dpm_y
2	dragging=
2	draw!
2	draw_as_quad
2	draw_frame
2	driver=
2	driver_path=
2	drop!
2	drop_from_each_line
2	drop_until
2	droplets
2	dry_initializer
2	dsl
2	dst=
2	dt
2	due_date?
2	duein
2	dump_error
2	dump_json
2	dump_options=
2	dumper_page_size
2	durations
2	dwData=
2	dynamic=
2	dynamic_every
2	dynamo_db_client
2	e=
2	each_attr
2	each_blob
2	each_buffer
2	each_dir
2	each_edge
2	each_packet
2	each_route
2	each_row_streaming
2	each_scm_build_dir
2	each_strongly_connected_component
2	each_vector
2	each_with_pagename
2	each_word
2	eager_load_all
2	easter
2	echo_invocation
2	edad
2	edge?
2	edge_nodes
2	edit_file
2	editable=
2	editor=
2	editorialgroup
2	effect=
2	eject_cassette
2	elapsed_seconds
2	elastic_ip
2	electron_apps
2	element_path
2	element_type
2	ellipsized
2	elsif?
2	em
2	emacs_editing_mode
2	email_from=
2	embeddable?
2	embedding
2	emit_encoding=
2	emit_index=
2	emitted
2	empty_directory_with_keep_file
2	enable?
2	enable_cascading_updates
2	enable_debug_mode
2	enable_query_cache!
2	encapsulate
2	encode_from_single
2	encode_header
2	encode_json
2	encode_response
2	encrypt_crypto_key
2	encrypt_data
2	encrypted_password
2	end_byte
2	end_of_quarter
2	end_point
2	end_request
2	end_time=
2	enddef
2	endpoint_url
2	enforce_permissions
2	engine_loaded?
2	enqueue_to
2	ensure_clause
2	ensure_reader_open
2	ensure_writer_open
2	entity_expansion_limit=
2	entity_id
2	entropy
2	entry=
2	entry_points
2	enum_parse
2	enum_type
2	enumerate_yields
2	env_for
2	env_key
2	env_value
2	envelope
2	envelope_type_tx
2	envelope_type_tx_fee_bump
2	environment_key
2	episodes
2	eqeqeq_before_magic_xml
2	eql
2	equal
2	equals?
2	equivalent?
2	era_year
2	erase
2	erfc
2	err=
2	errorMessage
2	error_class=
2	error_description=
2	error_exit
2	error_list
2	error_msg
2	errored?
2	errors=
2	errors?
2	escape_argument
2	escape_literal
2	escape_lucene
2	escape_path
2	escape_url
2	escaped_for_zaml
2	establish_site_connection
2	estimate
2	estimate_template_cost
2	euclidean_distance
2	eval_source
2	evaluate_ternary
2	event_loop
2	event_name
2	evt_button
2	evt_menu
2	ex
2	examine_cell
2	example_failed
2	excerpt
2	exchange_declare
2	exchanges
2	exclude_begin?
2	excludes=
2	exec_curl
2	exec_exists?
2	exec_in_proxy_context
2	executable_real?
2	executables=
2	execute_hook
2	execute_local_or_remote
2	execute_nested_merge
2	execute_query
2	execute_request
2	execute_request_filters
2	execute_reviewed_nested_merge
2	execute_single
2	execute_update
2	exif_data
2	existent
2	exists_lock?
2	exit_now!
2	exit_overlay_mode
2	expandMacros
2	expand_all
2	expand_references!
2	expand_script_path
2	expand_shorthand!
2	expanded?
2	expanded_name
2	expect!
2	expect?
2	expectation
2	expectations
2	expensive?
2	expiration
2	expiration_time
2	expire_in
2	expired_at
2	expired_time
2	expires_at=
2	export_actionwords
2	exporter
2	expose
2	expr1
2	expr2
2	ext_load_file
2	extend_backend_for_i18n_auto_scoping
2	extend_class
2	extension_dir
2	external_data
2	external_data=
2	external_walls_depth
2	extra_headers
2	extract_args
2	extract_hits
2	extract_images
2	extract_items
2	extract_method_name
2	extract_response
2	extract_response_text
2	exts
2	eye
2	fType
2	facade
2	face_details
2	fact
2	factor
2	fail?
2	fail_fast
2	failback=
2	failed_execution
2	failover=
2	faint
2	fake_site
2	fakes
2	fakeweb
2	fallbacks
2	false_type?
2	family
2	faraday_options=
2	farm
2	faultstring
2	favorite_count
2	fd
2	feature_elements
2	feature_files
2	feature_list
2	feed_url
2	feed_urls
2	feels_like
2	fetch!
2	fetch_action
2	fetch_hash
2	fetch_header
2	fetch_node
2	fetch_or_store
2	fetch_project
2	fetch_protected_resource
2	fetch_sample
2	fetch_tar
2	ffmpeg
2	field_count
2	field_list
2	field_values
2	fields_key
2	figure
2	file_check
2	file_count
2	file_ids
2	file_manager_file_model=
2	file_manager_image_model=
2	file_modified?
2	file_name_pattern
2	file_references
2	file_sha1
2	file_size
2	file_system
2	file_to_normalized_words
2	filename_validata
2	filepath?
2	files_or_directories_to_run=
2	files_to_htmls
2	filesize
2	fill!
2	fillReport
2	fill_and_stroke
2	fill_opacity
2	filledPolygon
2	filledRectangle
2	filter_attributes
2	filter_files
2	filter_params
2	filter_rows
2	filter_table_names=
2	filterable?
2	filtered_entries
2	filters=
2	fin
2	final_board
2	final_outcome
2	finalization_queue
2	findByUrl
2	findByUsername
2	findItem
2	find_all_by_tag
2	find_by_link_title
2	find_by_login
2	find_by_moji
2	find_by_path
2	find_by_sha1
2	find_by_status
2	find_by_token
2	find_by_year
2	find_command
2	find_component
2	find_css
2	find_emails
2	find_file_by_path
2	find_first_segment
2	find_for
2	find_line
2	find_link
2	find_manifests
2	find_manifests_from_contents
2	find_manifests_from_paths
2	find_matching
2	find_method
2	find_nodes
2	find_objects
2	find_one_for
2	find_ready_for_retry
2	find_script_name
2	find_sites
2	find_value
2	find_with_score
2	find_zone
2	finish!
2	first=
2	first_answer
2	first_answer?
2	first_child
2	first_element
2	fix_case_down
2	fixed_width
2	fixture
2	fixture_path=
2	fizzbuzz
2	flattenFields
2	flatten_hash
2	flatten_images
2	flavor
2	fld
2	fld=
2	flights_parse
2	floor_depth
2	flow
2	flow_id=
2	flushall
2	flushinp
2	fly
2	fname
2	folder_id
2	folder_id=
2	follow_redirection
2	follower_ids
2	font_file
2	font_files
2	footerpos
2	forName
2	for_all
2	for_all_cops
2	for_class
2	for_cop
2	for_from
2	for_gem_extension
2	for_ids
2	force_overwrite
2	foreach_module
2	forecasts
2	forever
2	fork!
2	forks
2	form_authenticity_token=
2	form_digest_value
2	form_with!
2	format_args
2	format_backtrace
2	format_balance_info
2	format_code
2	format_date
2	format_diagnostic
2	format_error
2	format_extension
2	format_hash
2	format_mask=
2	format_new_message
2	format_row
2	format_seconds
2	format_severity
2	format_size
2	formatted_backtrace
2	formula
2	found
2	found_treasures
2	fourth
2	fraction
2	frame_type
2	framerate
2	freeSpace
2	freq
2	freshclam
2	frexp
2	friends_timeline
2	fromPem
2	from_address
2	from_amount
2	from_api_json
2	from_bin
2	from_binding
2	from_block
2	from_cbor
2	from_cents
2	from_cmyk
2	from_color
2	from_content
2	from_coordinates
2	from_currency
2	from_document
2	from_file_by_path
2	from_files
2	from_hsl
2	from_io
2	from_locale
2	from_message
2	from_msgpack
2	from_oklab
2	from_oklch
2	from_openid_request
2	from_orient
2	from_parameters
2	from_point_and_radius
2	from_seed
2	from_state
2	from_str
2	from_success_response
2	from_table
2	from_to
2	from_xdr
2	from_yiq
2	from_yml
2	frontmatter_defaults
2	ftp
2	fu_output_message
2	full_address
2	full_chain
2	fullname
2	function_arn
2	g_parameters
2	game
2	game_id
2	game_over
2	games
2	gamma
2	gateways
2	gather=
2	gather_defaults
2	gbcommittee
2	gbtype
2	gbtype_validate
2	gc
2	gcd
2	ge
2	gei
2	gem_and_require_rails
2	gem_available?
2	gem_data
2	gem_register
2	gemcache_path
2	generate!
2	generate_authenticated_request
2	generate_client_id
2	generate_config
2	generate_css
2	generate_dependencies
2	generate_files
2	generate_helper_methods
2	generate_key!
2	generate_keypair
2	generate_migrations
2	generate_node_config
2	generate_nonce
2	generate_path
2	generate_request
2	generate_route
2	generate_salt
2	generate_signature
2	generate_state
2	generate_summary
2	generate_table_configs
2	generate_token
2	generator=
2	generic
2	geometries
2	geonames_id_from_geo_hash
2	get2
2	getAcroForm
2	getAntVersion
2	getBaseDir
2	getClassLoader
2	getDayOfMonth
2	getDefault
2	getDistance
2	getExistingDirectory
2	getField
2	getHourOfDay
2	getIssue
2	getMBeanInfo
2	getMetaData
2	getMillis
2	getMinuteOfHour
2	getMonthOfYear
2	getMultiNickNameByUids
2	getNoteStoreUrl
2	getObject
2	getPage
2	getPhotos
2	getPipelineWithProperties
2	getProperties
2	getResults
2	getRow
2	getRuntimeConfigurableWrapper
2	getSecondOfMinute
2	getSizes
2	getState
2	getStation
2	getTimeZone
2	getTokens
2	getURLs
2	getUser
2	getValueAsString
2	getValues
2	getYear
2	get_abbrev
2	get_account_balance
2	get_action
2	get_active
2	get_alarm
2	get_alias
2	get_all_instances
2	get_and_store_credentials_from_code
2	get_arabic_characters_map
2	get_array_of_string
2	get_artist_by_id
2	get_artists
2	get_attribute_value
2	get_authorization_url
2	get_batch_result
2	get_binary
2	get_binding
2	get_blank_table
2	get_board
2	get_body_chunk
2	get_by_id
2	get_char
2	get_cmd
2	get_collection
2	get_commands
2	get_confidence
2	get_config_obj
2	get_configuration
2	get_connections
2	get_contents
2	get_cookies
2	get_css
2	get_current_branch
2	get_current_version
2	get_cursor_extent
2	get_cursor_location
2	get_cursor_type
2	get_declared_field
2	get_default_middleware
2	get_description
2	get_device_osv
2	get_diagnostic
2	get_doc_by_fname
2	get_doc_by_fpath
2	get_doc_by_url
2	get_document
2	get_entity
2	get_exchange_rate
2	get_execute_query
2	get_first_match
2	get_flavor
2	get_from_api
2	get_full_year
2	get_function
2	get_gist
2	get_gitkit_certs
2	get_group
2	get_head_commit
2	get_height
2	get_helper
2	get_hosted_zone
2	get_hours
2	get_html
2	get_image
2	get_image_by_fname
2	get_info
2	get_int32
2	get_int64
2	get_json_data
2	get_key_property
2	get_label
2	get_last_by_trigger
2	get_lastest_msg_of_module
2	get_letter_in_format
2	get_log_event
2	get_log_streams
2	get_map
2	get_margins
2	get_matrix
2	get_media_buffer
2	get_minutes
2	get_models
2	get_name_for_attachment
2	get_next_page
2	get_nodes
2	get_num_diagnostics
2	get_number
2	get_oob_code
2	get_or_add
2	get_parameter
2	get_parameters
2	get_params
2	get_path
2	get_personal_info
2	get_pixel
2	get_pixel_color
2	get_pods
2	get_post
2	get_project
2	get_project_metadata
2	get_property
2	get_pullreq_comment_list
2	get_pullreq_list
2	get_query_results
2	get_rack_app
2	get_range
2	get_range_end
2	get_remaining_time
2	get_results
2	get_role
2	get_seconds
2	get_settings
2	get_sidekiq_options
2	get_size
2	get_size_t
2	get_spreadsheet_values
2	get_stations
2	get_storage
2	get_stories
2	get_sub_resource
2	get_submodule_commit
2	get_table
2	get_totals
2	get_transport
2	get_uchar
2	get_uint32le
2	get_uint8
2	get_ulong
2	get_updates
2	get_user_by_email
2	get_user_by_id
2	get_username
2	get_utc
2	get_var
2	get_weather
2	get_windows_ant
2	get_words
2	getattr
2	getbegyx
2	getche
2	getcurx
2	getenv
2	getimagesize
2	getlist
2	getnstr
2	getparyx
2	getpgrp
2	getrlimit
2	gets_safe
2	getterName
2	gettextfile
2	getuid
2	geturl
2	getxattr
2	gid=
2	git_dir
2	git_max_size=
2	git_timeout=
2	github_repo
2	given?
2	givens
2	glClear
2	glEnd
2	glGetProgramiv
2	glGetShaderInfoLog
2	glGetShaderiv
2	glLoadIdentity
2	glMatrixMode
2	glShaderSource
2	glTexCoord2d
2	glVertex3f
2	glViewport
2	gl_add_named_route
2	glfwGetVersion
2	glob_files_in_dir
2	global_format
2	global_key
2	globals
2	glutCreateWindow
2	glutDisplayFunc
2	glutInit
2	glutInitDisplayMode
2	glutInitWindowPosition
2	glutInitWindowSize
2	glutKeyboardFunc
2	glutMainLoop
2	glutPostRedisplay
2	glutSwapBuffers
2	gm
2	gmobile?
2	gnix
2	go_to_page
2	goals
2	gold
2	google
2	got
2	gps_latitude
2	gps_longitude
2	gps_longitude_ref
2	grab
2	grants
2	graph=
2	greeting
2	grep?
2	grey
2	group?
2	group_by_attribute
2	group_names
2	gte
2	gunzip
2	gushfile
2	h3
2	halign=
2	haml_available?
2	hand
2	handle_cookies
2	handle_errors
2	handle_interrupt
2	handle_no_task_error
2	handle_options
2	handler_module_name
2	handles
2	harvest
2	hasChildren?
2	has_adapter?
2	has_ant_installed?
2	has_css?
2	has_files?
2	has_flag?
2	has_input?
2	has_local_changes?
2	has_message?
2	has_next
2	has_next?
2	has_rotation?
2	has_user?
2	hash_data
2	hash_data=
2	hash_notice
2	hashify
2	hashingAlg=
2	hashing_method
2	hashsum
2	have_received
2	head_position
2	header?
2	header_fields
2	headers_build_phase
2	health_check
2	healthy_threshold
2	heating
2	help_now!
2	helper_packages
2	heroku
2	hetero
2	hex2bin
2	hex_span_id
2	hex_to_bytes
2	hex_trace_id
2	hexpand=
2	hi_dir
2	hidden_namespaces
2	hiera
2	high_res?
2	highestSeverity
2	highlight_failed
2	highline
2	history?
2	history_limit
2	hit?
2	hlen
2	hmac_auth_password
2	hmac_auth_password=
2	hmac_auth_user_name
2	hmac_auth_user_name=
2	hmac_data
2	hmac_data=
2	hmac_key
2	hmac_sha512
2	hms
2	holidays
2	homedir
2	homepage=
2	homo
2	hook!
2	hook_exists?
2	hooks_path
2	horizontalHeader
2	horizontal_line
2	host?
2	hostFolder
2	host_port
2	host_with_port
2	hosted_zone
2	hosts=
2	hqmf_set_id
2	hqmf_version_number
2	hs_init
2	hscan
2	hsl
2	hstack
2	html2ssml
2	html_parser=
2	html_report
2	htmls_to_pdfs
2	http01
2	http_adapter
2	http_basic_authentication_enabled=
2	http_client=
2	http_config
2	http_download
2	http_handler
2	http_header_extra=
2	http_reason
2	http_response
2	http_user_agent=
2	hue
2	humidity=
2	hyperlink
2	hypertable_column_name
2	hyphenate_to
2	hypot
2	hypotenuse
2	id_
2	id_field
2	ident?
2	identifier_scheme
2	identify_manifests
2	identities=
2	identity=
2	identity_field
2	idle
2	idmap
2	ie?
2	ie_version
2	ifthenelse
2	ignoreFileName=
2	ignore_actions
2	ignore_custom
2	ignore_files
2	ignored_dirs
2	ilog
2	image_data
2	image_length
2	image_magick_path
2	image_name
2	imap
2	impl
2	implement
2	implements
2	import_class
2	import_conformance_manifest_review_state_envelope
2	import_csv
2	import_review_replay_bundle_envelope
2	import_using_jruby
2	important
2	imports
2	in_combat
2	in_combat=
2	in_deploy_pack?
2	in_natural_order
2	in_overlay_mode?
2	inbound_signature
2	incept
2	inclexcl
2	include_any?
2	include_group?
2	include_in
2	include_model
2	include_root_in_json
2	includes=
2	includes_values
2	inclusive?
2	incoming_phone_numbers
2	incomplete
2	incomplete?
2	incorrect_guesses
2	increment_version
2	incremental_updates
2	index_name
2	indice_masa_corporal
2	indirection
2	infect
2	infinity
2	infix
2	info=
2	info_hash
2	info_hash=
2	info_update?
2	ingredients
2	initWithData
2	init_api_end_point
2	init_attribute_recipients
2	init_context
2	init_dirs
2	init_from_hash
2	init_gemspecs
2	init_index
2	init_operations
2	init_with_file
2	init_with_string
2	initial_network_retry_delay
2	initial_setup
2	initialize_connection
2	initialize_liquid_runtime
2	initialize_logger
2	initialize_on_load
2	initialize_options
2	initialize_sentry
2	initialized
2	initialized=
2	inject!
2	inject_defaults!
2	inject_into_class
2	inline?
2	inline_annotations
2	inline_index
2	inline_source_maps
2	inpsect
2	input_file
2	input_filename
2	input_filename=
2	input_options
2	inscription
2	insert_all!
2	insert_cassette
2	insert_conflict
2	insert_object
2	inside?
2	inspect_node
2	inspection
2	install_dependencies
2	installation_options
2	installed_gems
2	instance_mixins
2	instances=
2	instantiate_subclasses
2	instructions=
2	instrumenter
2	instruments_app_running?
2	int_list_of
2	int_of
2	intense_red
2	intense_white
2	interactive
2	intercept!
2	interface=
2	interpolates
2	into
2	introduce
2	invalid_json
2	invalidation
2	invisible
2	invite_in_room_path
2	invoke_model
2	io=
2	ios_app_master_secret
2	ios_appkey
2	ipAddress
2	ip_permissions
2	ipv4_mapped?
2	ipv6_loopback?
2	isArray
2	isCollection?
2	isNull
2	isNumber
2	isObject
2	isRoot?
2	isWindow
2	is_a
2	is_branch?
2	is_bundler?
2	is_current?
2	is_function
2	is_hex?
2	is_i?
2	is_json?
2	is_last=
2	is_list?
2	is_multirequest
2	is_number?
2	is_ordinal?
2	is_running?
2	is_unit?
2	is_up_to_date?
2	is_url?
2	is_variable_name?
2	is_xml?
2	isa
2	isbitset?
2	isnan
2	iss
2	issue_date
2	it_keys_to_sym
2	item_id=
2	item_name
2	iterinit
2	iternext
2	ivar_type?
2	ivars
2	jail
2	jar
2	jar_path
2	jarfile
2	jid
2	jitter
2	jj
2	jlength
2	job_class
2	job_status
2	join_table
2	joint
2	journal
2	jpeg_interchange_format
2	jpeg_interchange_format_length
2	jruby
2	jrubyparser
2	js
2	js_files
2	js_import
2	json_file_to_hash
2	json_get
2	json_schema
2	json_set
2	json_to_html
2	jsonify
2	judge
2	kbhit
2	kbml
2	kcv=
2	kdtree
2	keep_alive
2	keep_around
2	keep_merge
2	key1
2	key2
2	key_id
2	key_len=
2	key_pair
2	key_path
2	key_set
2	keyspace
2	keyval
2	kid=
2	kill_instruments
2	kind=
2	king
2	klass=
2	klass_from_handler
2	klass_to_names
2	kml
2	known_models
2	kqueue=
2	kv
2	l=
2	label_tag
2	lan
2	lang_version=
2	language_group_configs
2	language_select
2	last!
2	last_build
2	last_date
2	last_error
2	last_id
2	last_item
2	last_location
2	last_modified=
2	last_month
2	last_output
2	last_status
2	lastc=
2	lastupdate
2	lat=
2	lat_lng?
2	lat_long_to_utm
2	latest_danger_version
2	latest_specs
2	latest_value
2	launch_browser
2	launch_url
2	layer
2	layout=
2	layout_configurations_dir=
2	layouts=
2	lchmod
2	league_id
2	league_name
2	leagues
2	learn
2	left=
2	left_outer_joins
2	len=
2	length1
2	lexer
2	lgamma
2	lhs
2	lib_folder
2	lib_root=
2	libpath
2	library_version
2	license=
2	lifecycle
2	lifecycle_hooks
2	lifecycle_state
2	like?
2	limit_value=
2	line_cap_style
2	line_comments
2	line_count=
2	line_dash_pattern
2	line_erase
2	line_for_position
2	line_max
2	line_no
2	line_start
2	line_to
2	linear_ring
2	lineno=
2	lineplot
2	link_handler=
2	link_local?
2	link_type=
2	link_with!
2	lint
2	lis
2	list!
2	list=
2	listNotebooks
2	list_commit_comments
2	list_events
2	list_extensions
2	list_groups
2	list_items
2	list_joined_rooms_path
2	list_names
2	list_optional
2	list_passwords
2	list_public_rooms_path
2	list_queues
2	list_required
2	list_resource_record_sets
2	list_top_dependency_violations
2	list_top_privacy_violations
2	list_type
2	listened_queues_only
2	listener
2	literal_properties
2	live_service_url
2	lng=
2	loadClass
2	load_adapters
2	load_all!
2	load_ant_libs
2	load_api
2	load_attributes
2	load_balancer_attributes
2	load_balancer_name
2	load_books
2	load_category
2	load_classes
2	load_client_configuration
2	load_column_processors
2	load_config_file
2	load_config_from_file
2	load_configs
2	load_dependencies
2	load_dependencies!
2	load_dictionary
2	load_dir
2	load_file_info_list
2	load_file_info_list_from_contents
2	load_file_info_list_from_paths
2	load_files!
2	load_filters
2	load_from_binary
2	load_from_env
2	load_from_pem
2	load_from_response
2	load_helpers
2	load_history
2	load_json
2	load_localizables
2	load_models
2	load_obj
2	load_parser
2	load_path!
2	load_plugin
2	load_plugins_for
2	load_programming_language
2	load_schedule!
2	load_spec_comments!
2	load_string
2	load_synthesis_data
2	load_template
2	load_time
2	loaded_tasks
2	loaded_tasks=
2	loader=
2	loadpath
2	loc_start
2	local_commits
2	local_dir
2	local_environments=
2	local_variable_defined?
2	locale_name
2	locales=
2	locality
2	location_constraint
2	location_id
2	location_of_caller
2	location_rerun_argument
2	locations
2	locator
2	locator_namespace=
2	lock_down
2	lock_ttl
2	locked?
2	locked_gems
2	locked_time
2	locked_times
2	log10
2	logClose
2	logInit
2	logIt
2	logMessage
2	log_calls
2	log_dbg
2	log_err
2	log_file_path
2	log_format
2	log_headers
2	log_options
2	log_output
2	log_request
2	log_streams
2	logging?
2	logging_configuration
2	logical_path
2	login_jabberid=
2	login_jabberpass=
2	logo
2	logon
2	logstash
2	long_clauses
2	long_display
2	look_up
2	lookup_by_content_type
2	lookup_by_filename
2	lookup_path
2	losses
2	lpData=
2	ls_remote
2	ly
2	mac
2	macaddress
2	magic_close
2	magic_error
2	magic_load
2	magic_open
2	magnets_diameter
2	magnets_height
2	maii_cache_key
2	mail_on_error?
2	main_iteration
2	main_iteration_do
2	main_menu
2	main_object=
2	make!
2	makeParser
2	make_cache_dirs
2	make_components_hash
2	make_conflicted_cell
2	make_error_from_response
2	make_insert_statement
2	make_link
2	make_model
2	make_peers
2	make_public!
2	make_root
2	make_tree
2	management
2	manager
2	manager=
2	manifest=
2	manifest_path
2	manual
2	map_reduce
2	map_tables
2	map_values!
2	mapped_resource
2	margin
2	margin_bottom
2	margin_top
2	mark_for_destruction
2	mark_spaces
2	markups
2	marquee
2	masgn_type?
2	mask=
2	mask_ips
2	mass
2	master_key
2	match!
2	match_gem?
2	match_one
2	match_toml_owners
2	matching_expression
2	matching_specs
2	matrix_to_svg
2	mattr_reader
2	maxBusyTime=
2	max_age
2	max_fragment_blob_size
2	max_lags
2	max_line_length
2	max_network_retry_delay
2	max_size
2	max_width
2	maximum_size
2	maxlength=
2	may_cache?
2	maybeConfigure
2	maybe_parse
2	mb=
2	mcp
2	measure_attributes
2	mechanizer
2	medium_clauses
2	meets_version_requirement
2	memberships
2	memcache_cas
2	memcache_flags
2	memoize=
2	memory2
2	memorySize
2	memory_size
2	memory_size=
2	menus
2	merchant=
2	merchant_city
2	merge_hash
2	merge_pull_request
2	merge_toml_with_parser
2	mergeable
2	merged
2	merged_at
2	merged_result
2	messageBox
2	message_block
2	message_lines
2	messages_for
2	metaphone
2	meter_provider=
2	meth
2	method_call
2	method_return
2	metric_alarms
2	metrics=
2	middleware=
2	migration_connections_should_exist
2	migration_template
2	migrations_paths=
2	milestones
2	mime
2	mime_type_value
2	mimetype
2	min_width
2	minify_output=
2	minimize
2	minimum_qr_size_from_string
2	minimum_size
2	minitest?
2	minor_version
2	minus
2	minutes_logged
2	mip
2	missed_branches
2	mk_wcswidth
2	mkd_generation_requirements
2	mkd_initialize
2	mmap
2	mobifone?
2	mobile_apps
2	mock_auth
2	mod_pow
2	model_config
2	model_data
2	model_files
2	model_files=
2	model_id
2	models=
2	modifier
2	modifier=
2	modifier_form?
2	modul
2	module_names
2	module_parent
2	modulus
2	mon_initialize
2	mongoid?
2	monitored
2	month=
2	more_parts?
2	morse_to_text
2	most_recent
2	mostra_tudo
2	mote
2	mount_point
2	mount_under
2	mounted_path
2	mouse
2	move!
2	move_clauses_into_preface
2	move_from
2	move_index
2	move_progress
2	move_to_pack!
2	move_to_parent!
2	move_units
2	move_without_extras
2	moved
2	msearch
2	msg=
2	msync
2	multiplier
2	multireturn
2	munge
2	munge!
2	municipalities_from_province_istat
2	municipalities_from_region_istat
2	municipalities_from_zone_code
2	munmap
2	must_be_a
2	mutate!
2	mvgetnstr
2	mvwgetnstr
2	mvwinchnstr
2	mvwinchstr
2	mvwinnstr
2	mvwinstr
2	mvwscanw
2	mysql
2	na
2	namecoin?
2	named_children
2	names=
2	nameserver=
2	namespace_definitions
2	namespace_scopes
2	namespaced_params
2	namespaces=
2	national_format
2	national_holiday?
2	national_id
2	national_id=
2	neat_generate
2	need_to_wait_and_retry
2	needle=
2	needs_cursor?
2	needs_migration?
2	needs_signing
2	negate!
2	negated?
2	negative
2	neon
2	nested_attributes_options
2	nested_type
2	nesting_level
2	netmask
2	network_interfaces
2	never?
2	new_account
2	new_client
2	new_for
2	new_from_buffer
2	new_from_data
2	new_from_hash_copying_default
2	new_from_json
2	new_image
2	new_item
2	new_item_prefix=
2	new_key
2	new_link
2	new_order
2	new_panel
2	new_path
2	new_point
2	new_version
2	new_with_configuration
2	new_zeros
2	newdesttype
2	newest
2	nexmo
2	next!
2	next_interval
2	next_key
2	next_node
2	next_out=
2	nfriends_col
2	ngram
2	ngrams
2	nickname=
2	nics
2	nil
2	ninfos
2	no
2	no_more_warnings
2	no_user?
2	noblanks
2	node?
2	node_for_path
2	node_path=
2	node_paths
2	nodelay
2	nodes=
2	noent
2	non_cascading_delete
2	non_cascading_store
2	non_example_failure=
2	non_public?
2	nonce=
2	noncity_part
2	nonet
2	noraw
2	normalize_color
2	normalize_name
2	normalize_number
2	normalize_object
2	normalize_range
2	normalize_string
2	norwegian_county_select
2	not_found_exception_class_name
2	not_to?
2	notes=
2	notifier_classes
2	notify_class
2	notify_exception
2	notify_writable=
2	ns
2	nth
2	ntlm_v1_response
2	null_space
2	null_value=
2	nullable?
2	num=
2	numCpuCores
2	num_workers=
2	number_pages
2	numblock_type?
2	numerical?
2	oauth_token=
2	obj
2	objc_send
2	objectName=
2	object_attributes
2	object_cache
2	object_class
2	object_classes
2	object_exists?
2	observations
2	observe
2	observer
2	obviously_worldwide?
2	oct
2	of_sender
2	of_string
2	off?
2	offer
2	offset_value
2	offset_value=
2	offset_x
2	offset_y
2	old_add
2	old_method_missing
2	old_new
2	old_parse
2	old_reconnect!
2	old_transaction_key
2	old_write
2	ole_free
2	on_body=
2	on_change
2	on_close
2	on_continue
2	on_create
2	on_curve?
2	on_cyan
2	on_data
2	on_data=
2	on_exception
2	on_exists_proc=
2	on_exit
2	on_fail
2	on_head
2	on_im
2	on_init
2	on_light_blue
2	on_light_red
2	on_light_yellow
2	on_linux?
2	on_mac?
2	on_magenta
2	on_quit
2	on_signal
2	on_started
2	on_stop
2	open!
2	open4
2	open_browser
2	open_editor
2	open_offline
2	open_port
2	open_session
2	openapi
2	openvpn_status_path
2	operate
2	operation_instructions
2	opposite
2	opt_in
2	optimize_image!
2	option?
2	option_names
2	option_parser
2	option_with
2	optional_keywords
2	optional_positionals
2	options_for_cache
2	options_hash
2	opts_key
2	or_asgn_type?
2	order_id
2	order_values
2	org=
2	organization_enabled
2	organization_teams
2	orient
2	orig_init
2	orig_net_http_do_start
2	orig_net_http_read_body
2	orig_net_http_request
2	orig_sources
2	origin=
2	original_hash
2	original_initialize
2	original_name
2	original_options
2	original_run
2	orm=
2	other_repos
2	outByteLength=
2	outbound_signature
2	outdated
2	outer_xml
2	outgoing
2	outgoing_transition_duration=
2	outliers_factor
2	outline
2	output_extension
2	output_file=
2	output_filename=
2	output_paths=
2	output_single
2	output_text
2	output_to_string
2	outside_bounds
2	overlap
2	overlap?
2	overlaps_with?
2	overload!
2	override_attributes
2	override_background_color
2	override_bcc=
2	override_cc=
2	override_recipients=
2	overrides
2	overwrite?
2	own_dependencies
2	owned?
2	p_value
2	pa
2	pack_sockaddr_un
2	pack_uuid_str
2	package_names_for_files
2	packwerk_cli_execute_safely
2	pad!
2	page_annots
2	page_break
2	page_info
2	page_load=
2	page_name
2	page_size
2	page_size=
2	pages=
2	paginates_per
2	pair
2	pairtree_version_filename
2	panic
2	param_names
2	paranoid?
2	parens
2	parent?
2	parent_class
2	parent_id_field
2	parent_node
2	parents=
2	parse?
2	parse_all
2	parse_and_verify
2	parse_answer
2	parse_attributes
2	parse_bing_api
2	parse_body
2	parse_concept
2	parse_config
2	parse_context
2	parse_dictionary
2	parse_error_response
2	parse_fragment
2	parse_google_api
2	parse_hash
2	parse_headers
2	parse_image
2	parse_included_ontologies
2	parse_mapquest_api
2	parse_match
2	parse_object
2	parse_opts
2	parse_page
2	parse_path
2	parse_pattern
2	parse_results
2	parse_stage
2	parse_time
2	parse_tree_for_proc
2	parse_with_debug
2	parse_yaml
2	parsed?
2	parsed_segments
2	parsed_uri
2	parsed_url
2	parser_type=
2	part_of_speech
2	partial
2	partial_expand
2	partial_search
2	partial_sums
2	pascalcase
2	passiveMessage
2	passthrough_uri_map
2	passthrough_uri_matches?
2	past?
2	patch_id
2	patch_raw
2	patch_rubygems_update_index_pre_1_8_25
2	path_canonicalize
2	path_check
2	path_exist?
2	path_field
2	path_name
2	path_to_require
2	pathize
2	paths_include?
2	patronymic
2	patterns=
2	payment_attributes
2	payment_method
2	payment_request
2	paypal
2	pbcopy
2	pci_devices
2	pdfs_to_pdf
2	peek_result
2	peers
2	peh_error_occured
2	pem
2	pem_and_password
2	pending_notifications
2	pennString
2	percent_literal?
2	perform_all_later
2	perform_check
2	perform_in
2	perform_without_debug
2	period=
2	periods_for_local
2	permalink_options
2	permission
2	permission?
2	permit!
2	permutations
2	person
2	peso
2	phantomjs
2	phase
2	phone_number=
2	phrases
2	pi
2	pie
2	pin_mode
2	pipeline
2	pipeline=
2	pitches
2	pixbuf=
2	pizza_restaurants
2	pj
2	pk
2	pkey
2	plain_old_ruby_object
2	plain_text
2	plannumber
2	plans
2	platform=
2	platform_options
2	play!
2	player_choice
2	player_outcome
2	playlist
2	plugin_name=
2	plural_name
2	pname
2	png
2	pngStr
2	png_crc
2	pnormaldist
2	poll_until
2	polygon_clip
2	pong
2	popular
2	populate!
2	population
2	popup
2	port_in_use?
2	positives
2	posix?
2	posleft=
2	posright=
2	post!
2	post=
2	postNotificationName_object_userInfo_deliverImmediately
2	post_configure_edge_gateway_services
2	post_file
2	post_id=
2	post_initialize
2	post_invalidation
2	post_json
2	post_message
2	post_raw
2	post_request
2	post_single
2	post_stream
2	post_title=
2	postalCode=
2	postcode
2	poster_path
2	postpone
2	postprocess
2	power
2	power_off
2	pr_json
2	pre_checkout_transaction_id
2	pre_checkout_transaction_id=
2	pre_unversioned_install
2	prebuild
2	preceding_comment?
2	preceding_lines
2	precipitation
2	preconditions
2	prefix?
2	prefix_hex
2	prefs
2	preload_all
2	premultiply
2	prepare_data
2	prepare_message
2	prepend_after_filter
2	prepend_file
2	prepend_sources
2	preprocessor
2	prerelease?
2	prerequisites
2	pres_dir
2	presenter
2	presenter_for
2	preset_name
2	pressure=
2	pretext
2	prettify
2	pretty_print_inspect
2	prettyprint_default=
2	prev_week
2	prevent_operator_matchers
2	preview_size
2	previous_changes
2	prevtrkey
2	pricing
2	print!
2	print_example_passed
2	print_file
2	print_item
2	print_should_eventuallys
2	print_status
2	print_success
2	print_totals
2	printer=
2	println
2	private_addresses
2	private_id
2	private_to_pem
2	private_token=
2	problem
2	procedure
2	processShipment
2	process_all
2	process_data
2	process_mine?
2	process_response
2	process_running?
2	processed=
2	processed_headers
2	processing_instruction?
2	processing_job_class
2	processor_for
2	prod
2	produce
2	product_name
2	product_ref
2	productcode
2	production_mode
2	profile=
2	profile_channel_association_id
2	progress_reports
2	project_path=
2	project_roles
2	project_root=
2	promote
2	promoted
2	prompt!
2	prompt_for_pair
2	prompt_prefix
2	prompt_tokens
2	prompt_user
2	prompts
2	propagate
2	properties_
2	propisju_shtuk
2	protect
2	protect_from_forgery
2	proto=
2	protocol=
2	prototype
2	provider_job_id
2	provider_name
2	province_from_istat
2	provinces
2	provinces_from_region_istat
2	provinces_from_zone_code
2	provision
2	provisioners
2	proxies
2	proxy_address
2	proxy_class
2	proxy_uri
2	proxy_url=
2	prune!
2	pseudo_bytes
2	pttl
2	pubkey_to_address
2	public_addresses
2	public_api_key
2	public_environments=
2	public_ip
2	public_keys_match_issuer?
2	public_keys_match_username?
2	public_to_pem
2	publish!
2	published_at
2	pull_regex
2	pull_request_comments
2	punctuated_clauses
2	pure
2	purpose
2	push_files
2	put_array_of_float
2	put_att
2	put_bucket_website
2	put_connections
2	put_copy_data
2	put_copy_end
2	put_metric_data
2	put_raw
2	put_record
2	put_rule
2	put_targets
2	put_user_policy
2	puttextfile
2	pyfrom
2	qos
2	qualified?
2	qualified_const_defined?
2	quantity=
2	queries=
2	queryMore
2	query_count
2	query_options
2	query_single_row
2	queryable
2	question=
2	queue=
2	queue_adapter_name
2	queue_bind
2	queue_declare
2	queue_service_action_call
2	queued
2	quiet?
2	quietly
2	quit!
2	quit_gracefully
2	quite
2	quote_for_diff
2	quote_style
2	rad
2	radio
2	radio_sym
2	radiobutton_with
2	radius_circle_inside_triangle
2	rails_template_cache
2	rails_template_cache=
2	rails_version
2	railtie_name
2	railties
2	raise_exception
2	raise_for_status
2	raise_in_transactional_callbacks=
2	raise_not_found_error=
2	raise_on_save_failure=
2	raise_parse_error!
2	raises
2	ramazon
2	rand_norm
2	random_example
2	random_integer
2	random_password
2	random_proxy
2	random_str
2	random_string
2	randomize
2	randomize!
2	range_with_surrounding_space
2	ranges
2	ranked
2	ransackable_attributes
2	ratio
2	raw_body
2	raw_data=
2	raw_dup
2	raw_no_echo_mode
2	raw_response
2	raw_response=
2	rawhtml=
2	rdata
2	rdoc
2	re
2	read!
2	read_all
2	read_an_ISI_record
2	read_array_of_int
2	read_array_of_pointer
2	read_array_of_uint64
2	read_byte
2	read_char
2	read_config_file
2	read_field
2	read_identifier
2	read_int32
2	read_int64
2	read_line
2	read_metadata
2	read_only=
2	read_pem
2	read_string_to_null
2	read_uint32
2	read_uint8
2	read_until
2	read_utf8!
2	readables
2	readframe
2	readme
2	readmultiline
2	readonly!
2	readonly?
2	readsof
2	readuntil
2	real?
2	real_method_missing
2	realm=
2	reap
2	reason_code
2	reason_code=
2	rebase
2	reboot
2	rec_start_tc
2	recaptcha
2	received
2	recent
2	recipient
2	recipient_name
2	recipient_name=
2	reconnect
2	record!
2	record_cache_config
2	record_net_calls
2	records=
2	records_for_rebuild
2	recoverable
2	recoverable=
2	recurring
2	recursive_symbolize_keys!
2	redirect!
2	redis_connect
2	redis_key
2	redownload
2	refType
2	refType=
2	refer
2	reference=
2	reference?
2	reference_for
2	referrals
2	reflect
2	reflection
2	refresh_line
2	refresh_token_grant_name
2	refresh_token_name
2	refund_request
2	refute_equal
2	refute_match
2	regenerator
2	regexify
2	region_from_istat
2	region_name
2	regions_from_zone_code
2	registerHelper
2	register_adapter
2	register_any_protos
2	register_compressor
2	register_defaults
2	register_descriptor_protos
2	register_exc
2	register_fallback
2	register_fetcher
2	register_global
2	register_handler_namespace
2	register_helper
2	register_hook
2	register_one
2	register_parser
2	register_passthrough_uri
2	register_processor
2	register_provider
2	register_rb_hook
2	register_runner
2	register_stylesheet_expansion
2	register_timestamp_protos
2	register_tool
2	registered
2	reify
2	rejected
2	related
2	related_posts
2	relations_for
2	relationship
2	relationship?
2	relative_directory
2	release=
2	release_capture
2	release_date
2	reload_config!
2	remember_host!
2	reminder_minutes
2	reminder_minutes=
2	remote_addr
2	remote_call
2	remote_exec
2	remote_host
2	remote_info
2	remote_segment
2	remote_up_to_date?
2	removeChild
2	remove_all
2	remove_blanks
2	remove_file_annotation!
2	remove_files
2	remove_first_element
2	remove_from_project
2	remove_http_and_www
2	remove_index
2	remove_passthrough_uri
2	remove_path
2	remove_readonly_attributes
2	remove_repo
2	remove_suffix
2	remove_whitespace
2	renamed_files
2	render_all
2	render_cell
2	render_doc
2	render_field_if_template
2	render_html
2	render_no_newline
2	render_rsvg_handle
2	render_to
2	render_xml
2	rendered=
2	renew
2	repeated_combination
2	repl
2	replace_in_file
2	replace_route
2	replicate
2	replier
2	replies
2	reply_code
2	reply_text
2	reply_to
2	reply_to_message
2	replyto=
2	repo=
2	report=
2	report_directory
2	report_error
2	report_file
2	report_line
2	report_test_failures
2	reporter=
2	repos=
2	repository=
2	repositoryURL=
2	repository_url
2	req_int
2	request_async
2	request_cache_or_info
2	request_completed
2	request_id=
2	request_line
2	request_map
2	request_params
2	request_pull_request_review
2	request_put
2	request_service
2	request_type
2	request_validation
2	request_verification
2	request_xml
2	requested_specs
2	requester
2	require_classpath
2	require_jars
2	require_library_or_gem
2	require_params!
2	require_test_classpath
2	require_to_class
2	require_to_path
2	require_warn
2	required_keywords
2	required_parts
2	required_positionals
2	required_ruby_version
2	required_rubygems_version
2	requirement=
2	resample_bilinear
2	resample_bilinear!
2	resample_nearest_neighbor
2	resbody_type?
2	rescue_clause
2	rescue_type?
2	rescue_with_handler
2	reserve?
2	reserved
2	reset_all
2	reset_column_information
2	reset_data
2	reset_sequences
2	reset_sources
2	resizable=
2	resize_to_fill!
2	resize_to_limit
2	resolvable?
2	resolvable_future
2	resolve_dependencies
2	resolve_member
2	resolve_name
2	resolve_remotely!
2	resolved
2	resolver
2	resource=
2	resourceType
2	resource_collection
2	resource_is_valid?
2	resource_mapper=
2	resource_named
2	resource_record_sets
2	resources=
2	resources_path
2	resp
2	respond_with
2	responder
2	response_body=
2	response_exception_class=
2	response_limit
2	response_status
2	response_xml
2	rest_keywords
2	rest_positionals
2	restart_browser
2	restore_access_token
2	restore_cookies
2	restore_default_search_path
2	restore_mode
2	restore_state
2	result_below_one_thousand
2	result_key
2	resultcode_ok?
2	retained_memory_by_location
2	retrieve_connection
2	retrieve_connection_pool
2	retry_all
2	retry_delay
2	retryable?
2	retun
2	return=
2	return_path
2	return_type?
2	return_value
2	retweet_count
2	rev_parse
2	reverse_geocode
2	reverse_lookup
2	reverse_proxy
2	revert
2	revoke
2	revoke_security_group_ingress
2	revparse
2	reward_program
2	reward_program=
2	rewrite!
2	rewrite_ast
2	rl_attempted_completion_over=
2	rl_basic_quote_characters
2	rl_basic_quote_characters=
2	rl_basic_word_break_characters
2	rl_basic_word_break_characters=
2	rl_cleanup_after_signal
2	rl_completer_quote_characters
2	rl_completer_quote_characters=
2	rl_completer_word_break_characters
2	rl_completer_word_break_characters=
2	rl_completion_append_character
2	rl_completion_append_character=
2	rl_deprep_terminal
2	rl_emacs_editing_mode
2	rl_filename_quote_characters
2	rl_filename_quote_characters=
2	rl_instream=
2	rl_library_version
2	rl_outstream=
2	rl_prompt
2	rl_vi_editing_mode
2	rmerge!
2	rmr_number
2	robot
2	role=
2	role_requirements=
2	room
2	room_id
2	rooms
2	rooms_message
2	root_collection
2	root_dir=
2	root_domain
2	root_fiber
2	root_key
2	root_name
2	root_node
2	root_path=
2	rootify
2	roots
2	rosters
2	round_to
2	rounded_rectangle
2	route_blocks
2	route_from
2	router=
2	row_spacing=
2	rowconfigure
2	rows_to_be_inserted
2	rpc
2	rpi
2	rpmInitMacros
2	rpmReadConfigFiles
2	rpop
2	rrule=
2	rspec_config=
2	rts=
2	ru_en?
2	ruby_value
2	rubyforge_project
2	rule_id
2	rule_num
2	runUntilDate
2	run_at=
2	run_cmd
2	run_config
2	run_id=
2	run_instances
2	run_local
2	run_locally
2	run_proc
2	run_proxy?
2	run_real
2	run_safe
2	run_script
2	run_statement
2	run_tests
2	run_till_terminated_or_interrupted
2	run_with_options
2	runnables
2	running_log
2	running_on_windows?
2	runs
2	runtime=
2	rxpath
2	s3
2	s3_configuration
2	s3_connect
2	s3_key
2	s3_upload
2	s=
2	sBox
2	safe_mode=
2	safe_mode_from_options
2	safe_name
2	same?
2	sample_rate
2	sampler
2	sandbox_root
2	sane_exit
2	sane_get_devices
2	sane_get_option_descriptor
2	sane_init
2	sane_strstatus
2	sanitize!
2	sanitize_options
2	sass
2	sass_load_paths
2	satisfy?
2	save_access_token
2	save_and_open_page_path=
2	save_changes
2	save_changes!
2	save_content
2	save_data
2	save_file
2	save_media
2	save_piece
2	save_state
2	save_to
2	save_to_file
2	save_to_filename
2	saved
2	saved_changes
2	saved_session
2	sax_html
2	scalar
2	scalar?
2	scaled_put
2	scan_all
2	scan_dir
2	scan_file
2	scenario_outline
2	scenes=
2	scheduled_size
2	schedules
2	schema_defaults
2	schema_format=
2	schemas=
2	scheme_list
2	schemes
2	sclass_type?
2	scm
2	scoping
2	score_conversion!
2	scrape_details
2	scrape_events
2	screen_erase
2	script=
2	script_for
2	script_src
2	scroll_to
2	scrollok
2	sdk_version
2	seal_message
2	search!
2	search_by
2	search_parameter_finders
2	search_parameter_finders=
2	search_parameter_models=
2	search_parameter_patterns=
2	search_path
2	search_paths
2	search_with_page
2	secret_manager_service
2	secret_token
2	section?
2	sections?
2	sectname
2	sectnum
2	sector
2	secure_comparator_append_secret
2	secure_comparator_create
2	secure_session_create
2	sed
2	see
2	seed=
2	seed_used?
2	seeders
2	seeds
2	segment_delim
2	segments=
2	select_db
2	select_fields
2	select_map
2	select_sym
2	select_tag
2	selectionBehavior=
2	self_and_siblings
2	self_closing
2	sell_price
2	seller
2	send_all
2	send_api_request
2	send_cmd
2	send_emails
2	send_error_mail
2	send_get
2	send_messages
2	send_metric
2	send_pullreq_comment
2	send_query
2	send_stream
2	send_strings
2	send_to_houdini
2	send_v1
2	sendmail
2	sentry?
2	separator?
2	seq_cache_size
2	sequence?
2	serialized
2	serialized_attributes
2	serializer_mapper=
2	server_name=
2	server_side_rendering=
2	server_url=
2	service_account_connect
2	service_configs
2	service_for
2	service_ids
2	servlet_context
2	session_bus
2	session_key
2	session_options
2	session_store
2	session_token=
2	setAttributes
2	setBasedir
2	setByteStream
2	setCaption
2	setCurrentGroup
2	setDTDHandler
2	setDefault
2	setEmacsMode
2	setEntityResolver
2	setErrorHandler
2	setErrorPrintStream
2	setHorizontalAlignment
2	setHorizontalHeaderLabels
2	setImage
2	setMessageOutputLevel
2	setName
2	setNamespace
2	setOptionFlags
2	setOutputPrintStream
2	setOwningTarget
2	setProject
2	setQName
2	setRuntimeConfigurableWrapper
2	setSize
2	setState
2	setTaskName
2	setTaskType
2	setText
2	set_account_path
2	set_action
2	set_attr
2	set_attributes
2	set_client_cert_file
2	set_col
2	set_comm_inactivity_timeout
2	set_configuration
2	set_content
2	set_current_bucket_to
2	set_cursor
2	set_cursor_pos
2	set_custom
2	set_data_source_type
2	set_defaults!
2	set_desired_capacity
2	set_dl_path
2	set_dynos
2	set_editable
2	set_fields
2	set_filter
2	set_font
2	set_forced_path
2	set_foreground
2	set_get_params_to_url
2	set_global_version
2	set_halign
2	set_height
2	set_host_name
2	set_info
2	set_item
2	set_label
2	set_level
2	set_line_width
2	set_location
2	set_log
2	set_mime_types
2	set_modal
2	set_model_probers
2	set_overlay_pass_through
2	set_parent
2	set_parser
2	set_paths
2	set_pixel_color
2	set_playlist
2	set_position
2	set_query
2	set_range
2	set_requested_heartbeat
2	set_resource_base
2	set_row
2	set_search_path
2	set_selected
2	set_settings
2	set_size
2	set_source
2	set_source_rgb
2	set_string
2	set_tag
2	set_thread_pool
2	set_timezone
2	set_titlebar
2	set_to
2	set_user_name
2	set_username
2	set_valign
2	set_verbosity
2	set_virtual_host
2	set_visibility
2	set_warnings
2	set_window_icon
2	set_xlabel
2	set_ylabel
2	setfilter
2	setrlimit
2	setter
2	setterName
2	setter_method?
2	settings_file
2	settings_file_path
2	settings_strings
2	setup=
2	setup?
2	setup_complete
2	setup_environment
2	setup_logging
2	setup_options
2	setup_rails!
2	setup_ssh_keys
2	setup_statistics_collection
2	sex
2	sexo
2	sfloat
2	sftp
2	share
2	shareable?
2	shared_data_dir
2	shared_instance
2	sheet_name=
2	shell_path=
2	shift_id
2	shipmentRateDetails
2	shipmentRating
2	shipping_address
2	shipping_address_id
2	shipping_address_id=
2	shipping_addresses
2	shipping_query
2	shipping_value
2	shoot
2	short_clauses
2	short_desc
2	shortcut
2	shortname
2	shoulds
2	shout
2	show_belongs_to
2	show_close_button=
2	show_color_selector
2	show_failure
2	show_font_selector
2	show_label=
2	show_location
2	show_modal
2	show_output=
2	show_source
2	show_teams
2	show_uri_on_window
2	show_ver
2	shrink_wrap
2	shwing
2	sidekiq_options_hash=
2	sig
2	sign_message
2	sign_schnorr
2	signal_connect_after
2	signal_handler_for
2	signatory
2	signature=
2	signature_for_method
2	signatures
2	signed?
2	signed_or_encrypted
2	signer
2	signer_key_type_ed25519
2	signer_key_type_hash_x
2	signer_key_type_pre_auth_tx
2	signo
2	sigs
2	silence_filter_announcements=
2	silent?
2	similarity_search
2	simple
2	simple_get
2	simple_mercator_factory
2	simple_put
2	simple_rows
2	simplified
2	simulate
2	sing
2	single_line?
2	single_match
2	single_threaded=
2	sinh
2	sinter
2	site_key!
2	sitemap
2	skip_before_filter
2	skip_before_filter=
2	skip_if
2	skipped
2	skipped_count=
2	skipping
2	slack
2	sli
2	sli=
2	slice_when
2	slides
2	slope_angle
2	smoke
2	sms_number
2	snakeize
2	soa
2	soap
2	socket=
2	socket_timeout
2	socks_server
2	solidus_version
2	solved?
2	songs
2	sortByColumn
2	sort_column_id=
2	sort_files!
2	sort_index
2	sort_params=
2	sorted
2	sorted_station_objects
2	sorter
2	sortingEnabled=
2	sound
2	soundex
2	source_account_ed25519
2	source_attributes
2	source_code
2	source_key
2	source_name
2	source_of
2	space?
2	span_id
2	speak_up
2	specifications
2	specs_for
2	speed
2	spelling
2	spherical_factory
2	sphinx_indexes
2	sphinx_scopes
2	spi
2	splitNameSpace
2	split_params
2	spop
2	spreadsheet_id
2	sprout
2	sql_escape
2	sql_query
2	srand
2	srandmember
2	src_dir
2	ssh=
2	ssh_options=
2	ssh_type
2	ssid
2	ssl_client_auth
2	ssl_enabled
2	ssl_version
2	ssr_hot_asset_url=
2	staged?
2	stale?
2	standard_agency1
2	standardize
2	standout
2	start2
2	start=
2	start_container
2	start_driver
2	start_dump
2	start_element?
2	start_path
2	start_point
2	start_request
2	start_session
2	start_time=
2	start_trace
2	start_watching
2	start_with_lowercase?
2	started
2	startswith
2	starttls
2	stash_pop
2	stashes
2	state_for_identifier
2	state_getRuntimeVersion
2	state_name
2	static
2	station_objects
2	station_times
2	stats_for_keys
2	stats_for_path
2	status_check
2	status_line
2	status_message
2	stdin
2	stdin=
2	sticker
2	stitch
2	stop_words
2	stop_words=
2	stops
2	stopwords
2	storage_config=
2	storage_volume
2	store!
2	store_file
2	store_in
2	store_in_cache
2	store_path
2	store_pixels
2	store_translations
2	stored_token
2	story_id
2	str_difference
2	str_pad
2	stream=
2	stream_close
2	streams
2	street
2	strength
2	strerror
2	stretchLastSection=
2	strict?
2	string2tempfile
2	string_content
2	string_of
2	string_to_pointer_size
2	string_value
2	stringify_all_keys
2	strip_ansi
2	stripe
2	stroke=
2	stroke_antialias
2	stroke_color=
2	stroke_linecap
2	stroke_linejoin
2	stroke_opacity
2	stroke_rectangle
2	structured_edit_application
2	structured_edit_batch_report
2	structured_edit_batch_request
2	structured_edit_execution_report
2	structured_edit_match_profile
2	structured_edit_request
2	structured_edit_result
2	structured_edit_selection_profile
2	structured_edit_structure_profile
2	stub_file
2	student
2	stylesheet
2	sub_initialize
2	sub_keys
2	sub_path
2	subcommand
2	subcomponents
2	subcontexts
2	subdivision
2	subdivision=
2	subjects
2	subnets
2	subpath
2	subscribe_to_event!
2	subsec
2	subset
2	subvector
2	suffix=
2	suggested_sample_size
2	summarise
2	summary_indent=
2	summary_width=
2	sunion
2	sunrise
2	sunset
2	super_class
2	superclass_delegating_accessor
2	supervise_as
2	support?
2	support_target_chef_version?
2	supports?
2	suppress
2	suppress_output
2	suppressing
2	surface
2	suspended
2	swe_calc_ut
2	swe_houses
2	swe_julday
2	sweep
2	swirl_range
2	switch?
2	switch_backend!
2	switch_to_buffer
2	swizzle_name
2	syllables
2	symbol=
2	symbol_conversion_algorithm=
2	sync!
2	synced_folder
2	syntax_highlighter
2	synthesis
2	system_bus
2	system_health
2	system_info
2	system_message
2	system_prompt
2	systemu
2	table=
2	table_id
2	table_names
2	table_row
2	table_to_string
2	tablify
2	tag_list=
2	tag_stack=
2	tagged_requests
2	tagged_values
2	tagline
2	tags_input=
2	takeItem
2	take_snapshots
2	take_until
2	taken
2	talla
2	tan
2	tanh
2	target_chef_version
2	target_definition_list
2	target_id
2	target_proxy
2	tarheel_json_url
2	task=
2	task_class=
2	task_definition
2	task_definition_arn
2	task_id
2	task_list
2	tbl_each
2	tbody
2	tbool
2	tc
2	tclass
2	tdebug
2	team_members
2	teams
2	telegram=
2	telemetry_provider
2	temperature=
2	tempfile_name
2	tempfile_path
2	tempfile_type
2	template_file=
2	template_name
2	template_name=
2	templatesContent=
2	templates_path
2	tenant_id
2	term=
2	terminal_width
2	terminate_instance
2	terminate_interaction
2	terminus_class=
2	test=
2	test_auth
2	test_case
2	test_log
2	test_mail_header
2	test_mail_header_html
2	test_mail_header_renderer
2	test_result
2	test_results
2	test_service_url
2	test_steps
2	test_unit_class
2	tested_self=
2	tester
2	text_
2	text_content
2	text_for
2	text_hyphenator
2	text_to_ids
2	text_to_morse
2	tfloat
2	tfunction
2	tgn_id_from_geo_hash
2	thead
2	thens
2	thing
2	threadpool_size
2	threshold
2	through_reflection
2	through_reflection?
2	thumb_url
2	thumbnail_image
2	tick_loop
2	ticket
2	ticks
2	ticks_per_second=
2	tidy_result
2	tigetstr
2	tile
2	tile_height
2	tile_width
2	time_ago_in_words
2	time_by_user
2	time_stamp
2	time_until
2	time_zone=
2	timecode_from_line_elements
2	timeout_remove
2	timeout_seconds
2	times=
2	timestamp=
2	timewarp=
2	tint
2	tip_contact_author
2	titulo_eleitor_formatted
2	tlog
2	tmp_dir=
2	tmp_directory
2	tmpfile
2	tnull
2	to!
2	toBase64
2	toByteArray
2	toDateTime
2	toPem
2	toVarName
2	to_absolute_path
2	to_addrs
2	to_base64
2	to_bash_script
2	to_bibtex
2	to_boolean
2	to_borsh
2	to_bset
2	to_camel
2	to_camelback_keys
2	to_camelcase
2	to_cents
2	to_commonmark
2	to_conditions
2	to_cookie
2	to_data_url
2	to_datastream
2	to_day
2	to_days
2	to_definition
2	to_degrees
2	to_edn
2	to_environment
2	to_excel
2	to_feed
2	to_fields
2	to_format
2	to_green
2	to_guid
2	to_i_with_milliseconds
2	to_id
2	to_image
2	to_js
2	to_kana
2	to_kvx
2	to_lat_lng
2	to_m
2	to_mash
2	to_minutes
2	to_mnemonic
2	to_model
2	to_nam
2	to_name
2	to_nepali
2	to_obj
2	to_orient
2	to_p2sh_multisig_script
2	to_plain_text
2	to_plain_yaml
2	to_plist_node
2	to_png
2	to_px
2	to_rad
2	to_radian
2	to_red
2	to_relation
2	to_run
2	to_s_without_ruby
2	to_schema
2	to_select_tag
2	to_slug
2	to_slug_param
2	to_snake_case
2	to_snakecase
2	to_sockaddr
2	to_t
2	to_tex
2	to_time_preserves_timezone=
2	to_type_name
2	to_underscore
2	to_unicode
2	to_unsafe_hash
2	to_v
2	to_webpage
2	to_xmi
2	to_xmldoc
2	to_xslt
2	to_yaml_properties
2	to_zip
2	tobject
2	todo
2	toggle
2	toggle!
2	token?
2	token_arrived_at=
2	token_auth
2	token_comparison
2	token_expires_at=
2	token_for
2	token_stream
2	tokenize_text
2	toml_feature_profile
2	tool_call?
2	top_left
2	top_level_entities
2	top_margin
2	top_right
2	tos=
2	totalNetCharge
2	total_bytes
2	total_duration_ms
2	total_price
2	total_result_count
2	totals
2	town
2	trace_object_allocations_clear
2	tracer_include
2	track!
2	track_exception
2	track_history?
2	tracker_class_name=
2	trackingIds
2	trackingNumber
2	trailing_commas
2	train_type
2	traincode
2	transact
2	transaction_id=
2	transaction_primitive
2	transcribe
2	transfer_encoding
2	transform_response
2	transformer
2	transition=
2	translate_array
2	translate_array_list
2	translate_date
2	translate_hash
2	translate_hash_map
2	translate_labels
2	translate_labels=
2	translate_name
2	translated_attributes_options
2	translation_data
2	translation_for
2	translator=
2	translit
2	transparent_gzip_decompression=
2	traverse_all_element
2	traverse_balanced
2	traverse_text
2	tries
2	trigger_hooks
2	triggered
2	trim!
2	truncate_data
2	truncate_html
2	trust_line
2	try_methods
2	try_require
2	try_stash
2	try_with_entered_names
2	tts=
2	tty
2	tunein_base_path
2	tunknown
2	turn_off!
2	tx
2	type_cast_from_database
2	type_id
2	type_string
2	type_template
2	uname
2	unauthorized
2	uncached_permitted?
2	uncomment_lines
2	undefined
2	undelivered
2	underscores_to_dashes
2	unescape_path
2	unexpected
2	ungetbyte
2	unicode
2	unicode?
2	uniobjects
2	uniq_by
2	unique_id
2	unique_identifier
2	unique_routes
2	unique_transaction_key
2	units_per_em
2	unknown?
2	unpaint
2	unparsed_value
2	unpause
2	unprepared_statement
2	unseal_message
2	unset?
2	unsupported=
2	unsupported_feature_result
2	unwrap_nilable
2	unzip_file
2	up_to_date
2	upcoming
2	updatable?
2	update_aliases
2	update_config
2	update_counters
2	update_feeds
2	update_file
2	update_function_code
2	update_index
2	update_pull_request
2	update_record
2	update_ref
2	update_release
2	update_service
2	update_setting
2	update_stylesheets
2	update_token!
2	update_user
2	update_with_media
2	updated?
2	updated_gemspecs
2	updated_on
2	upgrade!
2	upload_date
2	upload_files
2	upload_part
2	upload_path
2	upload_public_key_to_github
2	upload_url=
2	upload_video
2	upsert_all
2	upstream_id
2	urgency=
2	uri?
2	uri_encode
2	uri_template_value
2	url?
2	url_for_path
2	usable?
2	usb_detach_kernel_driver_np
2	usb_open
2	use_accept_header
2	use_api_end_point
2	use_api_version_3
2	use_cache
2	use_cache=
2	use_consumer_end_point
2	use_database
2	use_default_colors
2	use_env
2	use_gem
2	use_i18n=
2	use_motion_dir
2	use_upstream_end_point
2	use_user_tz=
2	user32
2	user?
2	user_agent_argument
2	user_attributes
2	user_auth_token=
2	user_class=
2	user_data_dir
2	user_dir
2	user_list
2	user_model
2	user_profile
2	user_public_events
2	user_signature
2	userconfig
2	userid
2	users_info
2	uses_defaults
2	usher=
2	utf8_length
2	utm_to_usng
2	uuid_v5
2	uuid_v7
2	uw_bandrx
2	uw_bandtx
2	uw_diskused_perc
2	uw_memused
2	v3
2	valid=
2	validNs?
2	valid_answer?
2	valid_auth?
2	valid_cnpj?
2	valid_config_keys
2	valid_cpf?
2	valid_ip?
2	valid_profile?
2	valid_signature?
2	valid_str?
2	valid_syntax?
2	valid_titulo_eleitor?
2	validate_configuration
2	validate_data
2	validate_data!
2	validate_expected_result
2	validate_file
2	validate_file_name
2	validate_filters
2	validate_id!
2	validate_request_body
2	validate_whitespace_for_learn
2	validates_uniqueness_of
2	validation
2	validation_error
2	value_at
2	value_before_type_cast
2	value_constant
2	value_from_bin_struct
2	value_predicate
2	value_string
2	vanish
2	varbind_list
2	variance
2	variation_index
2	vat_country_to_iso_country
2	vcs
2	vector
2	vector_names
2	vendor_directory
2	venue
2	verification_checks
2	verification_value
2	verifications
2	verify_response
2	verify_server=
2	verify_ssl=
2	verify_status
2	verify_uri
2	verses
2	version_file
2	version_name
2	version_number
2	version_requirement=
2	versioncmp
2	versionize
2	vertical
2	via
2	video?
2	video_id
2	vietnamobile?
2	viettel?
2	view_slots
2	viewer
2	viewname
2	viewport_size
2	vinaphone?
2	virInitialize
2	visibility=
2	visible
2	visit_children
2	visit_comma_separated_nodes
2	visit_tag_node
2	visitor
2	vs=
2	vstack
2	w00t
2	waddstr
2	wait!
2	wait_connection=
2	wait_for_load_state
2	wait_interval
2	wait_till_running
2	wait_timeout
2	wait_until_healthy
2	wait_until_present
2	wait_until_terminated
2	waiting
2	wallet=
2	wallet_name
2	wallet_name=
2	warn_invalid_date=
2	warn_once
2	warning_message
2	warp
2	watch_file
2	watir_browser
2	wave
2	wclear
2	wd
2	weather=
2	webUrl
2	website=
2	websocket
2	week_of_year
2	weekend?
2	welcome_user
2	werase
2	wgetnstr
2	wgetstr
2	when_branches
2	when_present
2	whens
2	where!
2	white_list_tables
2	white_on_red
2	whitespace
2	whoami=
2	whodunnit
2	whois
2	widgets
2	width_of
2	win32?
2	win?
2	winchnstr
2	winchstr
2	wincode
2	window=
2	windowTitle=
2	window_handle
2	window_handles
2	winning_combination?
2	winnstr
2	winstr
2	with_auth_retry
2	with_collection
2	with_defaults
2	with_empty_template_cache
2	with_headers
2	with_hmac
2	with_metadata
2	with_safe_exit_if_no_files_found
2	with_schema
2	with_scope
2	with_span
2	with_status_message
2	with_tags
2	with_temperature
2	with_timeout
2	with_tool
2	withdraw
2	wmouse_trafo
2	won?
2	words_with_expansions
2	workbooks
2	worker
2	workers
2	workers_size
2	workflow
2	workflow_spec
2	working_set_size
2	worklogs
2	workspace_path
2	wprintw
2	wrap!
2	wrap_at=
2	wrap_request
2	wrapped
2	wrapped_exception
2	wrappers_path
2	wrapping
2	writable_real?
2	write!
2	write_accessor_name
2	write_config
2	write_int
2	write_line
2	write_request
2	write_spec
2	write_stylesheet?
2	write_timeout
2	write_to_buffer
2	write_to_graphic_file
2	write_to_path
2	write_ulong
2	write_zip64_support=
2	writeable?
2	wscanw
2	wtouchln
2	x_www_form_urlencode
2	xcconfig_path
2	xmi
2	xml=
2	xmlAddChild
2	xmlDocDumpFormatMemory
2	xmlDocGetRootElement
2	xmlFree
2	xmlFreeDoc
2	xmlParseMemory
2	xmlSecAddIDs
2	xmlSecDSigCtxCreate
2	xmlSecDSigCtxDestroy
2	xmlSecDSigCtxSign
2	xmlSecErrorsDefaultCallbackEnableOutput
2	xmlSecOpenSSLAppKeyLoad
2	xmlSecOpenSSLTransformRsaSha1GetKlass
2	xmlSecTmplReferenceAddTransform
2	xmlSecTmplSignatureAddReference
2	xmlSecTmplSignatureCreate
2	xmlSecTmplSignatureEnsureKeyInfo
2	xmlSecTransformExclC14NGetKlass
2	xml_adapter=
2	xml_attributes
2	xml_doc
2	xml_file
2	xml_unescape
2	xmlliteral
2	xprv
2	xpub
2	xref
2	xsd
2	xsl=
2	xslt_schema=
2	xstr_type?
2	xxh64
2	xy
2	yaml_object
2	yields
2	zamlized_class_name
2	zeitwerk=
2	zeitwerk_lock=
2	zip?
2	zone_from_code
2	zrevrank
2	|
2	 
1	&
1	*
1	-
1	/
1	/tmp/spinel_out.0ydsfZ/out.c:51:8: error: redefinition of ‘struct sp_Object_s’
1	/tmp/spinel_out.0ydsfZ/out.c:60:26: error: redefinition of ‘sp_Object_new’
1	/tmp/spinel_out.16UKNQ/out.c:206:28: error: conflicting types for ‘sp_MiniCheck_RackApp_new’; have ‘const char *(sp_MiniCheck_RackApp *, mrb_int)’ {aka ‘const char *(struct sp_MiniCheck_RackApp_s *, long int)’}
1	/tmp/spinel_out.16UKNQ/out.c:216:45: error: conflicting types for ‘sp_MiniCheck_VersionRackApp_new’; have ‘sp_MiniCheck_VersionRackApp *(sp_MiniCheck_VersionRackApp *, mrb_int)’ {aka ‘struct sp_MiniCheck_VersionRackApp_s *(struct sp_MiniCheck_VersionRackApp_s *, long int)’}
1	/tmp/spinel_out.1EP2GC/out.c:213:47: error: incompatible type for argument 1 of ‘sp_box_int’
1	/tmp/spinel_out.1QHabq/out.c:180:28: error: ‘IO’ undeclared (first use in this function); did you mean ‘EIO’?
1	/tmp/spinel_out.1QHabq/out.c:204:23: error: ‘IO’ undeclared (first use in this function); did you mean ‘EIO’?
1	/tmp/spinel_out.1sdxDJ/out.c:136:14: error: too few arguments to function ‘sp_Rodash_cls_baseSet’
1	/tmp/spinel_out.1sdxDJ/out.c:190:15: error: incompatible types when assigning to type ‘const char *’ from type ‘sp_RbVal’
1	/tmp/spinel_out.32EpiF/out.c:364:64: error: incompatible type for argument 1 of ‘sp_box_obj’
1	/tmp/spinel_out.32EpiF/out.c:390:64: error: incompatible type for argument 1 of ‘sp_box_obj’
1	/tmp/spinel_out.3BmnXm/out.c:21:33: error: ‘Gelf2Kafka_VERSION’ undeclared (first use in this function)
1	/tmp/spinel_out.3IGaQo/out.c:94:77: error: invalid operands to binary + (have ‘char *’ and ‘const char *’)
1	/tmp/spinel_out.3fgLan/out.c:180:8: error: unknown type name ‘sp_Tempfile’
1	/tmp/spinel_out.3fgLan/out.c:275:8: error: unknown type name ‘sp_Tempfile’
1	/tmp/spinel_out.4g2SwI/out.c:26:5: error: unknown type name ‘sp_TCPServer’
1	/tmp/spinel_out.4qQYIa/out.c:251:58: error: incompatible type for argument 1 of ‘sp_box_int’
1	/tmp/spinel_out.4tc0P2/out.c:34:3: error: unknown type name ‘sp_Thread_Mutex’
1	/tmp/spinel_out.65WI9o/out.c:130:27: error: incompatible type for argument 2 of ‘sp_IntArray_push’
1	/tmp/spinel_out.65WI9o/out.c:135:27: error: incompatible type for argument 2 of ‘sp_IntArray_push’
1	/tmp/spinel_out.6A4H4n/out.c:222:11: error: ‘_block’ undeclared (first use in this function); did you mean ‘mlock’?
1	/tmp/spinel_out.6A4H4n/out.c:222:29: error: ‘_benv’ undeclared (first use in this function)
1	/tmp/spinel_out.7vHu6o/out.c:513:54: error: incompatible type for argument 1 of ‘sp_range_new’
1	/tmp/spinel_out.8Qm72v/out.c:485:92: error: ‘Diff_LCS_SequenceCallbacks’ undeclared (first use in this function)
1	/tmp/spinel_out.8Qm72v/out.c:495:92: error: ‘Diff_LCS_BalancedCallbacks’ undeclared (first use in this function); did you mean ‘sp_Diff_LCS_DefaultCallbacks’?
1	/tmp/spinel_out.Au0zv7/out.c:141:115: error: incompatible type for argument 2 of ‘sp_str_concat’
1	/tmp/spinel_out.Au0zv7/out.c:142:90: error: incompatible type for argument 2 of ‘sp_str_concat’
1	/tmp/spinel_out.BJ8ZxK/out.c:139:12: error: too many arguments to function ‘sp_Ticker_notify_observers’
1	/tmp/spinel_out.CO5d0Y/out.c:117:3: error: unknown type name ‘sp_Document’
1	/tmp/spinel_out.CO5d0Y/out.c:144:86: error: unknown type name ‘sp_Element’
1	/tmp/spinel_out.Cl4WRM/out.c:108:29: error: incompatible type for argument 2 of ‘sp_raise_cls’
1	/tmp/spinel_out.GFc9sb/out.c:523:72: error: expected ‘=’, ‘,’, ‘;’, ‘asm’ or ‘__attribute__’ before ‘&’ token
1	/tmp/spinel_out.GFc9sb/out.c:775:26: error: ‘_hcell_range_p1’ undeclared (first use in this function)
1	/tmp/spinel_out.GH099h/out.c:284:122: error: ‘Hasher_PARTITION_MAGIC_CONSTANT’ undeclared (first use in this function); did you mean ‘cst_PgHashFunc_Hasher_PARTITION_MAGIC_CONSTANT’?
1	/tmp/spinel_out.GH099h/out.c:284:94: error: ‘Hasher_HASH_PARTITION_SEED’ undeclared (first use in this function)
1	/tmp/spinel_out.GWRv7S/out.c:157:14: error: request for member ‘cls_id’ in something not a structure or union
1	/tmp/spinel_out.GWRv7S/out.c:157:93: error: request for member ‘v’ in something not a structure or union
1	/tmp/spinel_out.IABneI/out.c:33:47: error: incompatible type for argument 1 of ‘sp_box_int’
1	/tmp/spinel_out.LnCvt2/out.c:190:11: error: ‘self’ undeclared (first use in this function)
1	/tmp/spinel_out.MQ8UeW/out.c:638:40: error: ‘METHOD’ undeclared (first use in this function)
1	/tmp/spinel_out.MQ8UeW/out.c:640:26: error: incompatible types when assigning to type ‘sp_RbVal’ from type ‘mrb_int’ {aka ‘long int’}
1	/tmp/spinel_out.MUi4T5/out.c:416:48: error: incompatible type for argument 1 of ‘sp_box_int’
1	/tmp/spinel_out.NNVSZP/out.c:423:16: error: incompatible type for argument 1 of ‘log’
1	/tmp/spinel_out.NNVSZP/out.c:457:28: error: ‘_hcell_a_p1’ undeclared (first use in this function)
1	/tmp/spinel_out.OKZIxO/out.c:34:47: error: incompatible type for argument 1 of ‘sp_box_int’
1	/tmp/spinel_out.PCJmsG/out.c:96:47: error: incompatible type for argument 1 of ‘sp_box_int’
1	/tmp/spinel_out.PRiok8/out.c:142:3: error: unknown type name ‘sp_OpenSSL_SSL_SSLSocket’
1	/tmp/spinel_out.PRiok8/out.c:200:15: error: unknown type name ‘sp_OpenSSL_SSL_SSLSocket’
1	/tmp/spinel_out.Pi5ANA/out.c:258:9: error: subscripted value is neither array nor pointer nor vector
1	/tmp/spinel_out.Pi5ANA/out.c:272:9: error: subscripted value is neither array nor pointer nor vector
1	/tmp/spinel_out.Qcq62k/out.c:40:5: error: aggregate value used where a floating-point was expected
1	/tmp/spinel_out.Qcq62k/out.c:67:5: error: aggregate value used where a floating-point was expected
1	/tmp/spinel_out.R1psWC/out.c:249:43: error: incompatible type for argument 2 of ‘sp_Publisher_listeners_for’
1	/tmp/spinel_out.SgBkPF/out.c:33:47: error: incompatible type for argument 1 of ‘sp_box_int’
1	/tmp/spinel_out.VauWjk/out.c:103:11: error: ‘_block’ undeclared (first use in this function); did you mean ‘mlock’?
1	/tmp/spinel_out.VauWjk/out.c:94:47: error: incompatible type for argument 1 of ‘sp_box_int’
1	/tmp/spinel_out.WOeUuL/out.c:28:5: error: unknown type name ‘sp_Loady_CsvLoader’
1	/tmp/spinel_out.WOeUuL/out.c:30:5: error: unknown type name ‘sp_Loady_CsvLoader’
1	/tmp/spinel_out.XJIxGF/out.c:240:42: error: ‘self’ undeclared (first use in this function)
1	/tmp/spinel_out.XJXWWz/out.c:234:72: error: incompatible type for argument 3 of ‘sp_StrArray_slice’
1	/tmp/spinel_out.XJXWWz/out.c:236:72: error: incompatible type for argument 3 of ‘sp_StrArray_slice’
1	/tmp/spinel_out.YWVwCW/out.c:101:47: error: incompatible type for argument 1 of ‘sp_box_int’
1	/tmp/spinel_out.YWVwCW/out.c:104:47: error: incompatible type for argument 1 of ‘sp_box_int’
1	/tmp/spinel_out.ZMMdmE/out.c:123:124: error: ‘URI_REGEXP_PATTERN_HOSTNAME’ undeclared (first use in this function)
1	/tmp/spinel_out.ZqNjBP/out.c:180:27: error: ‘self’ undeclared (first use in this function)
1	/tmp/spinel_out.ZqNjBP/out.c:249:66: error: invalid operands to binary << (have ‘mrb_int’ {aka ‘long int’} and ‘sp_SymStrHash *’)
1	/tmp/spinel_out.dmfa2W/out.c:251:47: error: incompatible type for argument 1 of ‘sp_box_int’
1	/tmp/spinel_out.fDo58P/out.c:297:22: error: invalid initializer
1	/tmp/spinel_out.fDo58P/out.c:510:178: error: incompatible type for argument 1 of ‘sp_box_int’
1	/tmp/spinel_out.fLV9h4/out.c:174:29: error: invalid type argument of ‘->’ (have ‘mrb_int’ {aka ‘long int’})
1	/tmp/spinel_out.fLV9h4/out.c:174:47: error: invalid type argument of ‘->’ (have ‘mrb_int’ {aka ‘long int’})
1	/tmp/spinel_out.guvFKp/out.c:121:14: error: incompatible types when returning type ‘sp_StrArray *’ but ‘sp_RbVal’ was expected
1	/tmp/spinel_out.gvjYZy/out.c:31:52: error: incompatible type for argument 1 of ‘sp_int_to_s’
1	/tmp/spinel_out.gvjYZy/out.c:33:52: error: incompatible type for argument 1 of ‘sp_int_to_s’
1	/tmp/spinel_out.hVUc1I/out.c:176:48: error: incompatible type for argument 1 of ‘sp_box_int’
1	/tmp/spinel_out.hVUc1I/out.c:179:48: error: incompatible type for argument 1 of ‘sp_box_int’
1	/tmp/spinel_out.jQYbgf/out.c:31:8: error: redefinition of ‘struct sp_Object_s’
1	/tmp/spinel_out.jQYbgf/out.c:55:26: error: redefinition of ‘sp_Object_new’
1	/tmp/spinel_out.jsdWJo/out.c:49:15: error: unknown type name ‘sp_Regexp’
1	/tmp/spinel_out.jsdWJo/out.c:49:85: error: unknown type name ‘sp_Regexp’; did you mean ‘SPS_regexp’?
1	/tmp/spinel_out.lNGFti/out.c:182:5: error: ‘lv_str’ undeclared (first use in this function)
1	/tmp/spinel_out.lNGFti/out.c:185:5: error: ‘lv_sym’ undeclared (first use in this function); did you mean ‘sp_sym’?
1	/tmp/spinel_out.lQ61eH/out.c:131:26: error: incompatible types when assigning to type ‘sp_RbVal’ from type ‘long int’
1	/tmp/spinel_out.mLvcFR/out.c:341:12: error: incompatible types when returning type ‘sp_RbVal’ but ‘mrb_int’ {aka ‘long int’} was expected
1	/tmp/spinel_out.nR7905/out.c:482:10: error: incompatible types when returning type ‘sp_RbVal’ but ‘mrb_int’ {aka ‘long int’} was expected
1	/tmp/spinel_out.nbvpVx/out.c:71:5: error: ‘self’ undeclared (first use in this function)
1	/tmp/spinel_out.oLqC6F/out.c:177:45: error: expected ‘=’, ‘,’, ‘;’, ‘asm’ or ‘__attribute__’ before ‘|’ token
1	/tmp/spinel_out.oLqC6F/out.c:180:45: error: expected ‘=’, ‘,’, ‘;’, ‘asm’ or ‘__attribute__’ before ‘~’ token
1	/tmp/spinel_out.oRUdli/out.c:226:68: error: incompatible type for argument 2 of ‘sp_SymStrHash_has_key’
1	/tmp/spinel_out.ovqkWS/out.c:122:24: error: invalid initializer
1	/tmp/spinel_out.ovqkWS/out.c:90:23: error: ‘Regexp’ undeclared (first use in this function)
1	/tmp/spinel_out.pv4lUx/out.c:297:3: error: unknown type name ‘sp_Monitor’
1	/tmp/spinel_out.pv4lUx/out.c:333:3: error: unknown type name ‘sp_Monitor’
1	/tmp/spinel_out.qJdUQm/out.c:195:45: error: ‘Dir’ undeclared (first use in this function)
1	/tmp/spinel_out.qJdUQm/out.c:258:29: error: incompatible type for argument 2 of ‘sp_IntArray_push’
1	/tmp/spinel_out.rYiMsc/out.c:1038:11: error: ‘self’ undeclared (first use in this function)
1	/tmp/spinel_out.rYiMsc/out.c:1040:27: error: incompatible type for argument 2 of ‘sp_IntArray_push’
1	/tmp/spinel_out.vz5QYA/out.c:46:53: error: ‘self’ undeclared (first use in this function)
1	/tmp/spinel_out.vz5QYA/out.c:67:40: error: too few arguments to function ‘sp_TestWorker_cls_redis_key’
1	/tmp/spinel_out.xIQiZF/out.c:100:11: error: ‘cvar_Toplevel_tracker’ undeclared (first use in this function)
1	/tmp/spinel_out.xIQiZF/out.c:109:5: error: ‘cvar_Toplevel_tracker’ undeclared (first use in this function)
1	/tmp/spinel_out.xQs3SD/out.c:100:47: error: incompatible type for argument 1 of ‘sp_box_int’
1	/tmp/spinel_out.xQs3SD/out.c:103:47: error: incompatible type for argument 1 of ‘sp_box_int’
1	/tmp/spinel_out.yIKBfC/out.c:134:10: error: ‘lv_cy’ undeclared (first use in this function); did you mean ‘_lc_cy’?
1	/tmp/spinel_out.yIKBfC/out.c:134:31: error: ‘lv_ny’ undeclared (first use in this function)
1	108 |   sp_raise_cls("TypeError", ((sp_Class){9LL}));
1	131 |   self->iv_staging_app = ({ sp_raise_cls("NoMethodError", "undefined method 'delete' for str_poly_hash"); (mrb_int)0; });
1	157 |       sp_MatchData * _t2 = ({ sp_raise_cls("NoMethodError", "undefined method 'match' for string"); (mrb_int)0; });
1	158 |       if ((((_t2 != NULL) ? _t2 : ({ sp_raise_cls("NoMethodError", "undefined method 'match' for string"); (mrb_int)0; })) != NULL)) {
1	201 |     while ((lv_line = ({ sp_raise_cls("NoMethodError", "undefined method 'gets' for string"); (mrb_int)0; }))) {
1	207 |     lv_options = ({ sp_raise_cls("NoMethodError", "undefined method 'merge' for sym_poly_hash"); (mrb_int)0; });
1	219 |     lv_options = ({ sp_raise_cls("NoMethodError", "undefined method 'merge' for sym_poly_hash"); (mrb_int)0; });
1	226 |   sp_SymStrHash_set(_t1, SPS_host, (sp_SymStrHash_has_key(_t2, self->iv_endpoint) ? sp_SymStrHash_get((sp_SymStrHash *)(_t2), self->iv_endpoint) : (sp_raise_cls("KeyError", "key not found"), (const char *)0)));
1	262 |     if (!(lv_message)) lv_message = ({ sp_raise_cls("NoMethodError", "undefined method 'join' for poly_array"); (mrb_int)0; });
1	264 |     return ({ sp_raise_cls("NoMethodError", "undefined method 'scan' for obj_Ddr_Antivirus_Scanner"); (mrb_int)0; });
1	302 |       lv_match = ({ sp_raise_cls("NoMethodError", "undefined method 'match' for string"); (mrb_int)0; });
1	309 |         lv_raw_params = sp_MatchData_captures(({ sp_raise_cls("NoMethodError", "undefined method 'match' for string"); (mrb_int)0; }));
1	392 |       lv_xxVal = sp_JsonDoc_Document_getPropRecurse(self, ({ sp_raise_cls("NoMethodError", "undefined method 'clone' for str_array"); (mrb_int)0; }), lv_dDoc);
1	397 |     sp_StrIntHash * _t16 = ({ sp_raise_cls("NoMethodError", "undefined method 'sort' for str_int_hash"); (mrb_int)0; });
1	41 |     const char * _t2 = ({ sp_raise_cls("NoMethodError", "undefined method 'pack' for str_array"); (mrb_int)0; });
1	469 |     cst_SchemaRegistry_InvalidResponse = ({ sp_raise_cls("NoMethodError", "undefined method 'new' for class"); (mrb_int)0; });
1	471 |     cst_SchemaRegistry_ServerError = ({ sp_raise_cls("NoMethodError", "undefined method 'new' for class"); (mrb_int)0; });
1	505 |     sp_StrArray * _t25 = ({ sp_raise_cls("NoMethodError", "undefined method 'unshift' for str_array"); (mrb_int)0; });
1	90 |       sp_throw(sp_exc_new("IOError", (&("\xff" "File must be the name of an existing file or IO object")[1])), 0);
1	98 |       sp_throw(sp_exc_new("StandardError", (&("\xff" "Pattern must be string or regexp")[1])), 0);
1	AA
1	ABSPATH
1	ADT
1	ANYTHING
1	API_KEY=
1	APP_CONFIG=
1	ARRAY
1	AccessRequest
1	Account
1	AccountNumber=
1	AccountingCustomerParty
1	AccountingSupplierParty
1	AcquireVJD
1	Activate
1	AddFile
1	AdditionalDocumentReference
1	Address
1	AddressKeyFormat
1	AddressValidationRequest
1	Agent
1	Alignment=
1	AllowanceCharge
1	AllowedCommands
1	AnesthesiaCase
1	AnesthesiaRecord
1	AnesthesiaRecords
1	AnesthesiaStaff
1	AntiFraudAnalysisStatusEnum
1	ApiError
1	ApplicableHeaderTradeAgreement
1	ApplicableHeaderTradeDelivery
1	ApplicableHeaderTradeSettlement
1	ApplicableTradeTax
1	ApplyDataLabels
1	ArgCheck
1	ArgumentException
1	Around
1	ArugmentError
1	Assign?
1	AssignmentExpression?
1	Attributes
1	AuthIdentityToService
1	AuthState
1	Author
1	AutoDateFormatter
1	AutoDateLocator
1	AutoFit
1	AutomationID
1	BANKACCTFROM
1	BASE_URL
1	BASE_URL=
1	BGR2HSV
1	BIGINT
1	BINARY
1	BIT
1	BLOB
1	BN_CTX_new
1	BN_bin2bn
1	BN_free
1	BN_new
1	BOOLEAN
1	BTRCALLID
1	Back
1	BadUseError
1	BashError
1	Bis
1	BitBlt
1	Block?
1	Boolean
1	Bootstrap
1	BouncyCastleProvider
1	Brackets
1	BranchCommitDiff
1	Btn
1	Buffer
1	BuildandChangesetEnabled
1	BuyerReference
1	ByteArrayInputStream
1	ByteArrayOutputStream
1	CELL_TYPE_BLANK
1	CELL_TYPE_BOOLEAN
1	CELL_TYPE_ERROR
1	CELL_TYPE_FORMULA
1	CELL_TYPE_NUMERIC
1	CELL_TYPE_STRING
1	CFArrayAppendValue
1	CFArrayApplyFunction
1	CFArrayCreate
1	CFArrayGetCount
1	CFArrayGetValueAtIndex
1	CFArraySetValueAtIndex
1	CFBooleanGetValue
1	CFCopyDescription
1	CFDataCreate
1	CFDataGetBytePtr
1	CFDataGetLength
1	CFDateCreate
1	CFDateGetAbsoluteTime
1	CFDictionaryApplyFunction
1	CFDictionaryCreateMutable
1	CFDictionaryGetCount
1	CFDictionaryGetValue
1	CFDictionarySetValue
1	CFEqual
1	CFGetTypeID
1	CFHash
1	CFNumberCompare
1	CFNumberCreate
1	CFNumberGetValue
1	CFNumberIsFloatType
1	CFRelease
1	CFStreamCreatePairWithSocketToHost
1	CFStringCompare
1	CFStringCreateWithBytes
1	CFStringGetBytes
1	CFStringGetLength
1	CFStringGetMaximumSizeForEncoding
1	CGAffineTransformMakeRotation
1	CGAffineTransformMakeScale
1	CGBitmapContextCreateImage
1	CGEventCreateKeyboardEvent
1	CGEventCreateMouseEvent
1	CGEventPost
1	CGEventSetFlags
1	CGImage
1	CGImageGetHeight
1	CGImageGetWidth
1	CHAR
1	CIContext
1	CLOB
1	CODECOV_DESTINATION
1	CODECOV_DESTINATION=
1	COMM
1	COMPANY_ID=
1	CONSTASH_URL
1	CPT
1	CTRL
1	Callback
1	CamelCase
1	CancelPendingRequest
1	Cape
1	Capture
1	Catalog
1	Cbc_getLogLevel
1	Cbc_getMaximumSeconds
1	Cbc_getVersion
1	Cbc_loadProblem
1	Cbc_newModel
1	Cbc_readLp
1	Cbc_readMps
1	Cbc_setContinuous
1	Cbc_setInteger
1	Cbc_setLogLevel
1	Cbc_setMaximumSeconds
1	Cbc_setObjSense
1	Cell
1	CentimetersToPoints
1	CertCloseStore
1	CertEnumCertificatesInStore
1	CertOpenSystemStoreA
1	Ch
1	CharacterStyleRange
1	Chebyshev
1	CheckoutExistingBranch
1	CheckoutLocal
1	CheckoutNewBranch
1	CheckoutRepoAfresh
1	Clamp
1	ClassName
1	ClearEventLog
1	ClearQueuedAudio
1	CliNotAvailableError
1	CloseEnumIdentitiesHandle
1	CloseEventLog
1	CloseHandle
1	CloseIdentityHandle
1	Clp_Version
1	Clp_loadProblem
1	Clp_logLevel
1	Clp_maximumSeconds
1	Clp_newModel
1	Clp_readMps
1	Clp_setLogLevel
1	Clp_setMaximumSeconds
1	Clp_setObjSense
1	Clp_setObjectiveOffset
1	CogeLinea
1	Columns
1	CommaDelimitedList
1	Command
1	CommandTimeout=
1	Comment
1	CommitAllLocalAndPush
1	CommitChanges
1	CommitTimestamp
1	Compare
1	CompatVersion
1	CompileShader
1	Compiler
1	ComponentParam
1	ComponentVersion
1	Concept
1	ConceptScheme
1	Configurar
1	Configure
1	ConnectServer
1	Connection
1	ConstProxy
1	Contact
1	ContinuedFrac
1	Contract
1	CopyObject
1	CoreServicesIcon
1	CreateCompatibleBitmap
1	CreateCompatibleDC
1	CreateEvent
1	CreateFile
1	CreateFileA
1	CreateFileMapping
1	CreateIdentityHandle
1	CreateMutexW
1	CreateNewBranch
1	CreateSemaphore
1	CreateSemaphoreW
1	CreateShader
1	CreateShortcut
1	Createdaterange
1	CreditCardBrandEnum
1	CreditCardTransactionStatusEnum
1	CreditNoteTypeCode
1	CurrentRegion
1	CurrentTime
1	CustomType?
1	D
1	DATALINK
1	DATA_DIRS
1	DATA_HOME
1	DATE
1	DECIMAL
1	DEFAULT_CSS_FILE_OUT=
1	DISTINCT
1	DOUBLE
1	DTEND
1	DTSTART
1	Dado
1	DataDictionary
1	DataFrame
1	DataFrameGroupBy
1	DataLabels
1	DataType
1	Database
1	DatetimeIndex
1	Db
1	DecNum
1	Declaration?
1	DecryptWithSessionKey
1	DefaultCfg
1	DefaultOfficeManagerConfiguration
1	DefinedTradeContact
1	DeleteDC
1	DeleteLocalBranch
1	DeleteObject
1	DeleteRemoteBranch
1	DeleteShader
1	Delete_directory
1	Delivery
1	Demographic
1	Desktop
1	Detener
1	Digest
1	DirectSolrConnection
1	Dish
1	DisplayHeight
1	DisplayWidth
1	DistributionBucket
1	DistributionPrefix
1	Do
1	DocumentBuilderFactory
1	DoesBranchExist
1	DualNumber
1	EC_KEY_get0_group
1	EC_POINT_add
1	EC_POINT_hex2point
1	EC_POINT_point2hex
1	ENVIRO=
1	ENVIRONMENTAL_PATHNAMES
1	EVALUE
1	Email=
1	EncryptWithSessionKey
1	EndDateTime=
1	EndKey
1	Engine
1	EnumChildWindows
1	EnumIdentitiesWithCachedCredentials
1	EnumWindows
1	Equal?
1	ErrMsg
1	ErrorFieldName
1	Escena
1	Esperar
1	EvtClose
1	EvtGetPublisherMetadataProperty
1	EvtOpenPublisherMetadata
1	ExchangedDocument
1	ExchangedDocumentContext
1	Execute
1	Exemplor
1	Exit
1	ExpandEnvironmentStrings
1	ExpiredTokenError
1	ExportAsFixedFormat
1	ExportPdf
1	Expr
1	Expression?
1	Extractor
1	FLOAT
1	FSEventStreamCreate
1	FSEventStreamInvalidate
1	FSEventStreamRelease
1	FSEventStreamScheduleWithRunLoop
1	FSEventStreamStart
1	FSEventStreamStop
1	FSPath
1	FTPPermError
1	FULL_TRACE_ENABLED
1	FXALPHAVAL
1	FXBLUEVAL
1	FXGREENVAL
1	FXMAPFUNC
1	FXREDVAL
1	FXRGB
1	FXRGBA
1	Fail
1	Fascist
1	FascistCheck
1	Fetch
1	FictionBook
1	FieldName
1	Figlet
1	FileInputStream
1	FirstLineIndent=
1	Float
1	Fmt
1	Font
1	ForcePushBranch
1	Format
1	FormatMessage
1	FormatMessageA
1	FormattedID
1	Forward
1	Fraction
1	Frames
1	FreeLibrary
1	FromArray
1	FunctionDef?
1	FyleSDKError
1	GCMParameterSpec
1	GDALDecToPackedDMS
1	GDALPackedDMSToDec
1	GRBaddconstr
1	GRBaddconstrs
1	GRBaddvar
1	GRBaddvars
1	GRBfreeenv
1	GRBfreemodel
1	GRBgetdblattrarray
1	GRBgetintattr
1	GRBloadenv
1	GRBnewmodel
1	GRBsetdblattrarray
1	GRBsetintparam
1	GRBupdatemodel
1	GatgetConfigException
1	Gemfile
1	GenerateReport
1	Get
1	GetAVDoc
1	GetAbsolutePathname
1	GetAuthState
1	GetAuthStateEx
1	GetCertificate
1	GetClassNameA
1	GetClientRect
1	GetCommState
1	GetConfiguration
1	GetConfigurationByName
1	GetCurrentContext
1	GetCursorPos
1	GetDC
1	GetDIBits
1	GetDatabase
1	GetEpisodes
1	GetEventLogInformation
1	GetExtendedError
1	GetExtendedProperty
1	GetFile
1	GetFileName
1	GetFileVersion
1	GetJSObject
1	GetKeyState
1	GetLastResultDescription
1	GetNameCode
1	GetNumAVDocs
1	GetNumPages
1	GetNumberOfEventLogRecords
1	GetOldestEventLogRecord
1	GetPDDoc
1	GetParent
1	GetQueuedAudioSize
1	GetRecentCommitHash
1	GetShaderInfoLog
1	GetShaderiv
1	GetSystemMetrics
1	GetUserExtendedProperty
1	GetWebAuthUrl
1	GetWebAuthUrlEx
1	GetWindowDC
1	GetWindowInfo
1	GetWindowPlacement
1	GetWindowRect
1	GetWindowTextA
1	GetWindowTextLengthA
1	Git
1	GitHelperException
1	Go
1	Ground
1	H5Aclose
1	H5Acreate2
1	H5Adelete
1	H5Aexists
1	H5Aget_space
1	H5Aget_type
1	H5Aopen
1	H5Aread
1	H5Awrite
1	H5Dclose
1	H5Dcreate2
1	H5Dget_space
1	H5Dget_type
1	H5Dopen2
1	H5Dread
1	H5Dwrite
1	H5Fclose
1	H5Fcreate
1	H5Fopen
1	H5Gclose
1	H5Gcreate2
1	H5Gopen2
1	H5Literate
1	H5Literate2
1	H5Oget_info_by_name
1	H5Oget_info_by_name1
1	H5Sclose
1	H5Screate_simple
1	H5Sget_simple_extent_dims
1	H5Sget_simple_extent_ndims
1	H5Sget_simple_extent_npoints
1	H5T_NATIVE_DOUBLE
1	H5T_NATIVE_INT
1	H5Tclose
1	H5Tget_class
1	HELP=
1	HMAC_SECRET=
1	HTML4
1	HTTPBadRequest
1	H_AMK
1	HaveLocalChanges
1	Header
1	Headers
1	Hermite
1	HermiteE
1	Highs_create
1	Highs_getBasis
1	Highs_getModelStatus
1	Highs_getNumCol
1	Highs_getNumRow
1	Highs_getObjectiveValue
1	Highs_getSolution
1	Highs_setBoolOptionValue
1	Highs_setDoubleOptionValue
1	HiveDriver
1	Home
1	HorizontalAlignment=
1	HttpSolrServer
1	ICD
1	ICEvent
1	ID=
1	IMG_Init
1	IMG_Load
1	IMG_Quit
1	INTEGER
1	IO
1	IOC
1	IOR
1	IOW
1	IOWR
1	ITextRenderer
1	Identifier
1	Imagen
1	InProgress
1	IncludedSupplyChainTradeLineItem
1	Index?
1	InitSubSystem
1	InitialDirContext
1	Initialize
1	InitializeEx
1	InlineShapes
1	InsertPages
1	Integration
1	Intern
1	InternalServerError
1	InvalidData
1	InvalidDataError
1	InvalidEnvironmentError
1	InvalidOption
1	InvalidTokenError
1	InvalidVersionError
1	Invariant
1	InvoiceLine
1	InvoiceTypeCode
1	Invoke
1	IsAuthenticated?
1	IsError?
1	IsIconic
1	IsOpen
1	IsProjectSuiteOpened
1	IsVerified?
1	IsWindow
1	Issuetype
1	ItemAttributes
1	ItemByName
1	Items
1	IvParameterSpec
1	JAVA_OBJECT
1	JRuby
1	JWT
1	K=
1	KEY_ID=
1	KEY_listen
1	KeyError
1	KeyGenerator
1	KiB
1	L
1	L=
1	LCD_redraw
1	LGBM_BoosterAddValidData
1	LGBM_BoosterCalcNumPredict
1	LGBM_BoosterDumpModel
1	LGBM_BoosterFeatureImportance
1	LGBM_BoosterGetEval
1	LGBM_BoosterGetEvalCounts
1	LGBM_BoosterGetEvalNames
1	LGBM_BoosterGetFeatureNames
1	LGBM_BoosterGetLoadedParam
1	LGBM_BoosterGetNumClasses
1	LGBM_BoosterGetNumFeature
1	LGBM_BoosterPredictForMat
1	LGBM_BoosterSaveModel
1	LGBM_BoosterUpdateOneIter
1	LGBM_DatasetCreateFromMat
1	LGBM_DatasetGetFeatureNames
1	LGBM_DatasetGetField
1	LGBM_DatasetGetNumData
1	LGBM_DatasetGetNumFeature
1	LGBM_DatasetGetSubset
1	LGBM_DatasetSetFeatureNames
1	LGBM_DatasetSetField
1	LGBM_GetLastError
1	LINUX
1	LN
1	LN=
1	LONGVARBINARY
1	LU_solve
1	Laborabrechnung
1	Laguerre
1	Legend
1	Legendre
1	Level
1	LibrarySource
1	LineSpacingRule=
1	ListMachines
1	ListNames
1	ListObjects
1	ListUnits
1	Literal?
1	LoadFunctions
1	LoadLibraryEx
1	LoadModel
1	LocalJumpError
1	LocalTransformations
1	Log
1	LogFolderName=
1	LogManager
1	LogTransmission=
1	LoginDo
1	LogonIdentity
1	LogonIdentityEx
1	LookupAccountSid
1	MAJOR_VERSION
1	MD5
1	MD5Url
1	MDError
1	MESSAGE
1	MESSAGE_TO_SIGN_GLUE
1	METHODS
1	Main
1	ManagementFactory
1	Manifest
1	MapKeyError
1	MapViewOfFileEx
1	MapVirtualKeyA
1	MappingNode
1	MaskedArray
1	MathToItex
1	Maybe
1	MergeCells
1	Message
1	MessageHandler
1	Metadata
1	Method
1	MiB
1	MinimumSizeError
1	MobileLoginInfo
1	Model
1	MonthLocator
1	Mostrar
1	MoveDown
1	MoveRight
1	Música
1	NDFDgenByDay
1	NSMakeSize
1	NSRectFill
1	NULL
1	NUMER
1	NUMERIC
1	NameAscii=
1	NameFarEast=
1	NameOther=
1	NativeUIAObject
1	Naural
1	Navigate
1	Net
1	NetworkDo
1	NextIdentity
1	NextParagraphStyle=
1	Ng
1	No
1	NoMethodError
1	NoParserDefinedErr
1	NoPrivilegeError
1	Node
1	NodeDiff
1	Not?
1	NotFoundItemError
1	Note
1	Null?
1	NumCtaPago=
1	Number
1	NumberOfLogicalProcessors
1	OAuthError
1	OQS_KEM_new
1	OQS_SIG_new
1	OSQPCscMatrix_new
1	OTHER
1	ObjectFromPoint
1	ObjectID
1	ObjectId
1	Ocultar
1	OfficeDocumentConverter
1	OpenAVDoc
1	OpenAudioDevice
1	OpenBackupEventLog
1	OpenDatabase
1	OpenEventLog
1	OpenView
1	OrderReference
1	OrdererError
1	Outcome
1	OutcomesEvents
1	PARTNER_ID=
1	PATH
1	PATH_INFO
1	PBEKeySpec
1	PI
1	PINS
1	PIVALUE
1	PL_register_foreign
1	POPULAR_URL
1	Pa
1	Pa_GetDefaultInputDevice
1	Pa_GetDefaultOutputDevice
1	Pa_GetDeviceInfo
1	Pa_Terminate
1	PairUp_export_authors
1	PairUprc
1	ParagraphFormat
1	ParagraphStyleRange
1	Parent
1	ParseSoftware
1	Parser
1	ParserConfiguration
1	Party
1	PassportFreeMemory
1	Passwd=
1	PasswordHash
1	PathAppendW
1	PathCanonicalizeW
1	PathCreateFromUrlW
1	PathFindExtensionW
1	PathIsRelativeW
1	PathIsUNCW
1	PathIsURLW
1	PathRemoveBackslashW
1	PathRemoveExtensionW
1	PathRemoveFileSpecW
1	PathStripPathW
1	PathStripToRootW
1	PathUndecorateW
1	PauseAudioDevice
1	PaymentTerms
1	PersistCredential
1	Person
1	Personaje
1	Place
1	Placers
1	Playlists
1	PlivoError
1	PlivoXMLError
1	Pm_CountDevices
1	Pm_Initialize
1	Polynomial
1	Pomfile
1	PortConfigString=
1	Position
1	Position=
1	PostData
1	PostMessageA
1	PostalAddress
1	PostalTradeAddress
1	PreOp
1	PreRisk
1	Price
1	Prices
1	PrinterDriver=
1	Procedure
1	ProcedureLocation
1	ProductInfo
1	Products
1	ProductsEx
1	ProjectNameFromRepo
1	ProjectSuiteFileName
1	Provider
1	PullWithRebase
1	PushBranch
1	Query
1	Query=
1	QueueAudio
1	Quotient
1	RC4
1	RC4_set_key
1	REAL
1	REF
1	RGLoader_load
1	RSpec
1	R_BIN=
1	RaiseError
1	RangeError
1	RangeExtd
1	RasterXSize
1	RasterYSize
1	Rbs
1	ReadEventLog
1	ReadFile
1	ReadyState
1	RebaseLocal
1	Rechnung
1	RecordHeader
1	Rect=
1	Refresh
1	RefreshDatastore
1	RegCloseKey
1	RegConnectRegistry
1	RegOpenKeyEx
1	RegQueryValueEx
1	Relationships
1	ReleaseDC
1	ReleaseSemaphore
1	RemoveChangeNotificationCallback
1	RemovePersistedCredential
1	ReplacePages
1	Reproducir
1	RequestStatus
1	ResetEvent
1	ResponseProcessorError
1	RevertLocal
1	Revision
1	Right
1	RowHeight=
1	RubyInstanceConfig
1	RubyhornConfigurationException
1	S
1	SCOPE_DIVIDER
1	SCRIPT_NAME
1	SDLError
1	SDL_CreateRenderer
1	SDL_CreateTexture
1	SDL_CreateWindow
1	SDL_Delay
1	SDL_DestroyRenderer
1	SDL_DestroyTexture
1	SDL_DestroyWindow
1	SDL_FillRect
1	SDL_GetError
1	SDL_GetKeyName
1	SDL_GetRenderDrawColor
1	SDL_GetRendererInfo
1	SDL_GetWindowSize
1	SDL_Init
1	SDL_JoystickName
1	SDL_MapRGB
1	SDL_NumJoysticks
1	SDL_PeepEvents
1	SDL_PollEvent
1	SDL_PumpEvents
1	SDL_Quit
1	SDL_RenderClear
1	SDL_RenderCopy
1	SDL_RenderPresent
1	SDL_SetRenderDrawColor
1	SDL_SetRenderTarget
1	SDL_UpperBlit
1	SDL_WasInit
1	SDL_getenv
1	SHA1PostData
1	SHA1Url
1	SIGNONMSGSRSV1
1	SLF4JBridgeHandler
1	SLPAssociateIFList
1	SLPAssociateIP
1	SLPClose
1	SLPOpen
1	SMALLINT
1	SOCKSProxy
1	SSO_PARAMS
1	STATUS
1	STRUCT
1	SYMBOLS
1	Save
1	SaveAs
1	ScalarNode
1	SchemaMismatch
1	SecCopyErrorMessageString
1	SecItemCopyMatching
1	SecKeychainAddGenericPassword
1	SecKeychainFindGenericPassword
1	SecKeychainItemModifyContent
1	SecretKeyFactory
1	SecretKeySpec
1	SecureRandom
1	SecurityError
1	Segmentation
1	SelectCell
1	SelectObject
1	Selection
1	Send
1	SendInput
1	SendMessageA
1	SendSms
1	SequenceNode
1	Series
1	SeriesCollection
1	SeriesGroupBy
1	Session
1	SessionHeader
1	SessionKey
1	SetAxis
1	SetChangeNotificationCallback
1	SetCommState
1	SetCommTimeouts
1	SetCredential
1	SetCursorPos
1	SetEvent
1	SetExtendedProperty
1	SetForegroundWindow
1	SetIdcrlOptions
1	SetIdentityCallback
1	SetPushDefaultSimple
1	SetUserExtendedProperty
1	SetWindowPlacement
1	ShaderSource
1	Shapes
1	Show
1	ShowSeriesName=
1	ShowWindow
1	Sig
1	Size=
1	SolrCoreLoader
1	SolrReIndexer
1	Sonido
1	SpecVersion
1	Specification
1	SpecifiedTradeAllowanceCharge
1	SpecifiedTradeProduct
1	SpecifiedTradeSettlementHeaderMonetarySummation
1	SpecifiedTradeSettlementPaymentMeans
1	StartDateTime=
1	StartTimestamp
1	Statement
1	Statement?
1	StringData
1	StringReader
1	String_initialize
1	Struct?
1	Study
1	Style=
1	Styles
1	SubscribeOptions
1	SubscriptionData
1	SupplyChainTradeTransaction
1	SwitchMultiLevel
1	SystemError
1	TAGMAP
1	TALB
1	TA_CallFunc
1	TA_ForEachFunc
1	TA_FuncTableAlloc
1	TA_FuncTableFree
1	TA_FunctionDescriptionXML
1	TA_GetFuncHandle
1	TA_GetFuncInfo
1	TA_GetInputParameterInfo
1	TA_GetLookback
1	TA_GetOptInputParameterInfo
1	TA_GetOutputParameterInfo
1	TA_GroupTableAlloc
1	TA_GroupTableFree
1	TA_Initialize
1	TA_ParamHolderAlloc
1	TA_ParamHolderFree
1	TA_SetInputParamIntegerPtr
1	TA_SetInputParamPricePtr
1	TA_SetInputParamRealPtr
1	TA_SetOptInputParamInteger
1	TA_SetOptInputParamReal
1	TA_SetOutputParamIntegerPtr
1	TA_SetOutputParamRealPtr
1	TA_Shutdown
1	TCON
1	TF_DeleteBuffer
1	TF_GetAllOpList
1	TIME
1	TIMESTAMP
1	TINYINT
1	TIT2
1	TPE1
1	TRCK
1	TTF_CloseFont
1	TTF_FontHeight
1	TTF_RenderUTF8_Blended
1	TTF_RenderUTF8_Solid
1	TTF_WasInit
1	TYER
1	TYPE_CHECK
1	TYPE_CIRCLE
1	TYPE_CROSS
1	TYPE_DIAMOND
1	TYPE_SQUARE
1	TYPE_STAR
1	Tags
1	TeamForgeError
1	Terminate
1	TestCase
1	TestRun
1	Text2svg
1	Textoken
1	Thing
1	Ticker
1	Tilt
1	Timeout
1	Timer
1	Toadhopper
1	Token
1	TooManyRequestsError
1	Toolbox
1	TorchTensor
1	TotalResults
1	Tracks
1	TransformationDictionary
1	Transition
1	Trial
1	Try
1	TurboCgiUrl
1	TurboFallback
1	TurboLink
1	Tx
1	TypeError
1	TypeParagraph
1	TypeText
1	UPCASE
1	URLClassLoader
1	URLWithString
1	UUID
1	Uninitialize
1	UnknownTypeError
1	UnmapViewOfFile
1	UserType
1	VARBINARY
1	VARCHAR
1	VERSION=
1	VW_CopyModelData
1	VW_EndParser
1	VW_FinishExample
1	VW_FreeIOBuf
1	VW_GetExample
1	VW_InitializeA
1	VW_InitializeWithModel
1	VW_Predict
1	VW_PredictCostSensitive
1	VW_ReadExampleA
1	VW_StartParser
1	ValidSemver
1	ValidVersion
1	Variable?
1	VirtualDisk
1	VirtualEthernetCardNetworkBackingInfo
1	VirtualQuery
1	VoidUsedOutsideTaggedSet
1	WINDOWS
1	WITH
1	WaitForMultipleObjects
1	WaitForSingleObject
1	WakeUp
1	WasInit
1	WebFlowUrl
1	WebPage
1	WestTempNew
1	Windows
1	WordBasic
1	WorkspaceConfiguration
1	Wow64DisableWow64FsRedirection
1	Wow64RevertWow64FsRedirection
1	Wrapper
1	Wrike3
1	WriteFile
1	WrongParamsError
1	XChangeProperty
1	XClearWindow
1	XCreateGC
1	XCreateSimpleWindow
1	XDefaultRootWindow
1	XDrawString
1	XFlush
1	XFree
1	XGBoosterGetNumFeature
1	XGBoosterReset
1	XGDMatrixGetUIntInfo
1	XGDMatrixSetInfoFromInterface
1	XGDMatrixSetUIntInfo
1	XGetClassHint
1	XGetGeometry
1	XGetWMName
1	XGetWMNormalHints
1	XGetWindowAttributes
1	XGetWindowProperty
1	XInternAtom
1	XLoadFont
1	XMapWindow
1	XMoveWindow
1	XNextEvent
1	XOpenDisplay
1	XQueryTree
1	XSelectInput
1	XSetBackground
1	XSetFont
1	XSetForeground
1	XUnmapWindow
1	Xutf8TextPropertyToTextList
1	ZBarcode_Version
1	ZeroDivisionError
1	_24hudou
1	_3ren
1	_=
1	_?
1	_G
1	_LocIndexer
1	_PAGESIZE
1	_PassagesType
1	_Union
1	__CRISPY_SPY__
1	__DIR__
1	__PREDEF__
1	___proxy_object_transmitter
1	__after_configuration
1	__aop_add_advice
1	__aop_init
1	__aop_install_dispatcher
1	__aop_remove_advice
1	__appendCommand
1	__await__
1	__before_response
1	__bitkit_real_to_s
1	__blobjectify__
1	__chain
1	__check
1	__class
1	__clone__
1	__content_method
1	__convert
1	__create_saved_search
1	__debug__=
1	__deep_clone__
1	__default_namespace=
1	__define_runner
1	__define_singleton_method__
1	__delete__
1	__deserialise
1	__deserialise_all
1	__different_cases
1	__different_handler
1	__empty?
1	__eval
1	__export_to_json
1	__fallback_binding__
1	__fork
1	__format_pd_expression__
1	__free_method__
1	__get__
1	__handler
1	__homura_const_defined_simple
1	__homura_orig__insert_values_sql
1	__homura_orig_literal_append
1	__homura_orig_update_sql_values_hash
1	__html_encode__
1	__index
1	__init_only__=
1	__initialize__
1	__inject_methods__
1	__injections__
1	__instance_eval
1	__instance_eval__
1	__last__
1	__ldap_init
1	__load
1	__load_stdlib
1	__lock
1	__logout_with_client
1	__markable_marks
1	__markus_includes
1	__markus_indent
1	__markus_indent=
1	__markus_reload=
1	__markus_reload_timestamp
1	__metaclass__
1	__metadata
1	__metatable=
1	__method_chaining__=
1	__mobj__parent
1	__mobj__reparent
1	__name__
1	__new_category__
1	__node
1	__objectify_prefix
1	__objectify_tags
1	__openapi_constraints__
1	__options
1	__parse
1	__perform_sass_fn
1	__pg_value
1	__pop
1	__primary_key
1	__proto_proc
1	__push
1	__quiet__=
1	__rb_object_id
1	__rb_object_id=
1	__read__
1	__remove_methods__
1	__remove_with_client
1	__render
1	__repr__
1	__rootel__
1	__run_on_redirect
1	__satori_target_character
1	__schema
1	__seg__
1	__serialize__
1	__set__
1	__set_content
1	__set_global_var
1	__set_handler
1	__set_local_var
1	__set_parent_node
1	__set_root
1	__set_value
1	__set_var
1	__setup__
1	__shift
1	__silent__=
1	__singleton_class__
1	__static_view_cls__
1	__str__
1	__stringify_parameters
1	__stringify_prefix
1	__stringify_tags
1	__table_cls__
1	__tag
1	__test_data_gem_setup_fixtures
1	__to_a
1	__trait_arg_filter
1	__trait_define_reader_trait
1	__trait_define_writer_trait
1	__trait_instance_method_defaults
1	__trait_instance_method_hooks
1	__trait_instance_method_list
1	__trait_search_path
1	__trait_singleton?
1	__trait_singleton_class
1	__trait_singleton_super
1	__types
1	__unshift
1	__uri_encode__
1	__uses_dependent_classes
1	__uspec_block
1	__verbose__=
1	__version__
1	__visit_function
1	__visit_mixin
1	__visit_mixindef
1	__wrapped_models
1	__write__
1	__xgem_original_require
1	__xmlFree
1	__xmlMalloc
1	__yield_or_eval__
1	_accounts
1	_active_similarity_recorder
1	_advance
1	_aerror
1	_all_autoload_paths
1	_all_settings
1	_alliance
1	_alt
1	_ansi2html
1	_ansi_sgr_to_html_actions=
1	_ansi_sgr_to_html_index_offsets=
1	_ansi_sgr_to_html_key_offsets=
1	_ansi_sgr_to_html_range_lengths=
1	_ansi_sgr_to_html_single_lengths=
1	_ansi_sgr_to_html_trans_actions=
1	_ansi_sgr_to_html_trans_keys=
1	_ansi_sgr_to_html_trans_targs=
1	_anything_
1	_api_config
1	_apps
1	_arguments
1	_as_idempotency_block
1	_as_idempotency_block=
1	_asetus_deep_merge
1	_assert
1	_asserts
1	_assign
1	_async
1	_attributes_data
1	_attrs
1	_aw_idempotency_block
1	_aw_idempotency_block=
1	_backtrace
1	_backup
1	_before_commit_callbacks
1	_begin_transaction
1	_bind_plugin
1	_binding
1	_breadcrumb_definitions=
1	_broadcast_config
1	_buf
1	_buf=
1	_build_admin_headers
1	_c=
1	_cache
1	_cache_key
1	_call_callbacks
1	_capture_active_attr_methods
1	_capture_sax_machine_methods
1	_change
1	_check
1	_check_zip
1	_child
1	_church_cases
1	_cleanup_callbacks
1	_clear_cache
1	_client
1	_cmp
1	_col_parts
1	_color_method
1	_columns
1	_commit_callbacks
1	_component_mappings
1	_component_scopes
1	_component_scopes=
1	_component_scopes_explicitly_set
1	_component_type
1	_compress
1	_config_deep_merge
1	_config_file
1	_confopts
1	_convert_html_color_to_dec
1	_corp
1	_count
1	_create_record
1	_create_xor_array_method1
1	_csv_mappings
1	_damage_done
1	_damage_taken
1	_data
1	_data_attributes
1	_date_codec
1	_decompress
1	_decrease
1	_deep_validate_nested
1	_default_layout
1	_defaults=
1	_definitions
1	_deleted
1	_deleted=
1	_destroy
1	_destroyed
1	_dump
1	_dup_string_if_frozen
1	_each
1	_eggshell_actions
1	_eggshell_actions=
1	_eggshell_eof_trans
1	_eggshell_eof_trans=
1	_eggshell_from_state_actions
1	_eggshell_from_state_actions=
1	_eggshell_index_offsets
1	_eggshell_index_offsets=
1	_eggshell_indicies
1	_eggshell_indicies=
1	_eggshell_key_offsets
1	_eggshell_key_offsets=
1	_eggshell_range_lengths
1	_eggshell_range_lengths=
1	_eggshell_single_lengths
1	_eggshell_single_lengths=
1	_eggshell_to_state_actions
1	_eggshell_to_state_actions=
1	_eggshell_trans_actions
1	_eggshell_trans_actions=
1	_eggshell_trans_keys
1	_eggshell_trans_keys=
1	_eggshell_trans_targs
1	_eggshell_trans_targs=
1	_encode_full
1	_encode_lite
1	_encrypt_bool
1	_encrypt_f64
1	_encrypt_string
1	_encrypt_u64
1	_end_node
1	_engine=
1	_enhance
1	_enums
1	_err
1	_evaluate
1	_exec_queries
1	_exec_query
1	_execute
1	_exist?
1	_explode
1	_faction
1	_fetch
1	_field_type_customs
1	_filter_hash_args
1	_filtered_attributes
1	_find
1	_fname
1	_form=
1	_forward
1	_forward_ca
1	_fragments_for
1	_from
1	_from_file
1	_gas
1	_gen_palette
1	_generate
1	_generate_api_signature
1	_generate_method_redefine_detection
1	_generate_scope_methods
1	_generate_state_methods
1	_generate_transition_methods
1	_generate_transition_validation_methods
1	_generic_wait
1	_get_discriminator_key
1	_get_girations
1	_get_infinities_from_multiple
1	_get_or_set
1	_get_serial_number
1	_get_string
1	_get_value
1	_getch
1	_global_concurrent_state
1	_gpioSetAlertFunc
1	_gpioSetTimerFunc
1	_gpioWaveAddGeneric
1	_gpioWaveChain
1	_grid_cell_bb
1	_grid_raw
1	_grid_span_bb
1	_has_concurrent_substates
1	_header_row
1	_html_view
1	_http_request
1	_i2cReadI2CBlockData
1	_iLocIndexer
1	_include?
1	_include_atoms
1	_included_classes
1	_indexify_
1	_infinites_with_same_polarity?
1	_inherit
1	_init_parser_
1	_initial_substate
1	_inner_html=
1	_inspect
1	_internal
1	_inverse
1	_inverse_ca
1	_is_kind_of
1	_itunes_categories
1	_jacket_create
1	_json_root
1	_last_used
1	_latest_specs
1	_layout=
1	_lex
1	_list_args
1	_live_actions
1	_live_model_attr
1	_load_all
1	_load_responses
1	_load_room
1	_logger
1	_logobject=
1	_lookup
1	_many
1	_map
1	_map_many
1	_map_or_rename
1	_match_key?
1	_maybe
1	_message
1	_method=
1	_mod_included_callback
1	_model
1	_model_name
1	_native_gsub
1	_native_match
1	_native_new
1	_native_render_full
1	_native_render_with_handlers
1	_native_sub
1	_native_to_html
1	_native_to_markdown
1	_nbtfile_bytesize
1	_nbtfile_encode
1	_nbtfile_force_encoding
1	_nbtfile_getbyte
1	_nbtfile_valid_encoding?
1	_next_source
1	_node_name
1	_nt_authorship
1	_nt_genus
1	_nt_infragenus
1	_nt_infraspecies_string
1	_nt_scientific_name_4
1	_nt_space
1	_nt_space_hard
1	_nt_species
1	_nt_species_string
1	_nt_uninomial_string
1	_nt_year_number
1	_oauth_request_get
1	_old_run_podfile_post_install_hook
1	_on_event
1	_on_invalid
1	_on_ipc_message
1	_on_navigation
1	_only_file_options
1	_only_include_options
1	_optional_attributes
1	_orig_on
1	_orig_stderr=
1	_orig_stdout=
1	_orig_strftime
1	_original_by_index
1	_original_hash=
1	_original_output=
1	_original_target
1	_original_working_set
1	_our_endpoint_uri
1	_our_identity_url
1	_output_extension
1	_parent=
1	_parent_state
1	_parse_configuration
1	_parse_internal
1	_parse_source
1	_parse_zip_string
1	_parser_actions
1	_parser_actions=
1	_parser_cond_keys
1	_parser_cond_keys=
1	_parser_cond_lengths
1	_parser_cond_lengths=
1	_parser_cond_offsets
1	_parser_cond_offsets=
1	_parser_cond_spaces
1	_parser_cond_spaces=
1	_parser_index_offsets
1	_parser_index_offsets=
1	_parser_indicies
1	_parser_indicies=
1	_parser_key_offsets
1	_parser_key_offsets=
1	_parser_range_lengths
1	_parser_range_lengths=
1	_parser_single_lengths
1	_parser_single_lengths=
1	_parser_trans_actions
1	_parser_trans_actions=
1	_parser_trans_keys
1	_parser_trans_keys=
1	_parser_trans_targs
1	_parser_trans_targs=
1	_pcore_all_contents
1	_peek_max
1	_peek_min
1	_populate
1	_process_wait_opts
1	_progress_enabled
1	_properties
1	_puts
1	_pythagorean_square_distance
1	_qobject_ptr
1	_query
1	_query_features
1	_raw=
1	_rc4_decrypt
1	_rc4_make_key
1	_rc4_password_match?
1	_rc4cryptoapi_decrypt
1	_rc4cryptoapi_make_key
1	_rc4cryptoapi_password_match?
1	_read
1	_read_attribute
1	_ref
1	_reflections
1	_register
1	_relative
1	_rels
1	_remove
1	_render_original
1	_request
1	_required_attributes
1	_resort!
1	_resources
1	_resources=
1	_rev
1	_rhook
1	_rl_input_available
1	_rollback_callbacks
1	_row_parts
1	_rust_correct
1	_rust_correct?
1	_rust_correct_tokens
1	_rust_display_name
1	_rust_headers
1	_rust_healthcheck
1	_rust_initialize
1	_rust_load!
1	_rust_multi_column_text_search
1	_rust_params
1	_rust_stats
1	_rust_suggestions
1	_rust_text_search
1	_rust_to_s
1	_rust_uri
1	_rust_vector_search
1	_satisfy
1	_schedules=
1	_schema
1	_scope
1	_security
1	_send_to_plugin
1	_sequence
1	_serialize_file
1	_server
1	_service=
1	_session
1	_set_fiterable_attributes
1	_set_id_and_namespace
1	_set_serial_number
1	_set_up_cushion_method_sets
1	_settings
1	_setup
1	_ship
1	_should_continue
1	_simple_scopes
1	_site_defined?
1	_slflogger
1	_slflogger=
1	_source
1	_speaks
1	_spiRead
1	_spiWrite
1	_split
1	_split_sentences
1	_split_sentences_with_ranges
1	_splitter_
1	_sta=
1	_stack
1	_standard_rake_options
1	_start
1	_start_node
1	_start_with_limits
1	_subaggregations
1	_subaggregations=
1	_suppress_repeated_logs
1	_system
1	_system_message_types
1	_t_initialize_tenacity
1	_tag_kls
1	_target_dir
1	_targets
1	_task_blocks
1	_task_name
1	_task_name=
1	_template
1	_template=
1	_template_root=
1	_text_view
1	_title
1	_to_a_asc
1	_to_a_desc
1	_to_h
1	_to_html
1	_to_pdf
1	_to_png
1	_to_svg
1	_train
1	_transaction_mode
1	_transform
1	_transform_ca
1	_translate_url
1	_type=
1	_type_check
1	_u=
1	_unshift
1	_unsubscribe
1	_update_record
1	_url
1	_use_links
1	_user
1	_valid_query_keys=
1	_validate
1	_validate_callbacks
1	_verify_options
1	_victim_name
1	_view_paths
1	_vocab_size
1	_warn
1	_weapon
1	_webhooks
1	_with_sql_dataset
1	_workflow
1	_wrap_assertion
1	_write_file
1	_write_with_options
1	_xml2json
1	_xor_decrypt_byte
1	_xor_password_match?
1	a1z26
1	a2b
1	a=
1	aa
1	aaf_configuration
1	aar_items_with_scores
1	aasm_initial_state
1	aasm_state
1	ab_experiments
1	ab_variant_callback_function
1	abap_bool
1	abbrev_tbl_addr
1	abbreviation=
1	abbreviations
1	abbrs
1	abilities
1	ability_class
1	ability_scores
1	abingo_identity
1	abingo_identity=
1	ablaufleistung
1	abls
1	abook
1	abort!
1	abort_multipart_upload
1	abort_on_err
1	abort_on_validation_failures
1	abort_transaction
1	abort_with_message
1	aborted!
1	aborted?
1	about_to_show
1	abrechnungsbereich
1	abs_offset
1	absences
1	absent?
1	absolute_address
1	absolute_bounding_box
1	absolute_char_offset
1	absolute_file_path
1	absolute_name
1	absolute_right
1	absolute_url
1	absolute_with
1	absorb
1	abstract!
1	abstract=
1	abstract?
1	abstractNum
1	abstract_class
1	abstract_class=
1	abstract_classes
1	abuse_reports
1	abv
1	ac_instance=
1	academic_list
1	acc
1	acc_type
1	accent_color
1	accent_to_ascii
1	accept_args
1	accept_cookie
1	accept_digest
1	accept_encoding
1	accept_language
1	accept_language=
1	accept_merge_request
1	accept_nil?
1	accept_offer
1	accept_on_any_link
1	accept_on_scroll
1	accept_options
1	accept_uri_http
1	acceptable?
1	acceptance_option
1	acceptance_option=
1	acceptance_type
1	accepted
1	accepted?
1	accepted_iterations_count_range
1	accepted_time_formats
1	accepted_tuples
1	accepting?
1	acceptit
1	acceptor
1	accepts?
1	accepts_definition
1	accepts_nested_attributes_for
1	accepts_slot
1	accessToken
1	access_allowed
1	access_configs
1	access_control_header
1	access_control_modifiers=
1	access_id
1	access_key_id=
1	access_level
1	access_level=
1	access_log_file
1	access_read=
1	access_secret
1	access_secret_version
1	access_token?
1	access_token_check
1	access_token_date
1	access_token_date=
1	access_token_exp_time
1	access_token_expiry
1	access_type=
1	access_write=
1	accessibility
1	accession=
1	accessions_dataset
1	accessor?
1	accnt
1	according_to
1	account?
1	accountExpires
1	accountIFSC=
1	accountId=
1	accountIdentity=
1	accountName=
1	accountNo=
1	account_balance
1	account_block_count
1	account_code
1	account_confirmation_otp_lifetime
1	account_hash
1	account_hosts
1	account_index
1	account_model
1	account_received_event_path
1	account_sent_event_path
1	account_state_with_proof
1	account_to_user
1	account_update
1	accounts=
1	accounts_pending
1	accounts_require_confirmation
1	accounts_server_url=
1	acct
1	accurate?
1	accurate_to_s
1	acdc
1	ace
1	ace_add
1	ace_delete
1	ace_member?
1	ack!
1	acknowledge_task
1	acl=
1	acl_add_from_object
1	acl_free
1	acl_get_entry
1	acl_get_fd
1	acl_get_perm
1	acl_get_permset
1	acl_get_qualifier
1	acl_get_tag_type
1	acl_set_file
1	acl_to_text
1	acl_valid
1	acls
1	acme
1	acosh
1	acot
1	acquire_relative
1	acquired
1	acquirer
1	acquirer=
1	acronym=
1	acronym_regex
1	act
1	act_type
1	acta
1	acta_on_violation
1	acting_as
1	action!
1	action_cable
1	action_cable_present?
1	action_calls
1	action_error
1	action_handlers
1	action_ids=
1	action_mailbox
1	action_of
1	action_on_unpermitted_parameters
1	action_options
1	action_proc
1	action_recurrence_ids=
1	action_set
1	action_stack
1	action_to_key
1	action_type=
1	actions_and_rules
1	actions_enabled
1	activate=
1	activateAmount=
1	activate_brief_extension
1	activate_focus
1	activate_group
1	activate_kernel_dir_methods
1	activate_observers
1	activate_reversal
1	activate_sampling_mode
1	activate_session
1	activate_stylish_extension
1	activated=
1	activation
1	activation_code=
1	activation_function
1	active!
1	active_adaptations
1	active_cache_store
1	active_client
1	active_composite
1	active_composite=
1	active_connection_key=
1	active_contexts
1	active_controllers
1	active_dictionary
1	active_features
1	active_instances
1	active_job
1	active_job?
1	active_job_enabled=
1	active_job_store_custom_data
1	active_job_store_format_result
1	active_job_store_internal_error
1	active_plugin?
1	active_processes
1	active_profile
1	active_proxy
1	active_proxy=
1	active_record_class
1	active_record_encryption
1	active_record_finder?
1	active_replica
1	active_replica=
1	active_stack
1	active_storage
1	active_storage_enabled
1	active_streak
1	active_support
1	active_template
1	active_text
1	active_voice_indicative_mood_present_tense
1	active_voice_indicative_mood_present_tense_third_person_singular_number
1	activerecord
1	activesupport_concern_class_methods_block?
1	activityRequest
1	activity_graphs
1	activity_interval
1	activity_object
1	activity_object_type
1	activity_object_type=
1	activity_target
1	activity_verb
1	activity_verb=
1	actor_class_name
1	actor_id=
1	acts_as_tenant_unscoped
1	acts_as_tenant_unscoped=
1	acts_as_trashable_options
1	acts_like_date?
1	acts_like_time?
1	actual_expiration
1	actual_framerate=
1	actual_interval
1	actual_mime_type
1	actual_native
1	actual_records
1	actual_root
1	actual_source_reflection
1	actualize
1	actually_acts_as_commentable
1	actually_post
1	ad
1	ad_token
1	ad_token=
1	adapt
1	adapted
1	adapter_builder
1	adapter_data
1	adapter_key
1	adapter_name_from
1	adapter_scheme
1	adapters_dependencies
1	adaptorName
1	adaptorName=
1	adaptorVersion
1	adaptorVersion=
1	addAction
1	addActionListener
1	addAlias
1	addAppHistory
1	addAppProduct
1	addBooks
1	addCacheListener
1	addCacheServer
1	addColumn
1	addCommand
1	addCookbook
1	addDataToPlist
1	addDispute
1	addDisputeResponse
1	addDocumentsToCentroid
1	addEventListener
1	addExample
1	addExitCommand
1	addExplanationItem
1	addField
1	addFixedPriceItem
1	addGitTagAndPush
1	addHelpCommand
1	addIntItem
1	addItemFromSellingManagerTemplate
1	addLeaf
1	addLine
1	addLink
1	addLocalPath
1	addLocator
1	addMemberMessageAAQToPartner
1	addMemberMessageRTQ
1	addMemberMessagesAAQToBidder
1	addObserver
1	addOpt
1	addOrder
1	addOwner
1	addParentId
1	addRoundKey
1	addSecondChanceItem
1	addSellingManagerInventoryFolder
1	addSellingManagerProduct
1	addSellingManagerTemplate
1	addSeparator
1	addTimeout
1	addToItemDescription
1	addToWatchList
1	addTransactionConfirmationItem
1	addTreeListener
1	addURL
1	addUnit
1	addVar
1	addWebapp
1	addWidgetAtLeft
1	addWidgets
1	add_a_function
1	add_accel_group
1	add_actions
1	add_all_entity
1	add_amount
1	add_app
1	add_application_listener
1	add_application_parameter
1	add_application_reducers_to_store
1	add_approve
1	add_article
1	add_assets
1	add_assignees
1	add_async
1	add_attr_head
1	add_attr_value
1	add_attribute_changes
1	add_attributes_to_animals
1	add_attributes_to_player
1	add_attributes_to_players
1	add_attrs
1	add_authorizer
1	add_automatic_translated_field_locales!
1	add_automatic_translation_field_locales!
1	add_backup
1	add_beneficiary
1	add_beverage
1	add_binary
1	add_binary_image
1	add_block_code
1	add_bot
1	add_branch
1	add_branch_universal_link_domains_to_info_plist
1	add_by_name
1	add_callee
1	add_capture
1	add_carthage
1	add_certid
1	add_chan
1	add_char
1	add_charset
1	add_city
1	add_claim
1	add_client_command
1	add_client_init_after_store_class_name
1	add_cocoapods
1	add_coder
1	add_collection_object
1	add_color
1	add_color_stop
1	add_color_stop_rgba
1	add_color_window
1	add_cols
1	add_columns
1	add_commands
1	add_commit
1	add_company
1	add_compile_flags
1	add_constraints
1	add_content
1	add_contents
1	add_context_set
1	add_contrast?
1	add_cookies
1	add_crl
1	add_css
1	add_css_class
1	add_culpa_generator
1	add_custom_attributes
1	add_custom_backtrace_filter
1	add_custom_build_setting
1	add_custom_chain
1	add_data_range
1	add_date
1	add_date_stamp
1	add_days
1	add_default_instructions_to
1	add_default_scenario
1	add_defaults
1	add_defined_name
1	add_defs
1	add_descendants
1	add_destination
1	add_details
1	add_device
1	add_direct
1	add_dll_directory
1	add_duplicate!
1	add_each
1	add_edge!
1	add_edges_from
1	add_edit_partial
1	add_empty
1	add_empty_tmp
1	add_endpoint
1	add_errors
1	add_event_listener
1	add_exit_hook
1	add_expression
1	add_extension_dir
1	add_fake_response
1	add_favorite_station
1	add_field_to_trace
1	add_fields
1	add_file_ref
1	add_first_child
1	add_fis_links
1	add_fixture
1	add_format_validator
1	add_frame
1	add_hash
1	add_hash_if_array
1	add_hash_if_hash
1	add_header
1	add_headers_from_raw_object
1	add_helper
1	add_hen
1	add_hike
1	add_history
1	add_history_str
1	add_hit
1	add_home
1	add_hooks
1	add_hs!
1	add_html
1	add_html_class
1	add_hue_to_hsv
1	add_icons
1	add_id_text
1	add_idempotency_headers!
1	add_identifiable_loader
1	add_idle_stage
1	add_if_less_expensive
1	add_if_not_blank
1	add_image
1	add_image_data
1	add_implicant
1	add_in_reply_to_url
1	add_include_to_dependency
1	add_info
1	add_infrastructure_failure
1	add_introspection_types
1	add_invoice
1	add_invoice_to_data
1	add_issue_to_epic
1	add_javascript
1	add_keys
1	add_keys_to_info_plist
1	add_labels_to_pullrequest
1	add_language
1	add_language_code
1	add_layout
1	add_levels
1	add_lib
1	add_lifecycle_listener
1	add_line
1	add_line_attributes
1	add_line_numbers
1	add_lines
1	add_link
1	add_load_paths
1	add_loaded_features
1	add_loader
1	add_locality
1	add_log_record_processor
1	add_maindomain_route
1	add_many_blocks
1	add_map
1	add_mapping
1	add_match
1	add_mcp_command
1	add_members_from_file
1	add_memento
1	add_merchant_key
1	add_message_callback
1	add_messages
1	add_metadata
1	add_method_tracer
1	add_metric_reader
1	add_middleware
1	add_migration
1	add_minor
1	add_mmd
1	add_mod
1	add_modes
1	add_months
1	add_mount
1	add_move
1	add_name
1	add_named_route
1	add_neighbor
1	add_nested_errors
1	add_new_stage
1	add_node_child
1	add_node_to_index
1	add_noise
1	add_noko_elem
1	add_nonce
1	add_not_found
1	add_note_to
1	add_notifier
1	add_ns
1	add_objects
1	add_objects!
1	add_on_name
1	add_ones
1	add_open_router_extensions
1	add_opposing_case
1	add_optional_file
1	add_options
1	add_or_get
1	add_orator
1	add_order
1	add_ordered_item
1	add_output_param
1	add_paragraph
1	add_params
1	add_password
1	add_payload
1	add_pc
1	add_periodic_callback
1	add_picture
1	add_pieces
1	add_pin
1	add_pin_alias
1	add_point
1	add_pointer_input
1	add_points
1	add_policy_uri
1	add_polygons
1	add_port
1	add_portfolio_file
1	add_prec
1	add_prefix
1	add_preparation
1	add_presenter_class
1	add_product
1	add_project_hook
1	add_properties
1	add_protocol
1	add_provider_for_screen
1	add_quote
1	add_reaction
1	add_recipe
1	add_record_set
1	add_record_set_item
1	add_recurrence_rule
1	add_recursive!
1	add_recv_upl
1	add_ref_polymorphic_scope
1	add_relation
1	add_relations
1	add_relationship
1	add_remote_client
1	add_renderer
1	add_repo
1	add_request
1	add_request_options
1	add_request_options!
1	add_reset_stage
1	add_resource
1	add_resource_fragment
1	add_resource_paths
1	add_resources
1	add_revoked
1	add_role_users
1	add_roles
1	add_rolling_file_logger
1	add_router
1	add_routine
1	add_rows
1	add_ruby_type
1	add_rule
1	add_run_data
1	add_score
1	add_sdk
1	add_seconds
1	add_section
1	add_security_resolver
1	add_security_token
1	add_semicolons
1	add_send_upl
1	add_server
1	add_server_command
1	add_server_facts
1	add_session
1	add_shard
1	add_signal
1	add_signer
1	add_simple_prompt_provider
1	add_slave
1	add_source_files
1	add_spacing
1	add_special
1	add_special_tokens
1	add_src
1	add_sreg
1	add_ssl_listener
1	add_ssl_server_trust_file_provider
1	add_stag
1	add_statistics
1	add_status
1	add_stdout_logger
1	add_store
1	add_stored
1	add_stream
1	add_stretch
1	add_strings_indexs
1	add_stub
1	add_student
1	add_stylesheet
1	add_subdomain_route
1	add_subplot
1	add_subscriber
1	add_subscribers
1	add_support_table_data
1	add_swagger_documentation
1	add_system_frameworks
1	add_tab
1	add_tags_to_resource
1	add_target
1	add_task
1	add_tbody
1	add_td
1	add_team_membership
1	add_template_helper
1	add_terminal
1	add_th
1	add_title_xml
1	add_to
1	add_to_gemfile
1	add_to_group
1	add_to_history
1	add_to_identity_map
1	add_to_initialize_action_list
1	add_to_kart
1	add_to_linker_sync
1	add_to_list
1	add_to_navigation
1	add_to_playlist
1	add_to_tdl_paths
1	add_to_url_map
1	add_todo_build_phase
1	add_toggle
1	add_token
1	add_tool_bar
1	add_track
1	add_trailing_slash
1	add_training_class
1	add_transaction_record
1	add_transformer
1	add_transport_init_class_name
1	add_tree
1	add_type_alias
1	add_unintended_behaviour
1	add_unix_root
1	add_update_book
1	add_url_message
1	add_username_provider
1	add_users
1	add_v93k_std_lib
1	add_value
1	add_variable
1	add_variables
1	add_view
1	add_warn
1	add_warning
1	add_weeks
1	add_widget
1	add_with_group
1	add_with_units
1	add_with_viewport
1	add_without_enabled_switch
1	add_workouts
1	add_worktree
1	add_wrapper
1	add_yaml
1	addcond
1	adddouble
1	added=
1	added?
1	adding_pod_message
1	addint
1	additional
1	additional_data
1	additional_databases
1	additional_databases=
1	additional_height_rest
1	additional_height_rest=
1	additional_information
1	additional_parameters
1	additional_parameters=
1	additional_properties=
1	additional_settings
1	addl_globs
1	addn_authors
1	addn_authors=
1	addon
1	addr_from_mpk
1	addr_port
1	address1
1	address1=
1	addressLine=
1	address_
1	address_1
1	address_components_of_type
1	address_derivation_scheme
1	address_descriptions
1	address_for_client
1	address_map_url
1	address_path_prefix
1	address_to_lat_lng
1	adds
1	addtoReport
1	adios
1	adjacent_bombs
1	adjacents
1	adjective=
1	adjective_add_columns
1	adjective_columns
1	adjoin
1	adjs
1	adjust
1	adjust!
1	adjust_date
1	adjust_local_html_images
1	adjust_local_markdown_images
1	adjust_second_radical
1	adjust_third_radical
1	adjustable?
1	adjustment
1	adjustment_with
1	adjustments
1	admin_api
1	admin_code_3=
1	admin_contact
1	admin_emails=
1	admin_name_3=
1	admin_path
1	admin_search_class_name
1	admin_set_id
1	admin_token
1	admin_user
1	administration_menu_items
1	administrator_name
1	administrator_password
1	adminlock
1	admonition
1	admonition_pages
1	ads
1	adsr_value
1	aduki_find
1	aduki_type_for_attribute_name
1	adult
1	adult_content=
1	advance_by
1	advance_if_older_than
1	advance_past
1	advance_position
1	advancedCriteria
1	advanced_checkout_override
1	advanced_checkout_override=
1	advanced_search_properties
1	advanced_search_scrape
1	adverse_events
1	advertiser_add
1	advertiser_creative_list
1	advertiser_list
1	advertiser_resolve_name
1	advertiser_resolve_name_from_creative
1	advertising_category_check_rule_access
1	advertising_category_creative_list
1	advertising_category_list
1	advertising_category_resolve_name
1	advertising_category_resolve_name_from_creative
1	advise
1	advisories
1	ae
1	aead_decrypt
1	aead_encrypt
1	aes_decrypt
1	aes_encrypt
1	aes_key=
1	aesthetic!
1	affect
1	affected_items
1	affiliate_id=
1	affiliate_network
1	africa_aggregate
1	after?
1	after_all_imports
1	after_block
1	after_branch_added
1	after_compression_total_bytes
1	after_config
1	after_configure_hooks_run=
1	after_database_authentication
1	after_decoding_action
1	after_decoding_action=
1	after_discard
1	after_discard_procs
1	after_each
1	after_events
1	after_every_transition
1	after_exception
1	after_extend_controller
1	after_fetch
1	after_filters
1	after_hook
1	after_hook=
1	after_hooks=
1	after_id
1	after_include_controller
1	after_initialized
1	after_load_blocks
1	after_load_dom
1	after_modification
1	after_move_files!
1	after_parse
1	after_parse_json
1	after_parse_list
1	after_perform
1	after_queue_store
1	after_register
1	after_render
1	after_request_hooks
1	after_save_commit
1	after_save_hook
1	after_saving_post
1	after_scan
1	after_script
1	after_setup
1	after_subset_queue_store
1	after_suite
1	after_tasks
1	after_touch
1	after_transaction
1	after_transaction_commit
1	after_worker
1	again?
1	against
1	agari?
1	age_add=
1	agedge
1	agent_checks
1	agent_name
1	agent_name=
1	agent_version
1	agentid
1	agentsecret
1	agget
1	aggregate!
1	aggregate_children
1	aggregate_function=
1	aggregate_sms_prices_obj
1	aggregator_chain
1	agnode
1	agrs
1	agsafeset
1	agsubg
1	ahoy_data=
1	ahoy_options=
1	ai_classes
1	ai_model=
1	ai_move
1	ai_processing_time_ms
1	ai_provider
1	ai_provider=
1	aina_inclusion
1	aindices
1	airbyte_api_version
1	airco_temperature
1	airport_of
1	aix?
1	ajax_type
1	ajc
1	akid
1	al
1	alarm
1	albumartist
1	alert=
1	alert_count
1	alert_url
1	alert_validate_fail
1	alertresponse=
1	alerts=
1	alg?
1	algo=
1	algo_default
1	algo_instance
1	algo_version
1	algorithm_null_params
1	algorithms
1	alias_attribute
1	alias_config
1	alias_exists?
1	alias_for
1	alias_kwarg
1	alias_name_map
1	alias_set=
1	alias_target
1	aliased
1	aliased_original?
1	aliased_prefix
1	aliased_replacement?
1	aliasses
1	align_block
1	align_len=
1	align_to
1	aligned_width?
1	alignment
1	alimento
1	alive
1	alive=
1	all!
1	allConnectors
1	allFiles
1	allFilesInDir
1	allQuotes
1	allWithVariable
1	all_addressbooks
1	all_aliases
1	all_application_helpers
1	all_associations
1	all_before_validations
1	all_blocks
1	all_bombs
1	all_books
1	all_but_first
1	all_callbacks_disabled
1	all_categories
1	all_children
1	all_cleared?
1	all_code_by_nomenclature=
1	all_collections
1	all_contributors
1	all_controller_classes
1	all_currency
1	all_custom
1	all_dates
1	all_days
1	all_dests
1	all_embeddings
1	all_extension_numbers_of_type
1	all_f
1	all_fault_classes
1	all_files_in
1	all_files_with_sha1
1	all_filter_fields
1	all_flags_and_ints
1	all_from_json
1	all_games
1	all_generalizations
1	all_gitignores_in_repo
1	all_hash
1	all_helpers
1	all_in
1	all_in_order
1	all_issues
1	all_items
1	all_items_sorted_by_price
1	all_key_names
1	all_languages
1	all_leagues
1	all_links
1	all_listeners_for
1	all_loaded_fixtures
1	all_loaded_models
1	all_matches
1	all_metrics
1	all_model_schemas
1	all_models
1	all_month
1	all_night
1	all_nomenclatures=
1	all_polymorphic_types
1	all_products
1	all_queues
1	all_records
1	all_remote
1	all_requested_fields
1	all_routes
1	all_seds?
1	all_soap_config_classes
1	all_states
1	all_tables
1	all_tags_with_counts
1	all_translations
1	all_us_states
1	all_users
1	all_values
1	all_variables
1	all_weights
1	all_with_tag
1	all_with_variants
1	all_year
1	allocate_color
1	allocate_model
1	allocate_string
1	allocated
1	allocated_memory_by_class
1	allocated_memory_by_file
1	allocated_memory_by_gem
1	allocated_objects_by_class
1	allocated_objects_by_file
1	allocated_objects_by_gem
1	allocated_objects_by_location
1	allocation
1	allocation_add
1	allocation_class_path
1	allocation_delete
1	allocation_duplicate
1	allocation_edit
1	allocation_group_add
1	allocation_group_delete
1	allocation_group_edit
1	allocation_group_list
1	allocation_list
1	allocation_method_id
1	allocation_resolve_name
1	allocation_set_archived
1	allocation_source_add
1	allocation_source_delete
1	allocation_source_edit
1	allocation_source_list
1	allocation_sourcefile
1	allocation_sourceline
1	allocation_update_position
1	allocator=
1	allow=
1	allow?
1	allowDirty
1	allowInvoiceEdit=
1	allowOverride
1	allowPartialAuth=
1	allow_action_controller_params
1	allow_address_literal
1	allow_animations
1	allow_any_instance_of
1	allow_bold_switch
1	allow_camel_case_methods
1	allow_concurrency
1	allow_conditional_parentheses
1	allow_delivery_failure
1	allow_dependency_failure
1	allow_domain_label_begin_with_number
1	allow_dot_sequence_in_local
1	allow_duplicates=
1	allow_dynamic_fields=
1	allow_dynamic_queries=
1	allow_external_links
1	allow_failure=
1	allow_fallback
1	allow_file_uris
1	allow_hard_tabs
1	allow_invalid_ruby
1	allow_keys
1	allow_list
1	allow_local
1	allow_local_begin_with_dot
1	allow_local_end_with_dot
1	allow_local_network_access
1	allow_mult
1	allow_multi_statements!
1	allow_net_connect=
1	allow_network_access
1	allow_network_connections
1	allow_nil
1	allow_nil=
1	allow_overrides
1	allow_peeping_toms=
1	allow_rollback
1	allow_screaming_snake_case_classes
1	allow_subdomains
1	allow_trailing_line_spaces
1	allow_unknown
1	allow_unknown_flag
1	allow_unknown_flag=
1	allow_unnecessary_double_quotes
1	allow_unnecessary_interpolation
1	allow_update_on_all_models_and_attributes
1	allow_writes
1	allowance_charges
1	allowed_assoc_types
1	allowed_attributes=
1	allowed_class_methods_in_queries
1	allowed_commands
1	allowed_context_methods
1	allowed_countries
1	allowed_dirs
1	allowed_environments
1	allowed_in_env?
1	allowed_ips
1	allowed_languages
1	allowed_members
1	allowed_method?
1	allowed_methods
1	allowed_namespaces
1	allowed_opt?
1	allowed_request_methods=
1	allowed_request_origins
1	allowed_request_origins=
1	allowed_sub_commands
1	allowed_tags=
1	allowed_tools
1	allowed_type?
1	allowed_values
1	allowlist
1	allows?
1	allseitigfactory
1	almost_equal
1	almost_greater_than
1	almost_less_than
1	alnum
1	aloha_soap_result
1	alpha=
1	alphabet
1	alphabetize
1	alphanumeric_key_for
1	alpn_protocols
1	alpn_select_cb=
1	already_exists_error
1	already_locked
1	already_running?
1	already_wrapped?
1	alt_index
1	alt_text
1	alter_instances!
1	alternate_format_location_uri
1	alternate_format_location_uri=
1	alternates
1	alternative
1	alternative_root
1	alternatives_for_test
1	altitude
1	altmetric=
1	altmetric_badge_type=
1	always
1	always_compile
1	always_multitask=
1	always_out_of_date=
1	always_permitted_parameters
1	always_trace!
1	amalgalite
1	amalgam_define_helpers
1	amazon_credentials
1	amazon_error_type
1	amazon_sales_rank
1	amend
1	amend_encoding
1	america
1	amexAggregatorData=
1	amf0_deserialize
1	amf0_read_string
1	amf0_write_string_wo_marker
1	amf3_deserialize
1	amf3_read_string
1	amount_in_kelvins
1	amount_of_suggestions
1	amqp
1	amqp_parameters
1	amqp_parameters=
1	analysed_module
1	analysis_as_array
1	analysis_id=
1	analysis_result
1	analysis_results
1	analyze?
1	analyze_command
1	analyze_file
1	analyze_for_fitness!
1	analyze_post_43x
1	analyze_ruby_document
1	analyze_specification
1	analyze_symbolic_trace_ruby_v2
1	analyze_symbolic_trace_v2
1	analyze_text
1	analyze_yaml_document
1	analyzing
1	anatomicalLocationSite=
1	ancestor
1	ancestor=
1	ancestor_names
1	ancestors_bfs
1	anchor=
1	anchor_files
1	anchor_or_uuid
1	anchor_struct
1	anchor_type
1	and_all?
1	and_any?
1	and_asgn_type?
1	and_code
1	and_criteria
1	and_then
1	and_yield
1	android_7?
1	android_home
1	angle_to
1	angular_velocity
1	animal
1	animal=
1	animate
1	animations
1	anime_id
1	ankh
1	anki21_database
1	anlage
1	annotate_all
1	annotate_row!
1	annotation
1	annotation_files
1	annotation_type
1	annotations=
1	annots=
1	announce
1	announcement
1	announcer=
1	anonymize
1	anonymous_bind
1	ans
1	ansi?
1	ansi_color_code
1	ansi_rgb_color
1	ansi_sgr_to_html_en_main=
1	ansi_sgr_to_html_error=
1	ansi_sgr_to_html_first_final=
1	ansi_sgr_to_html_start=
1	ansii_escape
1	answerMarkdown
1	answer_filed
1	answer_list
1	answer_type=
1	answers=
1	ant
1	anterior=
1	anthropic_api_key=
1	antialias=
1	antonyms
1	anyNumber
1	any_args
1	any_bb_tags?
1	any_block_type?
1	any_event
1	any_instance_of
1	any_logging_configured?
1	any_tags?
1	any_undefined_and_unfiltered?
1	any_variable
1	anycable_socket
1	anything
1	anything_map
1	ap_attributes
1	ap_geq_3?
1	apache_name_taken?
1	apage_from
1	apel
1	aperture
1	apiBase
1	apiKey
1	apiKey=
1	apiVersion=
1	api_access_token
1	api_additive=
1	api_base_path
1	api_base_path=
1	api_cache_timestamp
1	api_default_from
1	api_docs
1	api_docs_url
1	api_email
1	api_filter
1	api_for
1	api_format=
1	api_full
1	api_handler
1	api_headers
1	api_id=
1	api_key_name
1	api_key_name=
1	api_key_value
1	api_key_value=
1	api_keys
1	api_login
1	api_name
1	api_path=
1	api_patterns=
1	api_port
1	api_port=
1	api_prefix_path
1	api_protocol
1	api_query_params
1	api_request_path
1	api_response=
1	api_server_url
1	api_server_url=
1	api_session_token
1	api_settings
1	api_subdomain
1	api_tier
1	api_timeout
1	api_token_middleware
1	api_uri=
1	api_user
1	api_user=
1	api_user_role=
1	api_username
1	api_ver
1	api_verb
1	apikey_create
1	apikey_list
1	apikey_revoke
1	apimap
1	apis=
1	apis_configs
1	apitoken=
1	apiver=
1	apns
1	apns_certificate
1	apns_gateway
1	apns_passphrase
1	app!
1	appDeliveryData
1	appID
1	appID=
1	appVersion
1	app_base_path
1	app_class=
1	app_comes_from_env
1	app_config
1	app_defaults_initialized?
1	app_dirs
1	app_email
1	app_factory
1	app_folder_paths
1	app_for
1	app_identifier
1	app_initiator
1	app_link_subdomain
1	app_loaded?
1	app_middleware
1	app_namespace
1	app_paintable=
1	app_passenger_env
1	app_password
1	app_path=
1	app_path_to
1	app_paths
1	app_port
1	app_project_name
1	app_project_path
1	app_request_regex
1	app_request_uri
1	app_root=
1	app_signing_public_key
1	app_signing_public_key=
1	app_target_name
1	app_target_tests_name
1	app_terminator
1	app_token=
1	app_uri
1	app_uri=
1	app_url=
1	app_usage
1	app_ver
1	app_version=
1	apparentTemperature
1	appbase
1	appearance
1	appendChild
1	appendItem
1	appendStyledText
1	appendText
1	append_alpha
1	append_args
1	append_as_bytes
1	append_context
1	append_crc16
1	append_db_time
1	append_expression
1	append_extension
1	append_features_without_class_extension
1	append_features_without_pattern_methods
1	append_hits
1	append_html
1	append_identifier
1	append_input
1	append_item
1	append_line
1	append_locale_path
1	append_metadata
1	append_page
1	append_paths
1	append_percentage
1	append_place
1	append_require_options
1	append_return_block
1	append_row
1	append_rules
1	append_separator
1	append_space
1	append_spreadsheet_value
1	append_storage
1	append_system_prompt
1	append_tbox
1	append_text
1	append_to
1	append_to_block
1	append_to_id
1	append_total_time
1	append_url_with_template_parameters
1	append_user_data
1	append_view_time
1	append_website_data
1	appkey
1	applable?
1	applepay=
1	applescript_for_iterm
1	applescript_for_terminal
1	applicable?
1	applicable_files
1	applicable_package_managers
1	applicable_parser
1	applicable_parsers
1	applicant_class_name
1	applicant_review_class_name
1	applicant_reviews
1	applicationId
1	application_command
1	application_include
1	application_job_subclass?
1	application_key
1	application_name_under_test
1	application_processes
1	application_public_url=
1	application_root=
1	application_root_url
1	application_secret
1	application_server_request_end=
1	application_server_request_start=
1	application_template
1	application_timezone=
1	application_version
1	applications_url
1	applied?
1	applied_mods
1	applied_patches
1	applies_to_year?
1	apply_abilities
1	apply_action
1	apply_all!
1	apply_assignments!
1	apply_association_loading
1	apply_block
1	apply_chat_template
1	apply_class_name_filter
1	apply_color
1	apply_colors
1	apply_component_attributes
1	apply_context
1	apply_desktop_picture
1	apply_driver_patches
1	apply_effect
1	apply_environment_defaults
1	apply_filter_opts
1	apply_filters!
1	apply_first_matching
1	apply_fixtures
1	apply_globals
1	apply_header
1	apply_helpers
1	apply_history_manager
1	apply_inner_scope
1	apply_internal_grid
1	apply_lockdown!
1	apply_nesting
1	apply_on
1	apply_options
1	apply_overrides!
1	apply_profile
1	apply_renderers
1	apply_restful_actions
1	apply_row_col_transformation
1	apply_saved_authentication
1	apply_scopable
1	apply_scopes
1	apply_settings
1	apply_shift
1	apply_signature
1	apply_tag
1	apply_through_coercion
1	apply_title!
1	apply_to_schema
1	apply_traits
1	apply_types!
1	apply_version_specific_fixes!
1	apply_with_reference
1	apply_without_reference
1	apprepo_path
1	approval_code
1	approval_code=
1	approvals
1	approved
1	approverID=
1	approximate_recommendation
1	apps_before
1	apps_connections_open
1	apps_day
1	apps_range
1	apps_since
1	appsignal_enabled
1	appygram_endpoint=
1	aps
1	aput
1	ar_models
1	ar_models=
1	arc
1	arc_label
1	arca_callback_data
1	archeology_detail
1	archive?
1	archive_format
1	archive_link
1	archive_schema
1	archivecompleted
1	archived
1	archived?
1	archivo
1	arduino
1	are_cocoapods_installed!
1	are_configurable_strings_enabled?
1	area?
1	area_for_section
1	area_prototypes
1	area_without_offset
1	areas
1	areas_affected
1	areas_as
1	arena
1	arg?
1	arg_blk_pass
1	arg_concat
1	arg_names
1	arg_options
1	arg_required
1	arg_to_data
1	arg_to_s
1	argc
1	argcount
1	arglist
1	argon2i
1	args_
1	args_clear
1	args_match?
1	args_new
1	args_push
1	args_type?
1	argument=
1	argument?
1	argument_as
1	argument_block
1	argument_declaration?
1	argument_description
1	argument_error!
1	argument_kwargs
1	argument_length_check
1	argument_max_length_check
1	argument_min_length_check
1	argument_name
1	argument_names
1	argument_values
1	arguments_for
1	arguments_from
1	arguments_include_method_call?
1	arguments_schema
1	ari
1	arib_jis_to_euc
1	arithmetic
1	arm
1	armor_types
1	around_context
1	around_default_stack
1	around_handlers
1	around_hooks
1	around_render
1	around_step
1	arp?
1	array=
1	array_close
1	array_cmd
1	array_diff
1	array_each
1	array_like?
1	array_open
1	array_randn
1	array_slice_merge!
1	array_to_hash
1	array_to_hash_merge_parser
1	array_type
1	array_wrap
1	arrayify
1	arrow_c_stream
1	arrow_color
1	ars
1	art!
1	articleMarkdown
1	article_hash
1	article_results
1	artifact
1	artifact_paths
1	artifacts_expire_in
1	artifacts_expose_as
1	artifacts_name
1	artifacts_path=
1	artifacts_paths
1	artifacts_reports
1	artifacts_untracked
1	artifacts_when
1	artifacts_when=
1	artirix_data_models
1	artist_name
1	artists=
1	artofsolving
1	arvados
1	aryset
1	asDouble
1	asNumber
1	as__call
1	as__list
1	as_auth_capture
1	as_avro
1	as_binary
1	as_class_name
1	as_dialed_from
1	as_img
1	as_interface
1	as_is_matcher
1	as_jsonapi
1	as_lua
1	as_object_members
1	as_regexp
1	as_resource_in_collection
1	as_revision
1	as_rusql_table
1	as_sale
1	as_string
1	as_sym
1	as_taxonomy_sidebar_link
1	as_tree
1	asa_class
1	asc=
1	ascendant
1	ascii
1	ascii_compatible?
1	asciicompat_encoding
1	ase
1	asia_aggregate
1	aside
1	ask?
1	ask_all?
1	ask_backend
1	ask_for_file
1	ask_for_marker_type
1	ask_for_response
1	ask_for_square_to_mark
1	ask_for_width_of_board
1	ask_if_needed
1	ask_increment_type
1	ask_once
1	ask_order
1	ask_pass
1	ask_password
1	ask_permissison_to_apply
1	ask_secret
1	ask_simply
1	ask_to_restart
1	ask_yes_no
1	ask_yesno
1	asking
1	asm
1	asn1_attr_accessor
1	aspect
1	aspect_float
1	aspectj
1	aspis_init
1	assamble
1	assambler
1	assambler=
1	assemble_came_case_string
1	assemble_frame
1	assemble_timestamp
1	assembly
1	assert?
1	assertOutFmt
1	assert_block
1	assert_dialog_instance_is_valid
1	assert_dialog_reason_is_valid
1	assert_dictionary
1	assert_either_positional_arguments_or_keyword_arguments!
1	assert_empty
1	assert_enumerable_path
1	assert_equal_with_empty_literal
1	assert_equal_with_false
1	assert_equal_with_object_id?
1	assert_equal_with_truthy
1	assert_false
1	assert_file_exists
1	assert_files_exist
1	assert_has_content
1	assert_includes
1	assert_integrity!
1	assert_known
1	assert_nil
1	assert_no_match
1	assert_non_nil_path_keys
1	assert_numeric!
1	assert_parameters
1	assert_program_presence!
1	assert_raise
1	assert_required_properties_set!
1	assert_response
1	assert_sane_parameterisation
1	assert_supported!
1	assert_temperature
1	assert_text_in_body
1	assert_trained
1	assert_true
1	assert_type
1	assert_type!
1	assert_url_conditions
1	assert_valid
1	assert_valid_argument_type_sig_element
1	assert_valid_bundle_entries
1	assert_valid_credentials
1	assert_valid_http_uri
1	assert_valid_scale!
1	assert_with_bang_argument
1	assert_with_equal?
1	assert_with_two_arguments?
1	assertion_consumer_service_url=
1	assertion_consumer_services
1	assertion_count
1	assertion_method?
1	assessment_identifiers
1	assessment_test
1	asset
1	asset=
1	asset_bought
1	asset_cache
1	asset_debug
1	asset_digest
1	asset_dir
1	asset_file?
1	asset_frozen_value
1	asset_host_public
1	asset_id
1	asset_output_path
1	asset_paths
1	asset_prefix
1	asset_root
1	asset_root_dir
1	asset_url
1	assets=
1	assets_css_compressor
1	assets_js_compressor
1	assets_key
1	assets_mgr
1	assets_paths
1	assets_pipeline_enabled?
1	assets_precompile=
1	assets_prefix=
1	assets_public_path=
1	assets_url
1	assign_attr
1	assign_attributes!
1	assign_caption
1	assign_module_constant_or_croak
1	assign_types
1	assign_values
1	assign_variable
1	assignable
1	assignable_roles
1	assignedNode
1	assigned_attribute?
1	assigned_attributes
1	assigned_container
1	assigned_job=
1	assigned_merchant_id
1	assigned_merchant_id=
1	assigned_paragraph_type
1	assigned_process=
1	assigned_to
1	assigned_to_id
1	assigned_user_id=
1	assignedtasks
1	assignment?
1	assignment_id
1	assignment_type
1	assoc_handle
1	assoc_options
1	associate_address
1	associate_id
1	associate_public_ip_address
1	associated
1	association?
1	association_definition
1	association_name
1	association_names
1	association_primary_key
1	association_relation
1	association_specs
1	associations=
1	associations_via_include_param
1	associativity
1	assume
1	assume_default_colors
1	assume_generated?
1	ast=
1	ast_eval
1	ast_node?
1	ast_regexp
1	ast_root_for
1	ast_to_forest
1	ast_with_comments
1	astro_refraction
1	asts_by_path
1	asts_by_scope
1	asum
1	async_delivery?
1	async_exec
1	async_fiber
1	async_handler
1	async_processing
1	async_schedule
1	async_writer
1	asynchronous_write
1	asynchronously=
1	at_1_1=
1	at_1_2=
1	at_1_3=
1	at_1_4=
1	at_2_1=
1	at_2_2=
1	at_2_3=
1	at_2_4=
1	at_beginning_of_day
1	at_beginning_of_month
1	at_beginning_of_year
1	at_cmd
1	at_end?
1	at_end_of_year
1	at_exit_report
1	at_keyword?
1	at_least?
1	at_lunar
1	at_notch?
1	at_timezone
1	at_width
1	at_without_coercion
1	atan2
1	atbash
1	atom
1	atom?
1	atomic
1	atomic_read
1	atomic_write
1	att_decrypt_final
1	att_decrypt_init
1	att_decrypt_update
1	att_decryptor
1	att_defs
1	att_encrypt_final
1	att_encrypt_init
1	att_encrypt_update
1	att_encryptor
1	attach2
1	attach_bsd
1	attach_defaults
1	attach_file
1	attach_linux
1	attach_logger
1	attach_mode
1	attach_network_interface
1	attach_pipe_handler
1	attach_session
1	attach_to_log
1	attach_to_server
1	attach_unix
1	attachable
1	attached
1	attachedValue=
1	attachment
1	attachment?
1	attachment_attributes
1	attachment_changes
1	attachment_class=
1	attachment_definitions
1	attachment_not_ready?
1	attempt_to
1	attempts?
1	attempts_number
1	attendees
1	attic
1	attire
1	attr_accessible?
1	attr_accessor_with_default_setter
1	attr_accessors
1	attr_conditions
1	attr_escape
1	attr_from_entry
1	attr_internal_naming_format
1	attr_json
1	attr_json_associations=
1	attr_json_registry
1	attr_names
1	attr_names=
1	attr_pairs
1	attr_required
1	attr_resource
1	attr_set
1	attraction_details
1	attractions
1	attrib
1	attribs
1	attribute?
1	attributeMap
1	attribute_assignment?
1	attribute_changed?
1	attribute_defaults
1	attribute_element
1	attribute_enumerator
1	attribute_fixed?
1	attribute_for
1	attribute_formatter
1	attribute_index
1	attribute_names=
1	attribute_options
1	attribute_padding_by_name=
1	attribute_registry
1	attribute_sets
1	attribute_sort_order=
1	attribute_statement
1	attribute_type
1	attribute_was
1	attribute_with_ns
1	attribute_xml
1	attribute_xml=
1	attributes_aliases
1	attributes_before_type_cast
1	attributes_registry
1	attributes_with_types
1	attribution_data
1	attrreaderinstr
1	attrs_map
1	attrwriterinstr
1	aud
1	audible_bell_switch
1	audience_provider_add
1	audience_provider_delete
1	audience_provider_edit
1	audience_provider_entity_delete
1	audience_provider_entity_list
1	audience_provider_entity_set
1	audience_provider_list
1	audience_provider_resolve_name
1	audience_segment_add
1	audience_segment_available
1	audience_segment_check_rule_access
1	audience_segment_delete
1	audience_segment_edit
1	audience_segment_list
1	audience_segment_resolve_name
1	audience_strict
1	audio_channels
1	audio_checks
1	audio_duration
1	audio_sample_rate
1	audio_sampling_rate_before_type_cast
1	audio_stream
1	audios
1	audit
1	audit_connection
1	audit_logger_model_config
1	audit_proof_build_head
1	audit_rbac
1	auditables=
1	audited_attribute_options
1	auditing_enabled
1	auditing_enabled=
1	auditlog_enabled
1	auditlog_enabled=
1	auditlog_file=
1	auditlog_file_mode=
1	auditlog_log_input=
1	auditlog_log_output
1	auditlog_log_output=
1	aufschubzeit
1	aufschubzeit=
1	auftragsnummer
1	augment
1	augment_partial_renderer
1	aure
1	authAmount=
1	authReversalAmount=
1	auth_account_by_cert
1	auth_api=
1	auth_api_client
1	auth_callback=
1	auth_capture_transaction
1	auth_domain
1	auth_hash=
1	auth_id
1	auth_installed_app
1	auth_login
1	auth_methods
1	auth_option
1	auth_options
1	auth_pass=
1	auth_password=
1	auth_plugin_enabled
1	auth_private_methods
1	auth_results
1	auth_reversal
1	auth_sasl
1	auth_source=
1	auth_supplied?
1	auth_tag_len=
1	auth_time=
1	auth_ttl
1	auth_user=
1	auth_value_methods
1	authenticatable?
1	authenticate_as_app
1	authenticate_by
1	authenticate_user
1	authenticate_user!
1	authenticate_with_http_token
1	authenticate_with_open_id
1	authenticated
1	authenticated_client
1	authenticated_model
1	authenticated_request
1	authenticated_user
1	authentication=
1	authentication?
1	authentication_closure
1	authentication_enabled
1	authentication_enabled?
1	authentication_endpoint
1	authentication_method
1	authentication_model
1	authentication_model_class
1	authentication_path
1	authentication_request_token
1	authentication_url
1	authenticator
1	authenticity_token
1	authenticity_token=
1	authmatch
1	authmode=
1	authname
1	authorDatetime=
1	author_bio
1	author_class
1	author_url
1	authored_by?
1	authority=
1	authorization_backend
1	authorization_endpoint
1	authorization_endpoint=
1	authorization_strategy
1	authorization_string
1	authorize_active_storage
1	authorize_by
1	authorize_egress
1	authorize_instance
1	authorize_net_gateway
1	authorize_params=
1	authorize_port_range
1	authorize_security_group_IP_ingress
1	authorized_json_connection
1	authorized_keys
1	authorized_request
1	authorized_request=
1	authorizer_api_key
1	authorizers
1	auths
1	authz_delete
1	authz_id
1	auto
1	autoFetchDir
1	autoPay=
1	autoUnpackDir
1	autoUnpackFlag
1	auto_benching
1	auto_block
1	auto_cache
1	auto_commit?
1	auto_commits=
1	auto_compact
1	auto_create_config_folder
1	auto_create_config_objects
1	auto_data_key_count=
1	auto_delete
1	auto_detect
1	auto_enrich
1	auto_flush=
1	auto_install
1	auto_install_plugins
1	auto_instrument
1	auto_instrument=
1	auto_link
1	auto_lint=
1	auto_load_from_yaml
1	auto_map?
1	auto_merge_threshold
1	auto_orient
1	auto_paginate
1	auto_paging_each
1	auto_path
1	auto_process
1	auto_remove
1	auto_retry
1	auto_scaling_group_name
1	auto_scaling_groups
1	auto_scaling_instances
1	auto_scroll
1	auto_selected_locations=
1	auto_setup_reverse_associations
1	auto_shift_type
1	auto_sort_connections
1	auto_test=
1	auto_toc=
1	auto_update=
1	auto_update_semver
1	auto_width=
1	autocommit
1	autocompletable
1	autocompletion
1	autocompletion=
1	autoconfig
1	autocorrectable
1	autocorrectable?
1	autocreate
1	autofiller
1	autofix?
1	autogenerate_notifiers
1	autohide_delay
1	autoinitkbd
1	autoinitmouse
1	autolink
1	autoload?
1	autoload_all
1	autoload_dir
1	autoload_dirs
1	autoload_dirs=
1	autoload_once_paths=
1	automatic
1	automatic_require
1	automatic_retry
1	automatic_retry_array
1	automatic_translation_class
1	automatic_update
1	autoregister
1	autorequire
1	autorequire_suffix
1	autorot
1	autosave_animated_gif_on_failure
1	autosize_columns
1	av
1	av_register_all
1	avail_in=
1	availableVersions
1	available_actions
1	available_adapters
1	available_applications
1	available_apps
1	available_attempts
1	available_attempts=
1	available_converters
1	available_environments
1	available_formats
1	available_genre_seeds
1	available_kinds_with_discoverers
1	available_kinds_with_helpers
1	available_languages
1	available_lists
1	available_moves
1	available_options
1	available_phone_numbers
1	available_plugins
1	available_prompts
1	available_release_versions
1	available_services
1	available_sources
1	available_tools
1	available_users
1	available_users=
1	available_users_identifiers=
1	available_users_names=
1	avatar_id
1	average_complexity
1	average_loss
1	average_speed
1	average_time
1	avgs
1	aw_tenant_code
1	awaitTermination
1	await_command
1	awaited?
1	awards
1	away_team_id
1	away_team_score
1	awesome
1	awis_url=
1	awsEnvFile
1	aws_access_key
1	aws_access_key_id=
1	aws_bucket=
1	aws_campaign_bucket
1	aws_client
1	aws_credentials
1	aws_describe_instance
1	aws_iam
1	aws_key
1	aws_key=
1	aws_onchange_field
1	aws_onchange_oncreate
1	aws_region=
1	aws_request_id
1	aws_secret
1	aws_secret=
1	aws_secret_access_key=
1	aws_secret_key
1	aws_settings=
1	axe
1	axe!
1	axis_append_A1
1	axis_division
1	axis_head_cut
1	axnames
1	azimuth
1	b1
1	b2
1	b2s_original_require
1	b64_decode
1	b64_to_bin
1	b64encode
1	b=
1	b?
1	bAlternateSetting
1	bConfigurationValue
1	bDeviceClass
1	bEndpointAddress
1	back?
1	back_size
1	back_to
1	back_trace
1	backend_for
1	backend_form
1	backend_get
1	backend_port=
1	backend_post
1	backend_put
1	backend_save?
1	backend_type
1	backend_values
1	backends
1	background_exception_notification
1	background_job_queue
1	background_jobs
1	backgrounded
1	backgrounds_path
1	backlinks
1	backoff
1	backoff_function=
1	backoff_sugar_to_enumerator
1	backpropagate
1	backref_assign_error
1	backspace_binding_sel
1	backtrace_filter=
1	backtrace_ignore_rexp=
1	backtrace_limit
1	backtrace_line
1	backtrace_message
1	backtrace_to_s
1	backtrack_for
1	backup_at
1	backup_db
1	backup_directory
1	backup_extension
1	backup_freq
1	backup_ssh_config!
1	backups
1	bad
1	badFmt
1	bad_associations_alert
1	bad_gateway?
1	bad_lines
1	bad_request?
1	bad_route
1	bad_traits
1	bad_words
1	badge=
1	badge_class_map
1	badge_name
1	badge_template
1	baggage
1	bake
1	bakers_percent_100
1	balanceAmount
1	balance_inquiry
1	balance_via_gateway
1	balance_via_http
1	balanced
1	balanced_columns
1	balances
1	band
1	bandsplit
1	bank=
1	bankReferenceNo
1	bank_account_number
1	bank_code
1	bank_codes
1	bank_enhanced_check
1	bank_holiday?
1	bank_holidays
1	bank_routing_number
1	bank_standard_check
1	bank_statement
1	banned_list
1	banner_ads
1	banner_wrap
1	banners
1	bar_margin
1	barcode_create
1	barcode_encode
1	barcode_print
1	bare?
1	bare_access_modifier?
1	bare_sig?
1	barplot
1	base58
1	base58_decode_hex
1	base58_from_data
1	base58check
1	base58check_encode
1	base58check_from_data
1	base62
1	base64digest!
1	base64format
1	base?
1	baseEngModifiers
1	baseKeyConfig
1	baseKeyConfig=
1	baseMaterial=
1	baseName
1	baseName=
1	base_address
1	base_addresses
1	base_class=
1	base_concern=
1	base_connection
1	base_controller_class
1	base_country
1	base_currency
1	base_domain
1	base_error
1	base_errors
1	base_filename
1	base_flavor
1	base_height
1	base_history
1	base_id
1	base_interval
1	base_markup
1	base_middleware
1	base_moves
1	base_notification_url
1	base_of
1	base_options
1	base_override
1	base_param_class
1	base_port
1	base_response_check
1	base_result
1	base_singleton_class=
1	base_string
1	base_style
1	base_template
1	base_type_number
1	base_type_number=
1	base_unit
1	base_unit=
1	base_url_request
1	base_urls
1	base_usecase
1	base_width
1	base_xcodebuild_cmd
1	base_xor
1	basecamp_campfire
1	basedir
1	basefile
1	basefont
1	baseline
1	baseline=
1	baseline_name=
1	basename_no_ext
1	bash_completion
1	basicLoad
1	basic_authentication_password
1	basic_collection
1	basic_conditional?
1	basic_header_from
1	basic_password
1	basic_quote_characters
1	basic_quote_characters=
1	basic_tasks
1	basic_test
1	basic_user
1	basic_word_break_characters
1	basis
1	basis_beitrag_pa
1	basis_matrix
1	basis_pa=
1	basis_wunsch
1	basket=
1	basket_checkout
1	basket_options_hash
1	bass_note
1	bastion_filters
1	bat_available?
1	batch_build
1	batch_create_or_update_from_elibri
1	batch_execution
1	batch_file_path
1	batch_full
1	batch_get_deployments
1	batch_get_item
1	batch_get_reports
1	batch_id
1	batch_id=
1	batch_id_option
1	batch_jobs_block?
1	batch_model
1	batch_read
1	batch_record_processing
1	batch_register
1	batch_stopping_error?
1	batch_storage
1	batch_topic_subscription
1	batch_topic_unsubscription
1	batch_transfers
1	batch_update_spreadsheet
1	batch_upload_api_key
1	batch_upload_api_url
1	batch_write_item
1	batched_effect
1	batched_effect=
1	batters
1	battlefield
1	battleprint
1	bav_beitrag_pa
1	bav_pa=
1	bav_wunsch
1	bcdDevice
1	bd
1	be_a
1	be_invalid?
1	beaneater
1	beaneater=
1	bearer
1	bearer=
1	bearer_auth
1	bearing
1	beast
1	beats_diagonally?
1	beats_straight?
1	become_end_point
1	becomes
1	beds
1	been_flagged
1	been_played
1	beers
1	before=
1	before?
1	before_action_proc
1	before_action_proc=
1	before_add
1	before_all_imports
1	before_block
1	before_build
1	before_commit
1	before_compression_total_bytes
1	before_doctype
1	before_each
1	before_embedded
1	before_encoding_action
1	before_events
1	before_every_transition
1	before_extend_controller
1	before_filters
1	before_fork_hooks
1	before_hook=
1	before_hooks=
1	before_include_controller
1	before_load
1	before_load_blocks
1	before_load_dom
1	before_lookup
1	before_navigate
1	before_page_create
1	before_preview
1	before_queue_store
1	before_render
1	before_request
1	before_request_hooks
1	before_request_phase=
1	before_response
1	before_retry
1	before_run_callbacks
1	before_save_hook
1	before_script
1	before_subset_queue_store
1	before_suite
1	before_tasks
1	before_worker
1	befores
1	begin!
1	beginWaitCursor
1	begin_authentication
1	begin_block?
1	begin_class
1	begin_draw
1	begin_line
1	begin_list
1	begin_raw
1	begin_raw=
1	begin_raw_input
1	begin_rb_scenario
1	begin_row
1	begin_scan
1	begin_transaction
1	beginning_of_buffer
1	beginning_of_minute
1	beginning_of_workday=
1	begins_with_msisdn_international_prefix
1	begins_with_msisdn_national_prefix
1	begx
1	begy
1	beitrag_pa=
1	belongs_to_assoc
1	belongs_to_assoc_by_foreign_key
1	belongs_to_assoc_by_polymorphic_type
1	belongs_to_associations
1	belongs_to_builders
1	belongs_to_user?
1	belongs_tos
1	belongs_tos=
1	bench
1	bench_output
1	bench_press
1	benchmark_result
1	benchmarks
1	bend_points
1	beneficiary=
1	beneficiaryAddress=
1	beneficiaryMobileNo=
1	beneficiaryName=
1	berksTar
1	berks_from_file
1	berksfile
1	berufseinstieg
1	berufseinstieg=
1	beschreibung
1	best_available
1	best_bbox_search_cells
1	best_by
1	best_constant
1	best_datasync
1	best_description
1	best_fit_from_file
1	best_flights
1	best_match_pattern
1	best_outputs_valset
1	best_player_ws
1	best_si_unit
1	best_theme
1	best_title
1	bestow_methods
1	bests
1	bests_defined_for_counter?
1	bet=
1	beta_touch
1	better_than?
1	between_description_format
1	bf_xmit
1	bfs_search_tree_from
1	bg=
1	bg_black
1	bg_color_codes
1	bg_gray
1	bg_green
1	bg_red
1	bgm_play
1	bgm_stop
1	bgs_play
1	bgs_stop
1	bgsave
1	bias
1	biases
1	bib_name_map
1	bibliographer
1	bibrender=
1	bic
1	bid
1	bidi_control?
1	bidi_streamer?
1	big_endian_to_int
1	bigrand
1	bigs!
1	billCycleDay=
1	billMeLaterRequest=
1	billToAddress=
1	billToId=
1	billing
1	billing=
1	billing_mode_summary
1	billing_schema
1	bin2hex
1	binToBinary
1	bin_dir_environment_variable
1	bin_files
1	bin_string
1	bin_to_b64
1	bin_width
1	binance_order_book
1	binary_data
1	binary_directory
1	binary_encode_one
1	binary_file_path
1	binary_images
1	binary_mode
1	binary_operator_loc
1	binary_pack
1	binary_to_term
1	binary_version
1	bind_as
1	bind_attribute
1	bind_dn
1	bind_input
1	bind_ips
1	bind_listen
1	bind_off
1	bind_params
1	bind_size
1	bind_to
1	bindable?
1	binder
1	binders
1	binding_helper
1	binding_self
1	bindir=
1	binds
1	bindtextdomain
1	bindto
1	bingo!
1	binlib
1	binomial
1	bio
1	bioguide
1	biolib=
1	bios_error_prompt_disabled?
1	bios_hdd_placeholder_enabled?
1	bios_os_power_control_enabled?
1	bipolar_associations=
1	birthDatetime=
1	birth_day
1	birthdate=
1	bis_password
1	bis_user
1	bisearch
1	bit
1	bit?
1	bit_magic_name
1	bit_precision
1	bit_score=
1	bit_width
1	bit_width=
1	bitbucket_pipelines?
1	bite_off_head
1	bitflags_from_tokens
1	bitmap2img
1	bitmap=
1	bitmap_eq
1	bitmask
1	bitop
1	bitrate_nominal
1	bitsize
1	bitstream_serial_no
1	bitters
1	bkp=
1	bl=
1	blArrayDestroy
1	blBitArrayDestroy
1	blBitSetDestroy
1	blContextApplyTransformOp
1	blContextBlitImageD
1	blContextBlitImageI
1	blContextBlitScaledImageD
1	blContextBlitScaledImageI
1	blContextClearAll
1	blContextClearRectD
1	blContextClearRectI
1	blContextClipToRectD
1	blContextClipToRectI
1	blContextDestroy
1	blContextEnd
1	blContextFillAll
1	blContextFillAllExt
1	blContextFillAllRgba32
1	blContextFillGeometry
1	blContextFillGeometryExt
1	blContextFillGeometryRgba32
1	blContextFillMaskD
1	blContextFillMaskDExt
1	blContextFillMaskDRgba32
1	blContextFillMaskI
1	blContextFillMaskIExt
1	blContextFillMaskIRgba32
1	blContextFillPathD
1	blContextFillPathDExt
1	blContextFillPathDRgba32
1	blContextFillRectD
1	blContextFillRectDExt
1	blContextFillRectDRgba32
1	blContextFillRectI
1	blContextFillRectIExt
1	blContextFillRectIRgba32
1	blContextFlush
1	blContextRestore
1	blContextRestoreClipping
1	blContextSave
1	blContextSetApproximationOptions
1	blContextSetCompOp
1	blContextSetFillRule
1	blContextSetFlattenMode
1	blContextSetFlattenTolerance
1	blContextSetGlobalAlpha
1	blContextSetHint
1	blContextSetHints
1	blContextSetStrokeCap
1	blContextSetStrokeCaps
1	blContextSetStrokeDashArray
1	blContextSetStrokeDashOffset
1	blContextSetStrokeJoin
1	blContextSetStrokeMiterLimit
1	blContextSetStrokeOptions
1	blContextSetStrokeTransformOrder
1	blContextSetStrokeWidth
1	blContextStrokeGeometry
1	blContextStrokeGeometryExt
1	blContextStrokeGeometryRgba32
1	blContextStrokePathD
1	blContextStrokePathDExt
1	blContextStrokePathDRgba32
1	blContextSwapStyles
1	blContextUserToMeta
1	blFontDataDestroy
1	blFontDataGetTableTags
1	blFontDataGetTables
1	blFontDestroy
1	blFontFaceDestroy
1	blFontFeatureSettingsDestroy
1	blFontManagerDestroy
1	blFontVariationSettingsDestroy
1	blGradientApplyTransformOp
1	blGradientDestroy
1	blImageCodecCreateDecoder
1	blImageCodecCreateEncoder
1	blImageCodecDestroy
1	blImageCodecInspectData
1	blImageDecoderDestroy
1	blImageDecoderReadFrame
1	blImageDecoderReadInfo
1	blImageDecoderRestart
1	blImageDestroy
1	blImageEncoderDestroy
1	blImageEncoderRestart
1	blImageEncoderWriteFrame
1	blObjectGetProperty
1	blObjectSetProperty
1	blPathDestroy
1	blPathTransform
1	blPatternApplyTransformOp
1	blPatternDestroy
1	blStringDestroy
1	blVarDestroy
1	black!
1	black?
1	black_const
1	black_list_tables=
1	black_player
1	blacklight_config
1	blacklist_domains
1	blacklist_domains=
1	blacklisted?
1	blackout
1	blamed_files
1	blank_evasion?
1	blank_lines_bottom
1	blank_lines_top
1	blank_reader
1	blank_str_is_nil
1	blank_threshold
1	blend_cmap
1	blended_keys
1	blind_indexes
1	blinking
1	blk
1	blk_artiy
1	blk_type
1	blob_at
1	blob_cache_max_size
1	blob_path
1	blob_processor=
1	blob_type
1	blockBuildWhenDownstreamBuilding
1	blockBuildWhenUpstreamBuilding
1	blockSize
1	block_ads
1	block_allowed?
1	block_append
1	block_append_children
1	block_arg
1	block_args
1	block_code
1	block_compress
1	block_content
1	block_decode
1	block_delimiter
1	block_delivery
1	block_given
1	block_host
1	block_introducer
1	block_is_array
1	block_klass_name
1	block_kw?
1	block_lang
1	block_name
1	block_open?
1	block_params
1	block_receiver?
1	block_response=
1	block_rest_of_session
1	block_return_type
1	block_scanf
1	block_signals
1	block_step
1	block_step_if
1	block_step_name
1	block_step_type
1	block_var
1	block_with_bind
1	blockarg_type?
1	blocked
1	blocked!
1	blocked?
1	blocked_state
1	blocked_users_file=
1	blockers
1	blocking?
1	blocking_flag_for_editor
1	blockings
1	blockings=
1	blocklist_add
1	blocklist_advertiser_add
1	blocklist_advertiser_delete
1	blocklist_advertiser_list
1	blocklist_category_add
1	blocklist_category_delete
1	blocklist_category_list
1	blocklist_delete
1	blocklist_edit
1	blocklist_list
1	blocklisted?
1	blocks=
1	blocksize=
1	blog_enabled
1	blog_name=
1	blog_template_gem
1	blog_template_gem=
1	blt
1	blue=
1	blueprint_for
1	blueprint_name_for
1	blueprints
1	bluesky
1	bmAttributes
1	bmbm
1	bmc_info
1	bnb_unverified
1	bnb_unverified=
1	board!
1	board_data
1	board_name
1	board_open?
1	board_safe
1	body_
1	body_background_color
1	body_background_image
1	body_calc
1	body_canonicalization=
1	body_hash
1	body_html
1	body_length=
1	body_max_size_bytes
1	body_node
1	bodystmt
1	boffin
1	bol_order
1	bold=
1	bold?
1	book_authors
1	book_by_title
1	book_example
1	book_name
1	book_path
1	bookmark_for
1	bookmark_token
1	books_array
1	books_highlights
1	bool?
1	bool_to_integer
1	bool_value=
1	boolean!
1	boolean?
1	boolean_map
1	boolean_switch?
1	boom
1	boost
1	boost_ratings
1	boot_config
1	boot_mode=
1	boot_once
1	boot_options
1	boot_order
1	boot_to_bios_setup
1	boot_to_cd
1	boot_to_disk
1	boot_to_pxe
1	boot_to_usb
1	booted=
1	bootloaders
1	bootstrap_lib!
1	bootstrap_self
1	bootstrapped?
1	bootswatch_theme
1	border
1	border!
1	border=
1	border_line
1	border_width
1	borders
1	borderwidth
1	bot_access_token
1	bot_detection_version
1	bot_exception?
1	bot_id
1	bot_token
1	bot_token=
1	bot_username
1	both_is_good_configuration
1	bottle!
1	bottom_atbats
1	bottom_left
1	bottom_matches
1	bottom_of_grid
1	bottom_right
1	bottom_up_classes
1	bouin
1	bouncycastle
1	bound?
1	bound_condition_passes?
1	bound_proc
1	boundaries
1	boundary=
1	bourbon
1	bow_print
1	bowing
1	bowl!
1	bowlers
1	box_fill
1	box_includes
1	box_url
1	box_url=
1	box_version
1	box_version=
1	boxes
1	boxplot
1	bpm_to_mpq
1	brace
1	braces
1	bracket
1	bracketed?
1	brackets
1	braintree_country_select
1	branchLock
1	branch_apps_from_project
1	branch_arm_step?
1	branch_changed?
1	branch_covered_percent
1	branch_derived_path
1	branch_exists?
1	branch_id
1	branch_keys_from_project
1	branch_merged
1	branch_result
1	branch_step?
1	branch_suffix
1	branch_url
1	branches_changed
1	branches_changed=
1	branches_coverage_percent
1	branches_not_merged_into
1	brand
1	brands
1	brands_detailed
1	breadcrumb
1	breadnbutter_hidden_elements
1	breadth
1	breadth_each
1	breadth_first_each
1	break_after_print
1	break_color
1	break_contents
1	break_up_long_str
1	breakables
1	breakdown
1	breaker
1	breakout_zips
1	breed
1	breed_info
1	breeds_by_url
1	bri=
1	bridge_id
1	bridgetown_directus
1	bridgetown_jam_comments
1	bright_black
1	bright_magenta
1	bright_white
1	broadaddr
1	broadcast!
1	broadcast=
1	broadcast_append_to
1	broadcast_to
1	broadcaster
1	broadcasts
1	broke
1	brooklyn_scraper
1	browser=
1	browser_command
1	browser_height
1	browser_history=
1	browser_host
1	browser_names
1	browser_path
1	browser_preferred_media_types
1	browser_url
1	browser_version_major
1	browser_width
1	brute
1	bs_action_normal
1	bs_push
1	bsc_block_info
1	bsc_compress
1	bsc_decompress
1	bsc_init
1	bsd?
1	bsearch_lower_boundary
1	bsize=
1	bson_lib
1	btc
1	btc_price
1	btc_value
1	bti
1	bto_info
1	btr_op
1	btu_per_pound
1	btu_per_pound_rankine
1	bu=
1	buatan
1	bubblebabble
1	bucket_file_path
1	bucket_key
1	buddy_list
1	buddy_named
1	budget
1	budgets
1	budik
1	buf2hex
1	buf2int
1	bufferSize
1	buffer_as_applesoft_file
1	buffer_as_scasm_file
1	buffer_as_tokenised_file
1	buffer_body_chunk
1	buffer_draw
1	buffer_indentation
1	buffer_open?
1	buffer_setup
1	buffer_type
1	buffers=
1	buffers_processed
1	bug_id_from_string
1	bug_status
1	buildBlock
1	buildDefectUrl
1	buildEntityCollectionUrl
1	buildOfficeManager
1	buildQueryString
1	buildUrl
1	buildWrappers
1	build_alted_keys_map
1	build_api_compatible_html
1	build_args
1	build_arguments
1	build_asset_uri
1	build_auth_string_v9
1	build_average_part
1	build_badge
1	build_bcc
1	build_bin_exp
1	build_by_var_name
1	build_cache
1	build_call_config
1	build_callable
1	build_cc
1	build_cd_syntax
1	build_chat_request
1	build_class
1	build_collectible_transaction
1	build_collection
1	build_color_palette
1	build_column_map
1	build_command
1	build_composition
1	build_compression_command
1	build_cookie
1	build_cookie_code
1	build_core
1	build_counts
1	build_coverage_map
1	build_data
1	build_db
1	build_default_connection
1	build_dependency_graph
1	build_derived_path
1	build_details
1	build_dir
1	build_directory
1	build_dmatrix_params
1	build_dmatrix_url
1	build_docstring
1	build_duration_part
1	build_eien_kubeclient
1	build_embed_command
1	build_embedder
1	build_enum_value_hint
1	build_environment
1	build_environment_filepath
1	build_expr_node
1	build_extensions
1	build_failures
1	build_file
1	build_file_configs
1	build_form
1	build_formatter
1	build_from
1	build_from_fs
1	build_from_nodes
1	build_from_response
1	build_from_response_object
1	build_from_tar
1	build_from_xml
1	build_game
1	build_gpx
1	build_graph
1	build_graph_from_comms
1	build_group
1	build_groups
1	build_handler
1	build_having
1	build_headers
1	build_helper_chain
1	build_hnode_succ_index
1	build_html_attr_string
1	build_huffman_from_spec
1	build_huffman_tree
1	build_id
1	build_ident_command
1	build_idx
1	build_images
1	build_init_doc
1	build_input_node
1	build_insert!
1	build_instance_variable
1	build_items
1	build_join_clauses
1	build_join_tag
1	build_json_instruction
1	build_lib_paths
1	build_limit
1	build_line_for
1	build_list
1	build_list_by_instance_var_names
1	build_logger
1	build_logs
1	build_major_summary
1	build_manifest
1	build_mapper
1	build_markup
1	build_message
1	build_metadata_for
1	build_metadata_string
1	build_middleware
1	build_mode
1	build_multi_context
1	build_names
1	build_next_tasks
1	build_notify1
1	build_notify2
1	build_notify_if
1	build_nydp
1	build_o2hz_node
1	build_one
1	build_output_content
1	build_output_node
1	build_package
1	build_padic_label_hash
1	build_parallel_loop_function
1	build_partial_base_dir_path
1	build_path
1	build_paths
1	build_plan
1	build_pointer_type
1	build_position
1	build_postfix_lookup_class_group_ids
1	build_prefix_regexp
1	build_projection
1	build_properties
1	build_qr_code
1	build_query_string_from_hash
1	build_rack_env_without_basic_auth_support
1	build_read_command
1	build_redis
1	build_registry
1	build_report
1	build_repository
1	build_results
1	build_resume
1	build_row_data
1	build_scanner
1	build_select
1	build_session
1	build_settings=
1	build_shifted_keys_map
1	build_simple_filter_chain
1	build_simple_node
1	build_simple_type
1	build_single_context
1	build_sort_order
1	build_source
1	build_spans
1	build_spline_node_from_coordinates
1	build_spline_node_from_samples
1	build_staleness_checker
1	build_start
1	build_status_from_symbol_or_code
1	build_str
1	build_streaming_endpoint
1	build_table
1	build_tag_values
1	build_text_generation_endpoint
1	build_text_generation_request
1	build_text_node
1	build_the_url_and_fetch_data
1	build_time
1	build_tmail
1	build_to
1	build_to_pings
1	build_token_with_uid
1	build_transport
1	build_trx
1	build_type
1	build_typed_stage
1	build_url_base
1	build_version
1	build_version_overrides
1	build_vh
1	build_where
1	build_where_clauses
1	build_with_request
1	build_xmux_node
1	builder_class
1	builder_root
1	builders=
1	buildfile
1	building!
1	building_blocks
1	builds
1	builds?
1	built?
1	builtin_curves
1	builtin_project
1	bulk_directory?
1	bulk_export_url
1	bulk_find
1	bulk_ingest
1	bulk_insert_chunk_size
1	bulk_insert_chunk_size=
1	bulk_sync
1	bulk_timeout
1	bulkgate_sms_gateway_contract
1	bullets
1	bump!
1	bump_changed
1	bump_minor
1	bump_patch
1	bundesland
1	bundesland=
1	bundle!
1	bundleIdentifier
1	bundle_dir
1	bundle_exec
1	bundle_filenames
1	bundle_identifier
1	bundle_log
1	bundle_log_before
1	bundle_log_day
1	bundle_log_range
1	bundle_log_since
1	bundle_next
1	bundled_config_file
1	bundled_runtime_path
1	bundles_public_url
1	bunzip2
1	bureau_config=
1	burn_stack_to_higher_precedence
1	burn_stack_to_parentheses
1	burst
1	bury
1	bus=
1	bus_number
1	busca
1	busca_por_parametros
1	buscar_ocupacoes
1	buscar_por_titulo
1	buses
1	business_category
1	business_category=
1	business_time_until
1	busy
1	but_not_less_than
1	butterfly_sort_by
1	button_id_to_char
1	buyResponse
1	buy_link
1	buyer_purchases_refund
1	buyer_reference
1	buyer_vat_number
1	buzzwords
1	by
1	by_array
1	by_browser
1	by_chars
1	by_col!
1	by_country
1	by_country_comparison
1	by_country_comparison_full
1	by_country_full
1	by_done
1	by_due_date
1	by_expires_at
1	by_extension
1	by_hex
1	by_id_and_date
1	by_life
1	by_line_number
1	by_mime_type
1	by_not_done
1	by_org_id
1	by_private_dns
1	by_sentences
1	by_server_url_plus_handle
1	by_server_url_salt_timestamp
1	by_set_pos
1	by_status
1	by_symbol
1	by_tag
1	by_zipcode
1	bye
1	bypass=
1	byte_append
1	byte_array
1	byte_count
1	byte_count=
1	byte_offset
1	byte_position
1	byte_ranges
1	byte_string_from_array
1	byte_width
1	byte_width=
1	bytecode
1	byterange
1	byterange_offset
1	bytes?
1	bytes_available
1	bytes_from_number
1	bytes_piles
1	bytes_to_integer
1	bytes_to_utf8
1	bytes_used
1	bytesize_limit=
1	bytesplice
1	bytestr
1	byteweight
1	bzip2
1	c0
1	c0?
1	c10
1	c1?
1	c3
1	c9
1	c=
1	c?
1	cU
1	cVersion
1	c_domain
1	c_environment
1	c_gen
1	c_parse
1	c_ruleset
1	c_singleton
1	c_use_session
1	ca
1	ca_certificate_file
1	ca_certs
1	ca_crt
1	cabinet
1	cable=
1	cable_car
1	cable_yaml_full_path
1	cace
1	cachable?
1	cacheCommand
1	cache_adapter_instance
1	cache_all!
1	cache_application_cookies_string
1	cache_assets
1	cache_base_path
1	cache_body
1	cache_builder
1	cache_buster_key
1	cache_by
1	cache_class
1	cache_classes=
1	cache_client
1	cache_critical_css
1	cache_delay_commit
1	cache_director
1	cache_enabled
1	cache_enabled=
1	cache_entries
1	cache_fetch_options=
1	cache_file_too_old?
1	cache_hits
1	cache_home
1	cache_hook
1	cache_initialized?
1	cache_jobs
1	cache_key_prefix=
1	cache_line
1	cache_location
1	cache_max_age
1	cache_misses
1	cache_path=
1	cache_prefix
1	cache_provider
1	cache_response
1	cache_responses
1	cache_root
1	cache_run
1	cache_search=
1	cache_tenant
1	cache_tenants
1	cache_transaction_level
1	cache_ttl
1	cache_type
1	cache_writes
1	cacheable?
1	cached
1	cached=
1	cached_associations
1	cached_at
1	cached_attrs
1	cached_cookbooks
1	cached_defn
1	cached_html
1	cached_jobs
1	cached_query_count
1	cached_repos_root_dir
1	cached_state_machines
1	cached_supermodel_destroy
1	cached_supermodel_find
1	cached_supermodel_reload
1	cached_supermodel_update
1	caching=
1	caching_enabled?
1	caching_jobs
1	cada
1	cadena_original
1	caesar
1	cairo_available?
1	cal
1	calWeek
1	calais_id
1	calc_A
1	calc_B
1	calc_assets
1	calc_average_degree
1	calc_debt_ratio
1	calc_debts
1	calc_intelligence
1	calc_k
1	calc_mt
1	calc_net_worth
1	calc_power_level
1	calc_quarters_raw
1	calc_quickness
1	calc_sleep_time
1	calc_strength
1	calc_view_distance
1	calculate!
1	calculate_at_size
1	calculate_barcode
1	calculate_best_move
1	calculate_checksum
1	calculate_comment_indents_and_add_newlines_before_scenarios
1	calculate_delay
1	calculate_fahrenheit
1	calculate_fahrenheit_range
1	calculate_final_result
1	calculate_iban
1	calculate_id
1	calculate_ip
1	calculate_kelvin
1	calculate_monochromatic_color
1	calculate_offset_x_axis
1	calculate_offset_y_axis
1	calculate_port
1	calculate_sdes=
1	calculate_shift
1	calculate_slow_id_paths
1	calculate_statistics
1	calculate_tag
1	calculate_tenpai_payments
1	calculate_total
1	calculate_total_scores
1	calculate_value
1	calculate_value_and_bar_length
1	calculated_hash
1	calculated_homeq_topology
1	calculation_equation
1	calculation_method
1	calculation_methods
1	calculator_class
1	calendars
1	call2
1	callDeleteS2SResult
1	callPagamS2SResult
1	callReadTrxS2SResult
1	callRefundS2SResult
1	callSettleS2SResult
1	callVerifycardS2SResult
1	call_analyse_combine
1	call_api_with_id
1	call_app
1	call_args
1	call_as
1	call_cmd
1	call_combine_all
1	call_concurrently
1	call_data
1	call_extension
1	call_foreign
1	call_formatted
1	call_function
1	call_get
1	call_helper
1	call_method
1	call_on_instance
1	call_operator_loc
1	call_other
1	call_page_blocks_with_yield
1	call_prepare_snp
1	call_prepare_st
1	call_prepare_vc
1	call_register_rbenchmarker_methods
1	call_registry=
1	call_sign
1	call_snv
1	call_snv_range
1	call_spy_tap
1	call_stack
1	call_stack_output_messages
1	call_super
1	call_to_ruby
1	call_type
1	call_type?
1	call_unit
1	call_validation_error_handler=
1	call_with
1	call_with_block
1	call_with_progress
1	callable
1	callback_query
1	callback_queue_name
1	callback_queue_name=
1	callback_route
1	callback_url=
1	callbacks_on?
1	called?
1	called_from
1	callerKey=
1	caller_for
1	caller_lines
1	caller_version=
1	callers
1	callfile_name
1	calling_expect?
1	calling_expect_with?
1	calling_file
1	calling_unwrap?
1	calloc
1	callout
1	callupname
1	camel
1	camel_case_lower
1	camel_case_to_underscore
1	camel_cased_keys
1	camelcase_keys
1	camelcase_to_snakecase
1	camelize_and_symbolize_keys
1	camelize_homebrew
1	camelize_string
1	camelize_with_space
1	can
1	canRoam
1	can_accomdte_another_wd?
1	can_be_nadol_tokenised_file?
1	can_be_scasm_file?
1	can_break_across_pages
1	can_build?
1	can_compress?
1	can_convert?
1	can_decrement_bits_by?
1	can_focus=
1	can_fold_down?
1	can_fold_left?
1	can_fold_right?
1	can_fold_up?
1	can_generate?
1	can_load?
1	can_move_long_distance?
1	can_provs_terrs
1	can_split?
1	can_take_snapshot?
1	cancan_resources
1	cancel!
1	cancelPreviousPerformRequestsWithTarget
1	cancelSubmissionWithComment
1	cancelSubscriptionAndRefund
1	cancelToken
1	cancel_escrow
1	cancel_job
1	cancel_on_build_failing
1	cancel_payment_schedule
1	cancel_quiet_down
1	cancel_subscription
1	cancel_timer
1	cancel_via_gateway
1	cancel_via_http
1	canceled?
1	canceled_at
1	candidate_locales
1	candidates=
1	cannot?
1	canon_name
1	canonical_hosted_zone_name_id
1	canonical_model
1	canonical_request
1	canonical_segments
1	canonical_tautomer!
1	canonical_uri
1	canonical_uri=
1	canonize_path_case
1	canonname
1	canvas_draw
1	canvas_height
1	canvas_name=
1	canvas_width
1	cap_first
1	cap_negative_child!
1	cap_positive_child!
1	capify_ec2
1	capitalize2
1	capitalize_every_word!
1	capitalize_first_letter!
1	capitalize_first_letter_only
1	capitalize_from_snake
1	capitalize_humanized
1	capitalize_turkish
1	capitalize_words
1	capitalized?
1	capitalleagues
1	capitlize
1	captcha
1	capturable_auto_create_account=
1	capture4
1	captureAmount=
1	captureGivenAuthAmount=
1	capture_and_evade
1	capture_credentials
1	capture_editor_input
1	capture_enabled?
1	capture_error
1	capture_errors
1	capture_given_auth
1	capture_mailer!
1	capture_passwords
1	capture_request!
1	capture_spoon_output
1	capture_stream
1	captured
1	captured_at
1	captured_error
1	captured_output
1	captures_count
1	captures_needed
1	car_tag
1	carbs
1	card_alias
1	card_alias=
1	card_brand
1	card_counter
1	card_data_source
1	card_error
1	card_info_lookup
1	card_number_bytes
1	card_resource
1	card_templates
1	card_types
1	card_types=
1	cardholderAuthentication=
1	cardinality
1	cards=
1	cards_height
1	cards_width
1	caret_pos
1	caret_pos=
1	carousels
1	carrier
1	carriers
1	cartesian_product
1	cartfile
1	carthage_bootstrap_if_required
1	carthage_command
1	cas_create_user
1	case_compare
1	case_first_contact
1	case_have_access_token
1	case_id
1	case_indifferent_merge
1	case_insensitive
1	case_insensitive=
1	case_match
1	case_n
1	case_preserving_sub
1	casefold?
1	casein
1	cases_names
1	casese
1	casgn_type?
1	cassandra_columns
1	cassandra_service
1	cast_as
1	cast_attributes!
1	cast_from_json
1	cast_scale
1	cast_to_bool
1	cast_to_boolean
1	cast_to_float
1	cast_to_integer
1	cast_to_number
1	cast_to_time
1	cast_to_time_with_format
1	caster
1	caster?
1	castle_complement
1	castle_name
1	castle_traits
1	casts
1	cat_art
1	cat_file
1	catalog_filename
1	catch
1	catch_contract
1	catch_exception
1	catch_phrase
1	categories_list
1	categorize
1	category_class_name
1	category_default
1	category_for
1	category_list
1	category_resolve_name
1	category_results_returned=
1	category_set=
1	cats
1	cattr_inheritable
1	cattr_reader
1	cattri
1	cattri_variable_memoize
1	caught_exception
1	cause=
1	caveats
1	cb
1	cb_build_in?
1	cb_env_end2
1	cb_equation_end2
1	cbor__indent_helper
1	cbor_deserialize
1	cbor_diagnostic
1	cbor_map_lost_warning
1	cbor_nan_toggle
1	cbor_pre_canonicalize
1	cbor_prepare_deterministic
1	cbor_stream!
1	cbor_stream?
1	cbor_warnings
1	cbrt
1	cc_blocks
1	ccaddrecurring
1	ccauth
1	cccomplete
1	cccredit
1	ccdelete
1	ccm_data_len=
1	ccsale
1	ccvoid
1	ccyymmdd
1	cd=
1	cdPath
1	cdPathWithAndroidExample
1	cdPathWithFlutterModule
1	cd_into_and
1	cd_type
1	cdata
1	cdata_content
1	cdc?
1	cddl2
1	cdn?
1	cdn_dir
1	cdn_host
1	cdn_host=
1	cdn_url
1	cdo?
1	ceil2
1	cel_send
1	cell_align
1	cell_number=
1	cell_rows=
1	cell_state
1	cell_state=
1	celltype
1	celsius
1	censor
1	centerOfGravity
1	center_of_gravity
1	center_wc
1	centered
1	central_meridian
1	centre
1	centroidId=
1	centroids
1	centuries
1	cerealize_option=
1	cert?
1	cert_file_name
1	cert_id
1	cert_key=
1	cert_key?
1	cert_validity_duration
1	certainly_different=
1	certificado=
1	certificatePath
1	certificate_by_subject
1	certificate_development_list
1	certificate_distribution_list
1	certificates=
1	certpassword=
1	certs
1	ces
1	cfgdir
1	cfirstdatabyte
1	cfl
1	cfoo
1	cfp
1	cfunc
1	cgen
1	cget
1	cgi
1	cgi_param
1	ch
1	ch_allowed=
1	ch_conf
1	ch_inner?
1	ch_messages
1	chain_id
1	chain_params=
1	chaincode_proposal_payload
1	chained_command
1	chained_finder?
1	chained_reflection_and_chained_constraints
1	chains
1	challenge_appliance
1	challenge_au
1	challenge_clients=
1	challenge_crawlers
1	challenge_desktoptools
1	challenge_digitaltv
1	challenge_docomo
1	challenge_firefox
1	challenge_google
1	challenge_http_library
1	challenge_linux
1	challenge_maybe_crawler
1	challenge_maybe_rss_reader
1	challenge_misc
1	challenge_mobilephone
1	challenge_msie
1	challenge_nintendo
1	challenge_opera
1	challenge_osx
1	challenge_playstation
1	challenge_safari_chrome
1	challenge_samsungbrowser
1	challenge_sleipnir
1	challenge_smartphone
1	challenge_smartphone_patterns
1	challenge_softbank
1	challenge_vivaldi
1	challenge_webview
1	challenge_willcom
1	challenge_windows
1	challenge_yandexbrowser
1	challenger_first_package
1	challenger_second_package
1	challenger_third_package
1	champion
1	champion_stats
1	champion_win
1	change!
1	changeVersionInCocoapods
1	change_alias_group_name_with
1	change_attributes
1	change_border
1	change_by_full_name
1	change_colors
1	change_current_namespace
1	change_directory
1	change_file
1	change_fill
1	change_font_bold
1	change_font_name
1	change_font_size
1	change_horizontal_alignment
1	change_hour_to
1	change_id
1	change_info
1	change_keys
1	change_log
1	change_log_path
1	change_message_visibility_timeout
1	change_mode
1	change_name
1	change_password_path
1	change_pct
1	change_priority
1	change_pwd_do_sth
1	change_row_bold
1	change_row_border
1	change_row_fill
1	change_score
1	change_settings_dummy_prefix
1	change_subject
1	change_tag!
1	change_text
1	change_text_wrap
1	change_to_private_repo
1	change_to_public_repo
1	change_username
1	change_value
1	changed_files
1	changed_objects
1	changed_set
1	changed_tags
1	changeling_store
1	changelog
1	changes_dot_xml_directory=
1	changes_to_save
1	changeset
1	channel_for
1	channel_id=
1	channel_post
1	channel_proc
1	channel_results_returned=
1	channel_secret=
1	channel_set=
1	channel_token=
1	channel_url
1	channels=
1	channels_history
1	channels_list
1	chans
1	chaoticate!
1	chapter
1	chapters
1	char_case
1	char_code
1	char_in
1	char_in_range?
1	char_interval
1	char_offset
1	character1
1	character1_wins
1	character2
1	character2_wins
1	character_check
1	character_count
1	character_id
1	character_limit
1	character_list
1	character_map
1	character_sheet
1	chararray
1	charge_parent!
1	charger_first_package
1	charger_second_package
1	charger_third_package
1	charmap
1	charpos
1	charset_code
1	charset_encoder
1	charset_rep
1	charshift
1	charstrings_index
1	chart
1	chart_type
1	charts
1	charts_root
1	chat_by_title
1	chat_completion
1	chat_completions
1	chat_created_message
1	chat_history
1	chat_id=
1	chat_join_request
1	chat_language=
1	chat_member
1	chat_message
1	chat_number
1	chat_parameters
1	chat_sala?
1	chat_sala_alloweds
1	chat_scrape
1	chat_update
1	chat_with_tools
1	chebyshev
1	check2
1	checkAndRemoveSubmodule
1	checkDirectConstructor
1	checkEnv
1	checkFlutter
1	checkForUpgrade
1	checkGitStatusAndPush
1	checkIsOnTrankBrach
1	checkLog
1	checkLogin
1	checkNickname
1	checkNicknameDuplicate
1	checkNicknameFormat
1	checkOptimization
1	checkProcessStatus
1	checkProject
1	checkRemoteTagExist
1	checkTagIsEqualToHead
1	checkTagOrBranchIsEqalToHead
1	checkUpdate
1	checkValidState
1	checkWin
1	check_access
1	check_ace_prefix
1	check_affirmative
1	check_agent
1	check_amicontained
1	check_and_expand_file
1	check_and_expand_file_lines
1	check_and_load_config_directory
1	check_and_load_file
1	check_and_load_yamlfile
1	check_and_require
1	check_app_key
1	check_as
1	check_asserts
1	check_attributes
1	check_authn
1	check_authz
1	check_available_spaces
1	check_board_status
1	check_bundler_version
1	check_callbacks
1	check_card_validity
1	check_char
1	check_charset
1	check_chmod
1	check_coerecable
1	check_command_range
1	check_comments
1	check_connected
1	check_constraint_options
1	check_constraints
1	check_crc16
1	check_credentials
1	check_crit
1	check_critical?
1	check_dataset
1	check_date_or_datetime
1	check_dependency!
1	check_deprecations
1	check_dir
1	check_directory
1	check_domain
1	check_domain_length
1	check_dot
1	check_dotfile
1	check_emptyness
1	check_endpoint
1	check_env_var
1	check_error
1	check_expiration
1	check_expiry
1	check_field
1	check_file_path
1	check_filename
1	check_flag
1	check_followers
1	check_for_collection
1	check_for_existing_log
1	check_for_file
1	check_for_game_end
1	check_for_new_marks
1	check_for_root
1	check_for_text
1	check_for_uniqueness
1	check_for_valid_array_elements
1	check_format
1	check_gem
1	check_gem_latest_version
1	check_gemfile!
1	check_gists
1	check_git
1	check_gpg_version
1	check_grammar
1	check_greys
1	check_hai_policy
1	check_hash
1	check_host_availability
1	check_hostname_and_domain_availability
1	check_hyphen34
1	check_hyphen_sides
1	check_id
1	check_if_a_service_exist
1	check_if_bundle_needed
1	check_ignored
1	check_input
1	check_int
1	check_items
1	check_key
1	check_kubelet_process
1	check_layers
1	check_len
1	check_lenient_values
1	check_lookup
1	check_lzma_code_retval
1	check_mac_store_updates
1	check_mandatory_arguments
1	check_mandatory_arguments=
1	check_message_signature
1	check_methods
1	check_missing_resources
1	check_msnbc_urls
1	check_multi
1	check_name
1	check_new_group
1	check_new_user
1	check_nfc
1	check_nonce
1	check_notifications
1	check_okosi
1	check_ouin
1	check_output_dir
1	check_pandoc_version
1	check_params
1	check_params=
1	check_params_type
1	check_params_value
1	check_payment_data
1	check_pc_os
1	check_pdk_version
1	check_peacock_requirements
1	check_permission
1	check_platform!
1	check_private_key
1	check_program_exists
1	check_provider
1	check_quota
1	check_rack_response
1	check_range
1	check_read_bounds
1	check_relation
1	check_render_params
1	check_required_classes!
1	check_required_options
1	check_results
1	check_return_code
1	check_reuters_urls
1	check_root
1	check_router
1	check_ruby_implementation
1	check_rubygems_version
1	check_runs
1	check_runs_for_ref
1	check_ryouin
1	check_scope_name
1	check_scope_slashes
1	check_service_exists
1	check_service_is_running
1	check_settings
1	check_should_upgrade
1	check_sign
1	check_silent
1	check_status
1	check_str
1	check_success_state
1	check_tag
1	check_target
1	check_tickets
1	check_tuuin
1	check_type_and_size
1	check_typeinfo
1	check_types
1	check_unknown_options!
1	check_unknown_options?
1	check_updates
1	check_upload_status
1	check_validate
1	check_value
1	check_value=
1	check_warn
1	check_watchers
1	check_x
1	check_y
1	check_zekku
1	checkbox_is_checked?
1	checkboxes
1	checkdigit
1	checkedCast
1	checked_tests
1	checker
1	checkin_at
1	checking
1	checking_for
1	checking_only
1	checkout=
1	checkout_branch
1	checkout_brand
1	checkout_head
1	checkout_identifier
1	checkout_identifier=
1	checkout_latest_tag
1	checkout_level
1	checkout_options=
1	checkout_with
1	checkouts
1	checkpoint
1	checkpoint_number
1	checksCompile
1	checksum=
1	checksum_updates
1	checkum
1	cheese_description=
1	cheeses
1	chef
1	chef_accept_cmd
1	chef_node_methods
1	chef_server
1	cheque
1	chg_mem_hot
1	chi2DistTest
1	childNodes
1	child_by_field_name
1	child_cardinality=
1	child_class_instance
1	child_condition
1	child_elements?
1	child_factories
1	child_index
1	child_model
1	child_of?
1	child_status
1	child_story_files
1	child_table
1	child_tags
1	child_task_list
1	children_are_leaves?
1	children_are_valid?
1	children_compat
1	children_parse
1	children_size
1	china_aqi_token
1	chinese?
1	chinese_bytesize
1	chitanda
1	choice_1
1	choice_2
1	choice_3
1	choice_4
1	choice_5
1	choice_6
1	choice_code
1	choice_html_safe_value
1	choices_group_wrapping
1	chompn
1	choose_except_self_column
1	choose_game
1	choose_literal
1	choose_option
1	choose_photo
1	choose_plural
1	choose_service
1	choose_space
1	chop_basename
1	chord
1	chord=
1	chords
1	chords=
1	chorus_payment_mode
1	chosen_inline_result
1	chown_if_root
1	chown_logs
1	chr_at
1	chroma_hex
1	chromaprint_get_version
1	chrome?
1	chrome_path
1	chrome_path=
1	chronicles
1	chunk_by
1	chunk_changesets
1	chunk_count
1	chunk_model=
1	chunk_name
1	chunk_normalizer
1	chunk_schema
1	chunk_size
1	chunk_type
1	church_code
1	ci
1	ci?
1	ci_adapter
1	ci_insights=
1	ci_node_index
1	ci_node_total
1	ci_only_rules
1	ci_source
1	cia_changes
1	cia_previous_changes
1	cidr_fill_in
1	cie2000
1	cielab
1	cielch
1	cinch
1	cipher
1	cipher=
1	cipherAlgorithm
1	cipherChaining
1	cipherConfig=
1	cipherOps=
1	cipherSeed
1	cipherSeed=
1	cipher_list
1	cipher_suite
1	cipher_suite=
1	cipher_suites
1	cipher_suites=
1	circle_at
1	circle_equation
1	circleci?
1	circular_dependency_klasses
1	circular_orbit
1	circular_orbit_of_period
1	circular_reference_strategy
1	cis_audit
1	citation_format
1	citation_style
1	cityName=
1	city_code=
1	city_info
1	city_name=
1	city_summary
1	cityname
1	ckd_priv
1	ckebug
1	ckuru_time_string
1	cl_approx_zero
1	claim
1	claim_set
1	claimed?
1	claimed_execution
1	claimed_executions
1	claimed_id
1	clamp!
1	clamscan_report
1	clan
1	clan_currentwar
1	clan_currentwar_leaguegroup
1	clan_members
1	clan_warlog
1	clang_type
1	clanwarleagues_war
1	clapmojify
1	class=
1	class?
1	class_
1	class_at_least_one_option_names
1	class_attribute?
1	class_config
1	class_config=
1	class_contents
1	class_decls
1	class_def_nodes
1	class_defined?
1	class_double=
1	class_exclusive_option_names
1	class_factory
1	class_for_code
1	class_for_file_format
1	class_for_make
1	class_for_type
1	class_formatter
1	class_found
1	class_has_ancestor?
1	class_hierarchy
1	class_info
1	class_inheritable_reader
1	class_keyword_loc
1	class_loader
1	class_loader=
1	class_methods
1	class_methods_from
1	class_mock
1	class_not_defined
1	class_of_command
1	class_only=
1	class_option
1	class_overwrite_method_missing
1	class_parser=
1	class_sort_index
1	class_string
1	class_unmock
1	classes=
1	classes_allowed_to_patch
1	classes_default
1	classes_of
1	classes_to_include
1	classic
1	classic?
1	classic_new
1	classification_report
1	classified_wizard_class_name
1	classifier
1	classifier_caller
1	classify_elements
1	classify_error
1	classify_true
1	classname
1	classname_for
1	classpath=
1	claude_code_enabled?
1	claude_ignore_paths
1	claude_model=
1	claude_token=
1	clause
1	clause_number_semx
1	clean=
1	clean?
1	clean_abort
1	clean_and_filter_dicts
1	clean_atom_junk
1	clean_cache!
1	clean_class_name
1	clean_db
1	clean_directory
1	clean_empty_dirs
1	clean_empty_lines!
1	clean_encode
1	clean_env
1	clean_frame
1	clean_ftp
1	clean_html
1	clean_install=
1	clean_output
1	clean_path_to
1	clean_remote
1	clean_sandbox
1	clean_sentence
1	clean_session=
1	clean_stanford_text
1	clean_start
1	clean_string
1	clean_thread_context
1	clean_units
1	clean_up
1	clean_up_word
1	clean_with
1	cleaned
1	cleaned_to_arel
1	cleanup_cells
1	cleanup_effect
1	cleanup_sources
1	clear=
1	clearCache
1	clearContents
1	clearMap
1	clearStoredResponse
1	clear_all_instances
1	clear_app_data
1	clear_app_properties
1	clear_appenders!
1	clear_attribute_change
1	clear_audience
1	clear_backup
1	clear_bit
1	clear_boot_override
1	clear_bucket
1	clear_cgi_cookies
1	clear_changes_information
1	clear_collection
1	clear_conf
1	clear_config
1	clear_custom_backtrace_filters
1	clear_dir
1	clear_display
1	clear_dynamic_settings!
1	clear_error
1	clear_exclude
1	clear_global_properties
1	clear_head
1	clear_history
1	clear_instructions
1	clear_job
1	clear_jobs!
1	clear_line_after
1	clear_markup_cache
1	clear_messages!
1	clear_need_sign_out
1	clear_nodes
1	clear_outlines
1	clear_plan!
1	clear_proxy_env_var
1	clear_query_cache
1	clear_query_registrations
1	clear_rates
1	clear_recorded_responses
1	clear_registry!
1	clear_resolver!
1	clear_respond_to
1	clear_screen_down
1	clear_sel_log
1	clear_session
1	clear_storage
1	clear_tags!
1	clear_temp
1	clear_template
1	clear_temporary_safe_attributes
1	clear_tmp
1	clear_user_registrations
1	clear_validators!
1	clear_values
1	cleared_loop_counts
1	cleared_stage_no
1	clearing
1	clearing_id=
1	clearing_items
1	cleartool
1	cleartool_unsafe
1	cli=
1	cli_convert
1	cli_display
1	cli_error
1	cli_exit_status
1	cli_is_ready
1	cli_loop
1	click_alert
1	click_security_warning
1	click_wait
1	clickable=
1	clicked
1	clientVersion
1	clientVersion=
1	client_args
1	client_callback_url_base
1	client_class
1	client_class=
1	client_config
1	client_error?
1	client_fhir_base_url
1	client_for
1	client_from_schema_url
1	client_ip
1	client_key
1	client_key_and_crt
1	client_middleware
1	client_mode
1	client_name
1	client_service_get
1	client_service_post
1	client_side_validation
1	client_streamer?
1	client_streaming
1	client_token
1	client_url
1	clientkey
1	clients=
1	clinicalTrialParticipant=
1	clip=
1	clip_data
1	clipboard_instructions
1	clipboard_origin
1	clipboard_prompts
1	clipitem
1	clips
1	clobber_fixtures?
1	clock_gettime_without_mock
1	clock_time
1	clock_type
1	cloexec!
1	clonar
1	clone_default_template
1	clone_directory
1	clone_meta
1	clone_original_b4_parse_rule?
1	clone_perms
1	clone_to
1	clone_wait_matcher
1	clone_wait_matcher=
1	clone_with
1	cloned_ids_mapping=
1	cloned_to
1	closeServerOnDisconnect
1	close_all
1	close_branch
1	close_browser
1	close_connections!
1	close_current_tab
1	close_current_window
1	close_db
1	close_def_person_id
1	close_escrow
1	close_fill_stroke
1	close_handle
1	close_nephew
1	close_on_exec=
1	close_other_sockets
1	close_pdf
1	close_session
1	close_table_tag
1	close_to_domino
1	close_websocket
1	close_write_channel
1	closed
1	closed_at
1	cloudfront
1	clouds=
1	clouds_url
1	cloze
1	clr_member
1	clsid=
1	clsx
1	club
1	clue
1	clue=
1	clue_number=
1	cluster_name
1	cm_table=
1	cm_to_px
1	cmake_generator
1	cmb_bill_no
1	cmb_timestamp
1	cmc_rank
1	cmdBerks
1	cmd_name
1	cmd_out
1	cmd_tag=
1	cmdarg
1	cmdline
1	cmdstan_installed?
1	cmn
1	cms_id=
1	cmu_dict
1	cmyk
1	cname
1	cnpj
1	coalesce_results
1	coat
1	cobra_dependencies
1	cocaine
1	cocoapods_target_label
1	code3
1	code_around_binding
1	code_comment
1	code_from_name
1	code_heal_directory_path
1	code_list_id
1	code_manager
1	code_manager=
1	code_of_conduct_enabled
1	code_of_conduct_slug
1	code_page
1	code_paths
1	code_points
1	code_prefix
1	code_signing_identity
1	code_space
1	code_space_tab
1	code_system_for
1	code_to_type
1	code_unroller
1	code_value
1	code_verifier
1	codeline
1	codelines
1	codepoint
1	codepoint=
1	codepoint_ranges
1	coder
1	coders
1	codes=
1	codigo_uf
1	coding_seq
1	coef_at_0
1	coefficients
1	coefs=
1	coerce_hash_or_array
1	coerce_ids
1	coerce_ids_to_string?
1	coerce_to_symbols
1	coerced?
1	coercer?
1	coerces?
1	coercion_error_message
1	coercions
1	cof
1	cofactor
1	cohort
1	cohort_info
1	coin_type
1	coinbase
1	coins
1	col=
1	col_num
1	col_size
1	col_types
1	col_visible
1	colco
1	coleman_liau
1	collaboration
1	collaboration=
1	collaborator?
1	collapse_adjacent_encodings
1	collapse_into
1	collate
1	collation_aliases
1	collect2: error: ld returned 1 exit status
1	collectXPaths
1	collect_active_file_nodes
1	collect_candidate_type
1	collect_commits
1	collect_commits_for_repository
1	collect_exclusions
1	collect_file_and_line=
1	collect_identifiers
1	collect_info
1	collect_instance_events_defined_by
1	collect_keyclock_user_ids
1	collect_note
1	collect_required_resources
1	collect_ruby_preamble
1	collect_test_data?
1	collect_tests
1	collect_top_level_dsl_entries
1	collect_urls
1	collect_with_index
1	collect_ws_highlights
1	collect_xdg_config_dirs
1	collectible
1	collecting=
1	collection=
1	collection_dir
1	collection_field
1	collection_from_options
1	collection_has?
1	collection_ids
1	collection_key
1	collection_length
1	collection_name=
1	collection_name_digest
1	collection_objects
1	collection_opts
1	collection_parser
1	collection_parser=
1	collection_prefix
1	collection_query
1	collection_serializer=
1	collection_stack
1	collections=
1	collections_holding_object
1	collective=
1	collide?
1	colons
1	color!
1	color_enabled
1	color_enabled=
1	color_finder
1	color_floodfill
1	color_for
1	color_for_key
1	color_from
1	color_hash
1	color_name
1	color_pair
1	color_parse
1	color_reset!
1	color_signification
1	color_space=
1	color_tolerance=
1	colored_string
1	colorify
1	colorify!
1	colorise_handles!
1	colorise_hashtags!
1	colorise_urls!
1	colorize!
1	colorize=
1	colorize_null
1	colorize_result_with_timeout
1	colorize_status
1	colour=
1	colour?
1	colour_values
1	colours=
1	column=
1	columnName
1	column_data_type
1	column_definition_sql
1	column_for
1	column_header
1	column_indices
1	column_keys=
1	column_maps=
1	column_name
1	column_pixels
1	column_ref
1	column_ref=
1	column_set
1	column_set=
1	column_spacing=
1	column_stats
1	column_types
1	column_widths
1	columnize
1	columnize_opts=
1	columns_aliases
1	columns_as_list
1	columns_for_copy
1	columns_queries
1	colums
1	combine!
1	combine_attachments
1	combine_defaults_with
1	combine_modules
1	combine_zips
1	combined
1	combined_contexts
1	combined_key_pattern
1	combined_namespace
1	combined_status
1	comeback_session_key=
1	command!
1	command?
1	command_argv
1	command_block=
1	command_class=
1	command_classes
1	command_clauses
1	command_color
1	command_executor
1	command_exist?
1	command_for
1	command_get
1	command_handlers
1	command_hash
1	command_help
1	command_id
1	command_line_options
1	command_lines
1	command_long_desc
1	command_name_to_class_hash
1	command_options
1	command_output
1	command_parser
1	command_path
1	command_paths
1	command_pp
1	command_prefix
1	command_prefix=
1	command_result
1	command_settings
1	command_step
1	command_step_if
1	command_step_name
1	command_step_retry
1	command_step_type
1	command_to_const
1	command_type
1	commands_dir=
1	commands_file
1	commas
1	comment_content
1	comment_final_score
1	comment_for
1	comment_line
1	comment_lines
1	comment_pattern
1	comment_prefix_for
1	comment_targets
1	commented?
1	commentperiod
1	comments=
1	comments?
1	comments_allowed
1	commit=
1	commit_and_push
1	commit_deltas_from
1	commit_fields
1	commit_files
1	commit_files=
1	commit_language=
1	commit_message=
1	commit_message_file=
1	commit_messages
1	commit_or_abort
1	commit_path
1	commit_ref
1	commit_ref_map=
1	commit_required?
1	commit_reversed_operations
1	commit_sha
1	commit_sha=
1	commit_short
1	commit_timestamp
1	commit_tree
1	commit_url
1	commited?
1	commits=
1	commits_before
1	committed
1	committees
1	committer_date
1	committer_time
1	common
1	common_config
1	common_cookbooks
1	common_message=
1	common_name
1	common_prefixes
1	common_variables
1	communities
1	community=
1	community_city
1	community_state
1	compact_blank!
1	compact_map
1	compactify!
1	companies
1	company_code=
1	company_id=
1	companyid
1	companyid=
1	comparable_beginend_core
1	comparator
1	comparators
1	compare_and_set
1	compare_array_elements
1	compare_big_endian
1	compare_channel
1	compare_command_enabled
1	compare_elements
1	compare_func
1	compare_func_hook
1	compare_hash_extra_keys
1	compare_hash_required_keys
1	compare_hash_values
1	compare_ipa_strings
1	compare_pamfiles
1	compare_paths?
1	compare_pre_releae
1	compare_segment
1	compare_with
1	compare_with_coercion
1	compare_without_coercion
1	compared_branch
1	comparison=
1	comparison?
1	comparison_for
1	comparison_method?
1	comparison_object
1	comparison_operator
1	compartiment_x
1	compartiment_z
1	compartiments_y
1	compartment_id
1	compass
1	compass_config
1	compilation_report
1	compile=
1	compile_and_move_sass
1	compile_arrays
1	compile_ast
1	compile_blocks
1	compile_case_statement
1	compile_column_name
1	compile_comments
1	compile_compute_shader
1	compile_conditional_structures
1	compile_content
1	compile_custom_function_map
1	compile_default_values
1	compile_dir=
1	compile_environments
1	compile_error?
1	compile_extra
1	compile_files
1	compile_fixture_files
1	compile_formats
1	compile_hashes
1	compile_heredocs
1	compile_inline
1	compile_inline_for
1	compile_integers
1	compile_interpolated_strings
1	compile_lambdas
1	compile_loops
1	compile_monkey_patching
1	compile_named_functions
1	compile_native
1	compile_new_keyword
1	compile_operators
1	compile_parallel_assignment
1	compile_ranges
1	compile_require_statements
1	compile_routes
1	compile_ruby_files=
1	compile_ruby_math
1	compile_ruby_methods
1	compile_special_keywords
1	compile_stmt_pattern
1	compile_strings
1	compile_syntax
1	compile_where_condition
1	compile_whitespace_delimited_functions
1	compiled!
1	compiled=
1	compiled_file_type
1	compiled_iseq_exist?
1	compiled_iseq_is_younger?
1	compiled_method_container
1	compiled_proc
1	compiled_spec
1	compiled_styles
1	compiled_text
1	compiled_text=
1	compiler=
1	compiler_bundled_path
1	compile💪💪💪
1	complain_about_unknown_keys
1	completeSale
1	complete_authentication
1	complete_call
1	complete_count
1	complete_init
1	complete_item
1	complete_rate
1	complete_serializer=
1	completed_at
1	completed_lessons
1	completed_questionnaires
1	completed_seeds
1	completely_empty?
1	completename
1	completer_quote_characters
1	completer_word_break_characters
1	completion_append_character
1	completion_candidates
1	completion_script
1	completion_url
1	completions_for
1	complex_model
1	complexity=
1	complexity_multiplier
1	compliance_error
1	component=
1	component_added
1	component_ary
1	component_class
1	component_loaded
1	component_method_regex
1	component_path
1	component_prototypes
1	component_registered?
1	component_registry
1	component_sep
1	component_updated
1	componente
1	componentes
1	components_dirs
1	components_dirs=
1	components_head_style
1	composable_expr_for
1	compose_nilac_options
1	compose_pixel
1	composite2
1	composite=
1	composition
1	compound_variants
1	compounded
1	compress=
1	compress_colormap!
1	compress_data
1	compress_data_if_active
1	compress_prompt
1	compressable?
1	compressed_size
1	compression
1	compression=
1	compression_enabled
1	compression_method=
1	compression_off
1	compromised?
1	compute!
1	compute_alpha
1	compute_asset_host
1	compute_beta
1	compute_check_uri
1	compute_combined_timestamp
1	compute_command_hashes
1	compute_data
1	compute_delta
1	compute_etld_plus_one_for_host
1	compute_file_staleness_details
1	compute_key
1	compute_lambda
1	compute_margin
1	compute_missing_files
1	compute_newer_and_deleted_files
1	compute_padding_size
1	compute_path
1	compute_subtype
1	compute_table_widths
1	compute_tf_idf
1	compute_type
1	compute_values_subtree
1	compute_width_of
1	computeattributes
1	computed
1	computer
1	comscore_domain_list
1	comscore_target_list
1	concat_matrix
1	concat_test_files
1	concatenate!
1	concern
1	concerns
1	concitional_entropy_with
1	concrete_models
1	concurrency
1	concurrency_duration
1	concurrency_group
1	concurrency_key
1	concurrency_limit
1	concurrency_method
1	concurrentBuild
1	concurrent_error
1	cond_
1	condicionesDePago=
1	condition=
1	condition_factory
1	condition_for
1	condition_group_for
1	condition_name
1	conditional
1	conditional?
1	conditional_block
1	conditions=
1	conditions_for
1	conduct
1	conf=
1	conf_file
1	conf_hs
1	conferences
1	confidence_levels
1	config?
1	configOverlay
1	configResolveClass
1	configResolveDn
1	config_bootstrap
1	config_bucket_for
1	config_by_resource
1	config_changed?
1	config_conf_mo
1	config_data_offset
1	config_data_size
1	config_dir!
1	config_directory
1	config_driver
1	config_endpoint
1	config_errors
1	config_file_auth_builder
1	config_file_directory=
1	config_file_name
1	config_file_path
1	config_file_path=
1	config_filename
1	config_files
1	config_from
1	config_hash
1	config_item
1	config_key
1	config_map
1	config_map_key_ref
1	config_message
1	config_mode
1	config_models_resource_entities_xml
1	config_multilist
1	config_object
1	config_ok
1	config_options
1	config_path_prefix
1	config_paths
1	config_paths=
1	config_present?
1	config_proc
1	config_refresh
1	config_reset
1	config_reset!
1	config_resolve_class
1	config_resolve_dn
1	config_ru_path
1	config_type
1	config_valid?
1	config_value_for_key
1	config_var
1	config_with_source
1	configatron_plus
1	configed?
1	configsPath
1	configs_check
1	configs_path
1	configurable?
1	configurable_objects
1	configuration_blocks
1	configuration_builder
1	configuration_files
1	configuration_for
1	configuration_keys
1	configuration_manager
1	configuration_setup
1	configurator
1	configure_alias_record
1	configure_board
1	configure_cname_record
1	configure_command
1	configure_defaults!
1	configure_example
1	configure_extension
1	configure_for_combustion
1	configure_for_turbo
1	configure_from!
1	configure_from_files
1	configure_from_master
1	configure_from_yaml
1	configure_health_check
1	configure_hostmanager
1	configure_include_paths
1	configure_logger
1	configure_lograge
1	configure_logs
1	configure_node
1	configure_opponent
1	configure_osw
1	configure_player_1
1	configure_player_2
1	configure_policy
1	configure_project
1	configure_pull_stubs
1	configure_ruby_terraform
1	configure_ruby_vault
1	configure_sass_plugin!
1	configure_server_block?
1	configure_services
1	configure_sprockets
1	configure_target_envs
1	configure_target_servers
1	configure_to_serve_website
1	configure_trello
1	configure_vbguest
1	configure_with_pow
1	configure_with_role
1	configured=
1	configured_args=
1	configured_classes
1	configured_instance
1	confirm!
1	confirm?
1	confirmIdentity
1	confirmUpdateAll
1	confirm_account
1	confirm_connection
1	confirm_delete_modal
1	confirm_fixnum
1	confirm_intent
1	confirm_select
1	confirmed
1	confirmed?
1	confirms
1	conflicted?
1	conflicting_todos
1	confusion
1	congruent_with_previous?
1	conj
1	conjunction_code
1	conjunction_core
1	conn_desc
1	conn_list
1	conn_spec
1	conname
1	connamespace
1	connect_database
1	connect_host=
1	connect_sister_site_models
1	connect_time
1	connect_to_clickhouse
1	connect_to_databricks
1	connect_to_master
1	connect_to_postgres
1	connect_to_server
1	connect_via_socks?
1	connect_with
1	connected_devices_with_model_info
1	connected_network_name
1	connection?
1	connection_add
1	connection_attempts_count=
1	connection_check_rule_access
1	connection_class
1	connection_class_for_self
1	connection_close?
1	connection_config=
1	connection_deal_attach
1	connection_deal_detach
1	connection_deal_list
1	connection_delete
1	connection_edit
1	connection_failed
1	connection_for
1	connection_frequency_add
1	connection_frequency_delete
1	connection_frequency_edit
1	connection_frequency_list
1	connection_list
1	connection_manager=
1	connection_name
1	connection_opts
1	connection_promise=
1	connection_properties
1	connection_resolve_name
1	connection_set_archived
1	connection_specification_name
1	connection_stack
1	connection_status
1	connection_switcher
1	connection_tracker_add
1	connection_tracker_delete
1	connection_tracker_edit
1	connection_tracker_list
1	connection_url_to_hash
1	connections=
1	connections_per_second
1	connector
1	connects_to=
1	connecttimeout
1	conninfo_hash
1	conrelid
1	conservative
1	consistency_proof_build_head
1	consistency_ratios
1	consistent_read
1	consistent_timestamp
1	console?
1	console_colour
1	console_level?
1	console_puts
1	console_size
1	console_source_dir
1	consolidated_cache
1	consonant?
1	const_cache
1	const_lookup
1	const_missing_orig
1	const_name=
1	const_pair
1	constaint_descriptions
1	constaint_handlers
1	constant=
1	constant_color
1	constant_method_call?
1	constant_size
1	constant_strs_array_to_hash
1	constant_table
1	constantly
1	constants1
1	constitution_modifier
1	constraint
1	constraint_attributes
1	constraint_definition_sql
1	constraint_fill
1	constraint_length
1	constraint_message
1	constraint_shell_eval
1	constraints_json
1	construct_factory
1	construct_joins
1	construct_request_header
1	construct_response_header
1	construct_rule_object
1	construct_url
1	constructor?
1	constructor_from_block
1	constructor_with_explicit_success_arg
1	consts
1	consul=
1	consul_service
1	consul_token_source
1	consume!
1	consumeFlags!
1	consume_all_input=
1	consume_all_responses_until_mn
1	consume_data
1	consume_duration
1	consume_flamegraph_link_if_present
1	consume_input
1	consume_text
1	consume_unspent_output
1	consumed_unspent_output?
1	consumer_credential=
1	consumer_request_id=
1	contFile
1	contact
1	contact=
1	contact_address=
1	contact_email=
1	contact_frequency
1	contact_info
1	contact_info=
1	contact_point
1	contactdb
1	contain
1	contain_hdl
1	contained_binary_extensions
1	contained_in
1	container=
1	container?
1	container_base_selector
1	container_by_name
1	container_definitions
1	container_exist?
1	container_id_for_name
1	container_id_for_tag
1	container_instances
1	container_path
1	container_port
1	container_portal_annotation
1	container_selector
1	containing_boundaries
1	containing_type
1	containments
1	containsKey
1	containsKeyOnServer
1	containsPath
1	contains_any_fallback_tag?
1	contains_any_value_assigned_tag_node?
1	contains_click
1	contains_edge?
1	contains_line
1	contains_point?
1	contains_price?
1	contains_resolver_method_with_guard?
1	content?
1	contentType
1	content_changed?
1	content_encoding_hooks
1	content_for
1	content_hash
1	content_hash=
1	content_height
1	content_id
1	content_index
1	content_menu_items
1	content_model
1	content_model_key
1	content_negotiation
1	content_o_matic
1	content_path
1	content_size
1	content_size=
1	content_type_detector
1	content_type_for_path
1	content_type_id
1	content_uri
1	content_with
1	content_xpaths_list
1	contentid
1	contents_dir=
1	contents_number
1	contents_of
1	contents_template
1	contents_template=
1	contents_title
1	contenttype
1	context_changes_param_name
1	context_data_deserializer
1	context_definition?
1	context_event_serializer
1	context_field_name
1	context_flag_call?
1	context_for_subscription
1	context_hook
1	context_length
1	context_only?
1	context_overrides
1	context_scopes
1	context_with_description?
1	context_with_span
1	contexts_for
1	contexttagsregex
1	contexttagsregex_compiled=
1	contextual_segment_check_rule_access
1	contextual_segments_get
1	contextual_segments_resolve_name
1	contextuality
1	contiguous?
1	continent_code
1	continent_code=
1	continuation_modifier
1	continue?
1	continue_analysis
1	continue_conversation
1	continue_lex
1	continue_list
1	continue_on_failure
1	continue_on_missing?
1	continue_scan
1	continue_url
1	continuous_variable
1	continuous_variable=
1	contours=
1	contra_acc=
1	contra_acc_bc=
1	contra_acc_name=
1	contract_address
1	contract_call
1	contract_calls
1	contract_class
1	contract_failure
1	contract_files
1	contract_for
1	contract_invocation_id
1	contract_transaction
1	contractor_entities_ids=
1	contractor_permits=
1	contracts=
1	contrast_ratio_with_opacity
1	contributions
1	contributor_names
1	contributors!
1	control_1
1	control_2
1	control_path
1	control_port
1	control_tags
1	controller=
1	controller_data=
1	controller_encryption_capable?
1	controller_encryption_enabled?
1	controller_from_name
1	controller_front_name
1	controller_guard=
1	controller_paths
1	controller_permissions=
1	controller_runtime
1	controllers_path
1	controls
1	controls_template
1	conv2d
1	convenience_fn
1	convergent
1	conversation
1	conversation!
1	conversation_id
1	conversation_repository
1	conversations
1	converse
1	conversion_factors
1	conversion_proc
1	conversion_proc=
1	conversion_rates
1	convertToJSON
1	convertToNumber
1	convertTypes
1	convert_absolute
1	convert_all
1	convert_and_print
1	convert_and_write
1	convert_argument_error
1	convert_array
1	convert_base
1	convert_bytes
1	convert_char
1	convert_commands
1	convert_commitment_share
1	convert_dependent_char
1	convert_diff_entries
1	convert_digit_to_string
1	convert_dir
1	convert_dirs
1	convert_document
1	convert_dynamic_stylesheets
1	convert_eacces
1	convert_email_address_object
1	convert_encoding
1	convert_enoent
1	convert_from_hash_recursive
1	convert_from_iso_8859_1
1	convert_hiragana
1	convert_iter_to_child_iter
1	convert_k_to_number
1	convert_level
1	convert_metric_to_imperial
1	convert_metrics_to_legacy
1	convert_mode=
1	convert_name
1	convert_no_method_error
1	convert_observation
1	convert_pdf_to_html
1	convert_price
1	convert_relative
1	convert_runtime_error
1	convert_separated_by_four_digit
1	convert_signer_nocnes
1	convert_simple_for_loops=
1	convert_stored_pe_to_pe
1	convert_str
1	convert_symbols
1	convert_symbols_to
1	convert_temperature
1	convert_tinyint_to_bool=
1	convert_to_10
1	convert_to_13
1	convert_to_array
1	convert_to_ary
1	convert_to_cel_type
1	convert_to_enum
1	convert_to_file
1	convert_to_html
1	convert_to_int
1	convert_to_major_denomination
1	convert_to_model
1	convert_to_node
1	convert_to_proto
1	convert_to_proto_type
1	convert_to_rack_response
1	convert_to_rake
1	convert_to_re
1	convert_to_ruby
1	convert_to_ruby_name
1	convert_to_seconds
1	convert_to_time_of_day
1	convert_twine_string_placeholder
1	convert_type
1	convert_value
1	convert_values
1	convert_year
1	converted_response_code
1	converted_value
1	converter_registry
1	convertible?
1	convertor
1	converts_from?
1	converts_swfs
1	cook
1	cook_time
1	cookbook_dir
1	cookbook_name
1	cookbook_options
1	cookbook_path=
1	cookbook_s3_path
1	cookie_header_data
1	cookie_length
1	cookie_manager
1	cookie_manager=
1	cookie_options
1	cookie_params
1	cookie_prefix
1	cookie_type=
1	cookie_value_text_separator=
1	cookies_have_been_rewritten_before?
1	cookies_scope
1	cooldown
1	cooling?
1	coolline_paren_matching=
1	cooltemp
1	coor
1	coord
1	coord=
1	coord_mode
1	coord_to_position
1	coordinateArrayFromFile
1	coordinates_from_page_elements
1	coordinates_list
1	coordination_queue_name
1	coords_to_parent
1	copy=
1	copyDirectoryWithoutHiddenRecursively
1	copyFromLocalFile
1	copyRect
1	copyResized
1	copyToLocalFile
1	copy_action
1	copy_address_data
1	copy_all_files
1	copy_data_command
1	copy_database
1	copy_dir
1	copy_doc
1	copy_enyry
1	copy_from
1	copy_from_local
1	copy_in_string
1	copy_into
1	copy_ivars
1	copy_module_to
1	copy_out_string
1	copy_repository?
1	copy_resources
1	copy_snapshot
1	copy_tables
1	copy_templates_to_project
1	copy_to
1	copy_to_local
1	copy_xcconfig
1	copyfrom_path
1	copyright=
1	core=
1	core_api
1	core_client
1	core_level
1	core_properties
1	core_props
1	core_style_file
1	core_url
1	corner_banner_aliases
1	corner_banner_side
1	corpID=
1	corpid
1	corpus
1	corr
1	correct=
1	correct_type
1	correctable?
1	corrected_obliquity_of_ecliptic
1	correction_eccentricity_of_earth
1	correction_jupiter
1	correction_latitude
1	correction_venus
1	correlation_id=
1	corroborated_by_ids
1	cost_model=
1	cost_per_line_over_ideal
1	cost_per_todo
1	couchdb
1	count_all
1	count_all_from_file
1	count_as
1	count_by_status
1	count_bytes
1	count_comments?
1	count_down
1	count_estimate
1	count_failing_examples
1	count_finished
1	count_format
1	count_freq
1	count_h1s
1	count_hand
1	count_instances
1	count_kill
1	count_memory
1	count_new
1	count_objects_size
1	count_pages
1	count_pieces
1	count_port
1	count_rows
1	count_scope
1	count_squares_and_pieces
1	count_syllables
1	count_unseen
1	count_uri
1	count_views
1	countdown
1	countries_for_select
1	countrizable_serialized_attributes=
1	country_code3
1	country_code_locales
1	country_code_validator
1	country_iso_code
1	country_iso_code=
1	country_iso_code?
1	country_select_code
1	county=
1	courier_data
1	courier_id
1	course_code=
1	course_modules
1	course_registration_class_name
1	courses
1	covariance_matrix
1	covector
1	cover_all?
1	cover_chinese
1	cover_class
1	cover_geometry
1	coverage=
1	coverage_
1	coverage_data_for
1	coverage_enabled
1	coverage_enabled?
1	coverage_file_class
1	coverage_schema
1	coverage_threshold
1	coverage_timestamp
1	covered
1	cows
1	cp_dep_libs
1	cp_smart
1	cpath
1	cpath_
1	cpd_audit_class_name
1	cpd_audit_level_class_name
1	cpd_audit_review_class_name
1	cpd_bulk_audit_class_name
1	cpd_statement_class_name
1	cpe_list_for
1	cpf
1	cpf_cnpj?
1	cpio
1	cpio_data=
1	cpu_count=
1	cpu_info
1	cputs
1	cql
1	cql=
1	cql_statement_dependencies=
1	crash?
1	crashed?
1	crate_blank_graph_image
1	crawl!
1	crawl_entire_domain
1	crawl_listings
1	crawled_timestamp=
1	crawler_name
1	crc_key
1	crc_table
1	creatable_fields
1	createAttribute
1	createBase32ConversionHash
1	createBridge
1	createContext
1	createDatetime
1	createDefaultOptions
1	createDeletesFile
1	createDir
1	createDirIfNotExist
1	createElement
1	createExport
1	createFactory
1	createFixVersion
1	createFont
1	createImport
1	createInstance
1	createLitecoin
1	createManifest
1	createOrUpdateUserMemberByEmail
1	createPostInfo
1	createProperties
1	createReader
1	createRegion
1	createReport
1	createRepository
1	createRequire
1	createRev
1	createRowBatch
1	createStruct
1	createTitledBorder
1	createUpdateContext
1	createUser
1	createView
1	createViewFullPost
1	createWatermark
1	createWindow
1	createWriter
1	create_access_key
1	create_account_alias
1	create_action
1	create_activity
1	create_additions
1	create_alerts
1	create_aliases
1	create_analyzer
1	create_and_collect_books
1	create_and_return_token
1	create_and_save
1	create_anonymous
1	create_app_installation_access_token
1	create_application_version
1	create_aradjustment
1	create_archive_indexes
1	create_archive_table
1	create_array
1	create_artifactory
1	create_as
1	create_assessment
1	create_assets
1	create_assignment_data
1	create_attribute_methods
1	create_avatar
1	create_bank
1	create_basedir
1	create_batch_otel_span
1	create_beers
1	create_before_direct_upload!
1	create_berp
1	create_best
1	create_binary_representation
1	create_blob
1	create_block_blob
1	create_book
1	create_branch=
1	create_branch_methods
1	create_build_dir
1	create_by_entry
1	create_by_hash
1	create_by_xml
1	create_cache
1	create_campaign
1	create_canvas_dotfile
1	create_card
1	create_cashback_notify
1	create_cell
1	create_change_set
1	create_changed_from
1	create_child
1	create_children=
1	create_class_map
1	create_collage
1	create_colors
1	create_column_mappings
1	create_comment
1	create_config_file
1	create_config_map
1	create_configurations_for
1	create_container_from_image
1	create_content
1	create_controller
1	create_count
1	create_coupons_from_xml
1	create_customer
1	create_dags
1	create_data_element
1	create_data_point
1	create_dataset
1	create_date
1	create_date_time
1	create_dates_array
1	create_days
1	create_dbc_object
1	create_dbc_objects
1	create_dct
1	create_default_config_file!
1	create_default_folder
1	create_deploy_structure
1	create_directive
1	create_directory_strategy
1	create_disk
1	create_distribute_notify
1	create_docx
1	create_domain_xml
1	create_download
1	create_ec_key
1	create_element_ns
1	create_empty_functions_php
1	create_entity
1	create_entry
1	create_environment
1	create_event
1	create_event_source_mapping
1	create_events
1	create_fb_matrix
1	create_feed
1	create_filename
1	create_files
1	create_filespace
1	create_filespace_gem
1	create_fixture_dir
1	create_folder
1	create_for_instance
1	create_for_singleton
1	create_for_type
1	create_from
1	create_from_active_record
1	create_from_api
1	create_from_attribute_array
1	create_from_cache
1	create_from_folder
1	create_from_html
1	create_from_kube
1	create_from_order!
1	create_from_spec_lookup
1	create_from_str
1	create_from_string_with_external_reference_table
1	create_full_language_config
1	create_function_desc
1	create_fund_account
1	create_fund_escrow
1	create_genres_array
1	create_getter
1	create_gist
1	create_github_link_header
1	create_graph
1	create_grip_channel_header
1	create_hash
1	create_hdfs_temp
1	create_header
1	create_helper
1	create_hold
1	create_holdings
1	create_hook
1	create_html
1	create_http
1	create_human
1	create_if_not_exists
1	create_index_filename
1	create_index_on
1	create_indexes
1	create_input_object
1	create_input_system
1	create_investor
1	create_investor_with_ssn
1	create_issuer
1	create_issues
1	create_item
1	create_item_from_hash
1	create_items_from_hash_array
1	create_iterator
1	create_journal_entry
1	create_json_file
1	create_key_file
1	create_key_pair_from_secret
1	create_kw_opt_param
1	create_label
1	create_latest_symlink
1	create_launch_configuration
1	create_link_string
1	create_list_path_srt_files
1	create_load_balancer
1	create_local_server
1	create_log_dir
1	create_log_filename
1	create_log_group
1	create_log_stream
1	create_logger
1	create_login_profile
1	create_loop
1	create_macro
1	create_mailer
1	create_many
1	create_matcher
1	create_meal_from_specifics
1	create_merge_request
1	create_message
1	create_milestone
1	create_missing_tags
1	create_missing_versions
1	create_model
1	create_module
1	create_msg
1	create_multisig_transaction
1	create_namespaces
1	create_native_messaging_manifest_directory
1	create_network
1	create_new_checklist
1	create_new_course
1	create_new_dealpage
1	create_new_game
1	create_new_launch_config
1	create_new_recipe
1	create_new_suite
1	create_new_zodiacs
1	create_note
1	create_notes_directory
1	create_open_block
1	create_operated_solar_term
1	create_or_find_by
1	create_or_increment
1	create_or_return
1	create_or_update
1	create_or_update_stack
1	create_order_finish_notify
1	create_order_sign_fans_notify
1	create_organization
1	create_otel_span
1	create_package_graph!
1	create_page_data
1	create_page_type
1	create_pagination_payload
1	create_pango_layout
1	create_param
1	create_parser
1	create_path_if_not_exist
1	create_pause
1	create_payload
1	create_payment_schedule
1	create_payment_token
1	create_payment_url
1	create_pdf
1	create_perforce_connection
1	create_persisted_mentees
1	create_pid
1	create_pid_file
1	create_pin
1	create_plan
1	create_plans_in_stripe
1	create_platform
1	create_platform_endpoint
1	create_podfile
1	create_podfile!
1	create_pointer_down
1	create_pointer_move
1	create_pointer_up
1	create_pp
1	create_prepared_statement
1	create_presentation
1	create_preset
1	create_primitive
1	create_proceeds_scheduler
1	create_producer
1	create_proj
1	create_project_card
1	create_proxy_class
1	create_ptr
1	create_range
1	create_reading_progress!
1	create_records
1	create_recursive
1	create_redirect_code
1	create_redis_connection
1	create_reference
1	create_regexp
1	create_relation_methods
1	create_relationship
1	create_remote_file
1	create_reopt_scenario_file
1	create_repo
1	create_request
1	create_resort_report
1	create_resource
1	create_response
1	create_reusable_delegation_set
1	create_roles
1	create_root
1	create_root_dir
1	create_rule
1	create_run
1	create_schema_migrations_table
1	create_schema_sql
1	create_scopes
1	create_score_change_notify
1	create_secret
1	create_secure_socket
1	create_segment_for_data
1	create_segment_on_server
1	create_session
1	create_setter
1	create_settings_file
1	create_shelves
1	create_sign_collectible_request
1	create_signature
1	create_signed_request
1	create_simple_box
1	create_site
1	create_slug
1	create_socket_non_tls
1	create_sprocs
1	create_sql
1	create_ssl_context
1	create_state_city_string
1	create_statement
1	create_status_bar
1	create_string
1	create_structure
1	create_subclass
1	create_symbols
1	create_task_from_details
1	create_team
1	create_team_graph!
1	create_temp_proj
1	create_template
1	create_test_user
1	create_text
1	create_thumbnail
1	create_tinker_graph
1	create_tmp_dir
1	create_transfer
1	create_trayicon
1	create_trayicons
1	create_unique_by
1	create_updates
1	create_uri
1	create_user_provision_dir
1	create_variable
1	create_vd_user_info
1	create_video
1	create_vimmer_home!
1	create_virtual_disk
1	create_webhook
1	create_widget_type
1	create_with
1	create_with_filename
1	create_withdraw_fund
1	create_worker
1	create_workspace
1	create_worktree
1	createcollection
1	created?
1	created_by
1	created_by_id
1	created_by_id=
1	created_contract_address
1	created_folders
1	created_on=
1	created_time
1	createdate=
1	createlogger
1	creation
1	creation=
1	creative_add
1	creative_advertiser_add
1	creative_advertiser_delete
1	creative_advertiser_list
1	creative_advertising_category_add
1	creative_advertising_category_delete
1	creative_advertising_category_list
1	creative_campaign_add
1	creative_campaign_advertiser_add
1	creative_campaign_advertiser_delete
1	creative_campaign_advertiser_list
1	creative_campaign_delete
1	creative_campaign_edit
1	creative_campaign_list
1	creative_campaign_resolve_name
1	creative_companion_add
1	creative_companion_delete
1	creative_companion_edit
1	creative_companion_list
1	creative_companion_upload
1	creative_delete
1	creative_duplicate
1	creative_edit
1	creative_list
1	creative_list_owned_orders
1	creative_overlay_add
1	creative_overlay_delete
1	creative_overlay_edit
1	creative_overlay_list
1	creative_overlay_upload
1	creative_resolve_name
1	creative_set_archived
1	creative_tracker_add
1	creative_tracker_delete
1	creative_tracker_edit
1	creative_tracker_list
1	creative_video_add
1	creative_video_delete
1	creative_video_edit
1	creative_video_list
1	creative_video_set
1	creative_video_upload
1	creator_column
1	creator_column_type
1	creator_id=
1	creator_name=
1	creators
1	credentials_file
1	credentials_path
1	credentials_valid?
1	credentialsl
1	credit
1	creditAmount=
1	creditCardAddress1=
1	creditCardCity=
1	creditCardCountry=
1	creditCardExpirationMonth=
1	creditCardExpirationYear=
1	creditCardHolderName=
1	creditCardNumber=
1	creditCardPostalCode=
1	creditCardState=
1	creditCardType=
1	credit_amount
1	credit_card
1	credit_card_brand
1	credit_card_issuer
1	credit_card_surcharge_percent
1	credit_card_type
1	credit_union_name
1	credit_usage
1	creditor_information
1	creditor_reference
1	creditor_reference?
1	credits
1	credits=
1	creds
1	creds?
1	creds_path
1	creolize
1	crit
1	criteria=
1	criteria_passes?
1	critical_permits?
1	critical_withdrawal
1	critique
1	crittercism_api_key
1	crittercism_app_id
1	crittercism_disable_on_simulator_builds
1	crl=
1	crl_uris
1	cromulent_links
1	cron_expression
1	cron_handlers
1	cronut_connection
1	crop_box=
1	crop_face!
1	crop_image
1	crop_to_frame_and_resize
1	cross_acceptable?
1	cross_version_category_mapping
1	cross_z
1	crosstab
1	crumbs
1	crushyform_types
1	crypto_amount
1	cs=
1	csrf_tag
1	csrf_token
1	css_chooser_button
1	css_class_name
1	css_layout
1	css_layout=
1	css_print
1	css_print=
1	css_style
1	css_style=
1	css_template
1	csv_columns
1	csv_config
1	csv_content
1	csv_export=
1	csv_filename?
1	csv_files
1	csv_mapping
1	csvify
1	ct=
1	ctermid
1	ctfFiles
1	cti
1	ctime=
1	ctime_nsec=
1	ctm
1	ctn_day
1	ctn_quatery
1	ctn_week
1	ctn_year
1	ctof
1	ctok
1	ctx=
1	cube
1	cuda
1	cuit
1	cuke4duke
1	cull
1	cumsum
1	cumulative
1	cur_image
1	cur_state
1	curated_taxonomy_sidebar_links
1	curation_concerns
1	curb_open_uri_original_open
1	curr
1	curr_sym
1	currencies
1	currencies_list
1	currency?
1	currency_list
1	currency_round
1	currency_symbol
1	currency_symbols
1	currency_unit
1	currency_unit=
1	currentBalance
1	currentDevice
1	currentIdentity
1	currentIndex=
1	currentRow
1	currentUrl
1	current_ability
1	current_accessibility
1	current_actor
1	current_all_mask
1	current_articles
1	current_bal
1	current_board=
1	current_book
1	current_branch?
1	current_branch_files
1	current_branch_name
1	current_cache
1	current_cache=
1	current_cassette
1	current_categories
1	current_chat
1	current_chat_id
1	current_choice
1	current_class
1	current_color
1	current_commit
1	current_conditions_at_station
1	current_context
1	current_context=
1	current_context_override=
1	current_controller
1	current_crowd_rating
1	current_cycle
1	current_data
1	current_date
1	current_datetime
1	current_defaults
1	current_directory_name
1	current_domain
1	current_double=
1	current_driver
1	current_env
1	current_environment=
1	current_expression
1	current_file
1	current_file_name=
1	current_folder=
1	current_groups
1	current_helper
1	current_host
1	current_id
1	current_id=
1	current_indent
1	current_indent_level
1	current_index
1	current_instance
1	current_instrumentation=
1	current_intent
1	current_interval
1	current_item_changed
1	current_klass
1	current_klass=
1	current_language
1	current_level=
1	current_level_information
1	current_line
1	current_line_number
1	current_llm_provider
1	current_lock_holder
1	current_log_level
1	current_logger
1	current_loop_counts
1	current_member
1	current_merchant_account
1	current_method_signature
1	current_migration_number
1	current_military_gauge_left
1	current_mode
1	current_moduls
1	current_month
1	current_namespace
1	current_node
1	current_on
1	current_opts
1	current_org
1	current_origin=
1	current_orm
1	current_page=
1	current_parent_block_helper
1	current_pin_vals
1	current_platform
1	current_player=
1	current_player_marker
1	current_position
1	current_price
1	current_rate_rule
1	current_redis
1	current_redis_cloud_plan
1	current_redis_mem_usage_megab
1	current_redis_mem_usage_percent
1	current_ref
1	current_region
1	current_renderer=
1	current_reporter
1	current_repository
1	current_role
1	current_roles
1	current_round
1	current_sample_id
1	current_sanitizer_scope
1	current_sanitizer_scope=
1	current_scopes
1	current_script
1	current_season
1	current_second_factor=
1	current_self
1	current_session_tenant_id
1	current_sha1
1	current_sha1?
1	current_side
1	current_sklass
1	current_sklass=
1	current_snapshot
1	current_sort
1	current_space
1	current_space=
1	current_spec
1	current_stage
1	current_start
1	current_state=
1	current_state_attr_value
1	current_status
1	current_step=
1	current_step_awaits
1	current_step_finished?
1	current_step_hash
1	current_step_name
1	current_string
1	current_subdir
1	current_tab
1	current_tag
1	current_tags
1	current_tailnet
1	current_target
1	current_target_definition
1	current_temp
1	current_tenant=
1	current_tenant_id=
1	current_tenant_scope
1	current_tenants=
1	current_terminal
1	current_test
1	current_text_changed
1	current_topic_status=
1	current_trace
1	current_transaction_key
1	current_tree=
1	current_trends
1	current_type
1	current_url=
1	current_user_id
1	current_user_method=
1	current_verbosity
1	current_verifier
1	current_versions
1	current_viewer_helper
1	current_world
1	current_year
1	currently_available_memory
1	currently_capturing
1	currently_valid
1	currents
1	currents_defined_for_counter?
1	curriculum
1	curselection
1	cursor!
1	cursor_back
1	cursor_blink_mode=
1	cursor_blink_mode_sel
1	cursor_direction
1	cursor_down
1	cursor_forward
1	cursor_position=
1	cursor_prev_line
1	cursor_previous_line
1	cursor_right
1	cursor_row
1	cursor_row=
1	cursor_shape_sel
1	cursor_start
1	curve
1	curve_fitting
1	curve_points
1	curve_step_count
1	curve_tightness
1	curves=
1	custid
1	custom?
1	customAttributes
1	customBilling=
1	customFieldValues
1	customFileName
1	customOutputAdapter
1	customWorkspace
1	custom_assignments
1	custom_attributes
1	custom_command_help
1	custom_commands
1	custom_endpoints
1	custom_field_values
1	custom_header_authentication_credentials
1	custom_inputs_namespaces
1	custom_instance_variables
1	custom_instructions
1	custom_macro_add
1	custom_macro_attach
1	custom_macro_delete
1	custom_macro_detach
1	custom_macro_edit
1	custom_macro_edit_attach
1	custom_macro_list
1	custom_message
1	custom_metadata
1	custom_metadata=
1	custom_options
1	custom_payload
1	custom_processing
1	custom_queries
1	custom_search_id=
1	custom_text_email
1	custom_validators
1	customer
1	customerID=
1	customerId=
1	customerIdentity=
1	customerInfo=
1	customer_code
1	customer_number
1	customers
1	customers=
1	customization_id
1	customizer
1	customizer=
1	customsort_values
1	cut_down_elb_name
1	cut_runner_output
1	cut_screens!
1	cut_utf8
1	cutting_point_count
1	cvars
1	cve
1	cve_list_for
1	cvr
1	cwd
1	cwd_default_directory
1	cwd_is_nanoc_site?
1	cwfile
1	cwfile=
1	cwfile_apps_and_versions
1	cxx_flags
1	cxx_plugin
1	cycle_next_page
1	cycle_otps
1	cyclic
1	cyphertext
1	cyrillic?
1	cyrillic_options
1	cyrillish?
1	d6
1	dCloseODE
1	dCollideRuby
1	dE76
1	dGeomGetClass
1	dReal_array_getitem
1	dReal_array_setitem
1	d_rangeify
1	daemon_name
1	daemon_name?
1	daemon_prefix
1	daemonized?
1	daily=
1	daily_consumption_costs
1	daily_consumption_values
1	daily_forecast
1	daily_trends
1	dalle2
1	dalli_scope
1	danger
1	danger?
1	dangerous?
1	dangrous
1	dark_green
1	dark_mode=
1	darken_color
1	darko__getobj__
1	darkorchid
1	darwin?
1	dasautoandroid
1	dasautoios
1	dasautoweb
1	dash
1	dat
1	dataElementCodes=
1	dataElements
1	dataIntegrity
1	dataIntegrity=
1	dataWithContentsOfURL
1	data_bag
1	data_base
1	data_bits
1	data_capture
1	data_class
1	data_criteria=
1	data_dir=
1	data_dump_full_path
1	data_elements
1	data_elements=
1	data_encoding=
1	data_encryption_iv
1	data_encryption_iv=
1	data_encryption_key
1	data_encryption_key=
1	data_end
1	data_error=
1	data_fetcher_params=
1	data_fields
1	data_files
1	data_files_for
1	data_format
1	data_from_base58check
1	data_from_bytes
1	data_from_xml
1	data_future
1	data_hash
1	data_line
1	data_load
1	data_load=
1	data_map
1	data_map=
1	data_model
1	data_object=
1	data_offset
1	data_path=
1	data_payload
1	data_peek
1	data_pointer
1	data_points
1	data_ptr
1	data_root
1	data_root_path
1	data_row
1	data_set_elements
1	data_size=
1	data_sizes
1	data_source
1	data_start
1	data_structure
1	data_tags
1	data_to_attributes
1	data_to_hex
1	data_to_i
1	data_transform
1	data_type
1	databag_secret
1	database_ID
1	database_aliases
1	database_attributes
1	database_cleaner_options
1	database_code
1	database_config
1	database_connection
1	database_date
1	database_field
1	database_file
1	database_files_path
1	database_handler_class
1	database_host=
1	database_id
1	database_name=
1	database_names
1	database_query
1	database_start
1	database_storage
1	database_timezone=
1	database_type
1	database_url
1	database_yml
1	databaseformalizer
1	databases=
1	datacenters
1	dataset_id
1	dataset_key
1	dataset_module
1	dataset_record
1	dataset_records
1	datasets
1	datasets_mapping
1	datasource=
1	datasourcefiles
1	datastore=
1	datastreams
1	datatable_name
1	datatype?
1	datatype_library
1	datax_path=
1	dataxy
1	date1
1	date?
1	dateRequested=
1	dateWithTimeIntervalSinceNow
1	date_added
1	date_constructor?
1	date_convert
1	date_defaulter_strftime
1	date_defaulter_to_s
1	date_determines_equality=
1	date_formats=
1	date_from_oddball
1	date_grid
1	date_logged=
1	date_object_from
1	date_of_birth=
1	date_published
1	date_ranges=
1	date_read
1	date_read=
1	date_report=
1	date_sent
1	date_time_format
1	date_to_num
1	date_to_string
1	date_valid?
1	date_value=
1	dated_by_scribe?
1	datedir
1	datepick
1	dates=
1	datetaken
1	datetakenunknown
1	datetime=
1	datetime_constructor?
1	datetime_format
1	datetime_type
1	datetimes
1	dateupload
1	datify
1	datum
1	day?
1	day_ago
1	day_display
1	day_fraction_to_time
1	day_name
1	day_of_week_long_to_short
1	day_of_year
1	day_of_year_divmod_twenty_eight
1	day_query_time
1	days_after_last_step
1	days_between
1	days_configured?
1	days_in_common_year_months
1	days_in_leap_year_months
1	days_left
1	days_left_in_month
1	days_of_week
1	days_to_cif
1	db_adapter
1	db_adapter=
1	db_build_all_wrapper
1	db_charmer_database_remappings
1	db_charmer_database_remappings=
1	db_close
1	db_comment_parser
1	db_config=
1	db_connection
1	db_connection?
1	db_credentials
1	db_defined?
1	db_delete_all_wrapper
1	db_delete_wrapper
1	db_dump
1	db_exists?
1	db_files
1	db_general_authmode
1	db_general_user
1	db_hostname
1	db_instance_identifier
1	db_instance_status
1	db_migrate_reset
1	db_name
1	db_nullify_all_wrapper
1	db_nullify_wrapper
1	db_path
1	db_path=
1	db_prefix_for
1	db_read_wrapper
1	db_snapshot_identifier
1	db_structure
1	db_system_datadir
1	db_time_now
1	db_url
1	dbg
1	dbh
1	dbi
1	dbms_output
1	dbp11
1	dbp12
1	dbp18
1	dbp22
1	dbp28
1	dc_creator
1	dc_subject
1	dcetect!
1	dd
1	ddi_variables=
1	ddl_disabled?
1	dds
1	de
1	deactivate!
1	deactivate_reversal
1	deactivated?
1	dead
1	deadline_expired
1	deal_add
1	deal_check_rule_access
1	deal_delete
1	deal_edit
1	deal_id
1	deal_list
1	deal_resolve_name
1	deal_to_player
1	dealer
1	dealer_session_num=
1	deallocate
1	dealrc
1	death_sprite
1	deathdate=
1	debitAccountNo=
1	debit_amount
1	debt_ceiling
1	debt_types
1	debug_after_sharing
1	debug_data_size
1	debug_dir=
1	debug_enabled
1	debug_enabled=
1	debug_http
1	debug_log=
1	debug_logger
1	debug_message
1	debug_msg
1	debug_on
1	debug_on=
1	debug_reporter
1	debug_restore
1	debug_search_request
1	debug_search_response
1	debug_set
1	dec
1	dec_msg
1	dec_oid
1	dec_varbind
1	decade?
1	decapsulate
1	decapture
1	decider_class
1	decimalSeparator
1	decimal_arcseconds_to_decimal_degrees
1	decimal_degrees_to_radians
1	decimal_places
1	decimal_to_string
1	decimals
1	decipher_receive
1	decipher_send
1	decision
1	deck_options_groups
1	deck_value
1	deck_value=
1	decks
1	decl
1	declaration
1	declaration_attribute
1	declaration_for_line
1	declare_failure
1	declared_deps
1	decline_all_cards
1	decline_all_cards=
1	decline_url
1	declname
1	declutter
1	decode32
1	decode_array
1	decode_base58
1	decode_body
1	decode_composite
1	decode_compressed
1	decode_entities
1	decode_from
1	decode_from_bytes
1	decode_hash
1	decode_headers
1	decode_indices
1	decode_json_hash
1	decode_json_objects=
1	decode_map
1	decode_params
1	decode_polyline
1	decode_segments
1	decode_sub_delta
1	decode_text
1	decode_u16
1	decode_uncompressed
1	decode_userinfo_from_header
1	decode_websocket_events
1	decode_with_rest
1	decode_world_delta
1	decoded?
1	decoded_password
1	decoded_user
1	decoder
1	decoder=
1	decolor
1	decompress_data
1	decorate!
1	decorate_string
1	decorated
1	decorated_call
1	decorated_expression
1	decorated_externs
1	decorator
1	decorator_class
1	decr_incr
1	decrby
1	decrease_headers
1	decrement=
1	decrement_bits
1	decrement_counter
1	decrement_month!
1	decrement_open_transactions
1	decrement_sha
1	decrement_size
1	decrypt_block
1	decrypt_boolean
1	decrypt_date
1	decrypt_fallback_to_plain
1	decrypt_files
1	decrypt_final
1	decrypt_i64
1	decrypt_text
1	decrypt_update_cipher
1	decrypt_username
1	decryptr
1	decypher_path
1	dedup_keys
1	deduplicate_similar_urls
1	deep
1	deep!
1	deep=
1	deep_attr
1	deep_blank?
1	deep_camelize_keys
1	deep_change_error
1	deep_compact!
1	deep_copy_and_relativize
1	deep_create_or_update_from_hash!
1	deep_delete_nil
1	deep_diff_by_key
1	deep_each
1	deep_find_all
1	deep_freeze!
1	deep_limit
1	deep_locate
1	deep_merge_hashes!
1	deep_reject
1	deep_reject_by_hash
1	deep_resolve
1	deep_set
1	deep_sort!
1	deep_symbolize_hash_keys
1	deep_update
1	deepcopy
1	deeper_merge
1	deepskyblue
1	def_compute_state
1	def_inspector
1	def_player_id
1	def_rating
1	default!
1	defaultArguments
1	defaultOpt
1	defaultRegistry
1	default_access_limit
1	default_access_method
1	default_action=
1	default_active_block_for
1	default_active_pattern_for
1	default_adapter_options
1	default_address
1	default_appearance_types
1	default_application
1	default_argv=
1	default_audio_model
1	default_bank=
1	default_base_branch
1	default_base_url
1	default_binding_helper?
1	default_blksize
1	default_browser=
1	default_cassette_options
1	default_cert_size
1	default_cert_type
1	default_changer_proc
1	default_channel
1	default_channels
1	default_checkers
1	default_chef_server
1	default_child_options
1	default_children_names
1	default_chomp
1	default_cipher
1	default_cleaner
1	default_client_host
1	default_close_operation=
1	default_codepoints=
1	default_coercers
1	default_coffee
1	default_collection
1	default_column_names
1	default_commit
1	default_compress_content_to
1	default_compress_min_size_to
1	default_config_path
1	default_configuration_class
1	default_configuration_key
1	default_conn_adapter
1	default_connection
1	default_connection_handler
1	default_console_resized_hook!
1	default_const_name=
1	default_content
1	default_context
1	default_cookies
1	default_database
1	default_date=
1	default_date_column=
1	default_datetime
1	default_db
1	default_delimiter
1	default_delivery_method
1	default_description
1	default_description_str
1	default_device
1	default_discover
1	default_dispatcher
1	default_display_methods
1	default_division_raw
1	default_document
1	default_domain
1	default_editor
1	default_enable_cache_to
1	default_encoding
1	default_entities
1	default_entries_limit
1	default_error_mode
1	default_executable=
1	default_expectations
1	default_family_id
1	default_feature
1	default_feature=
1	default_field_name
1	default_field_order
1	default_files=
1	default_form_builder
1	default_formats
1	default_formatter=
1	default_formatting
1	default_formula=
1	default_from
1	default_function=
1	default_global_content_proxy
1	default_group
1	default_hash_class
1	default_header
1	default_header=
1	default_header_params
1	default_headers_to_strip
1	default_height
1	default_hits
1	default_host
1	default_hostname=
1	default_http_method=
1	default_https=
1	default_https_verify=
1	default_id
1	default_id_attr
1	default_ignore_code_changes_to
1	default_iiif_manifest_version
1	default_indent
1	default_indent=
1	default_infinite
1	default_infinite_precision=
1	default_inspect
1	default_instance
1	default_instance=
1	default_instrumentation_service
1	default_interest_rate
1	default_io_proc
1	default_job_class
1	default_kerning
1	default_key_case
1	default_key_prefix
1	default_key_type
1	default_language=
1	default_language_tag
1	default_layout
1	default_leading
1	default_letter
1	default_limit
1	default_list
1	default_location
1	default_lock_expiry
1	default_manager
1	default_mapping
1	default_mappings
1	default_maxgray
1	default_media
1	default_media_type=
1	default_messages
1	default_method
1	default_method=
1	default_method_settings
1	default_migration_path
1	default_missing
1	default_missing?
1	default_mode=
1	default_mode_bot
1	default_mode_user
1	default_months=
1	default_name
1	default_notebook
1	default_notebook_name
1	default_notifiable_types
1	default_number_length
1	default_number_length=
1	default_opt
1	default_option_merge!
1	default_options_without_nil_pidfile
1	default_opts
1	default_os
1	default_out_filename
1	default_out_stream
1	default_output
1	default_output=
1	default_output_format
1	default_output_version
1	default_params=
1	default_params_encoder
1	default_params_encoder=
1	default_parent_name=
1	default_password=
1	default_path=
1	default_payee
1	default_payee=
1	default_per_page=
1	default_places
1	default_places=
1	default_plugins=
1	default_primary_key
1	default_printer=
1	default_priority
1	default_proc_helpers?
1	default_profile
1	default_progname=
1	default_provider=
1	default_providers
1	default_puppet_env_name
1	default_puts
1	default_quality
1	default_query
1	default_queue_name
1	default_queue_name=
1	default_redirect
1	default_redirect_path
1	default_redis_namespace_to
1	default_redis_port_to
1	default_redis_server_to
1	default_redis_to
1	default_region
1	default_registered_scripts
1	default_renderer
1	default_rendering
1	default_reporter_class
1	default_retries
1	default_retry_after
1	default_retry_config
1	default_retry_wait
1	default_root_cache_age
1	default_routes
1	default_run_options
1	default_salt
1	default_scanner
1	default_screen
1	default_script
1	default_scripts
1	default_secret
1	default_sensor
1	default_service
1	default_set=
1	default_sheet
1	default_sort_by=
1	default_sort_direction=
1	default_source=
1	default_speed
1	default_static_extension
1	default_status
1	default_string_length
1	default_string_length=
1	default_styling
1	default_subcommand=
1	default_subdomain
1	default_submission_port
1	default_subnet_id
1	default_systems
1	default_tab_action
1	default_task
1	default_task_dir
1	default_template_language
1	default_templates_path=
1	default_text
1	default_thresholds
1	default_timeout_in_seconds
1	default_title
1	default_tls_port
1	default_trace_id
1	default_transaction_isolation_level
1	default_translator
1	default_tranzlator
1	default_type_map=
1	default_tzid=
1	default_units=
1	default_url
1	default_url_options=
1	default_usage
1	default_user_agent
1	default_username=
1	default_value_from
1	default_values
1	default_violation_messages=
1	default_wallet
1	default_width
1	default_window_size=
1	default_words
1	default_words=
1	default_worker_options=
1	default_yml
1	defaults_files
1	defaults_from_template
1	defaults_from_yaml
1	defaults_str=
1	defer_attribute
1	defer_classref
1	defers_finished?
1	defile
1	definations
1	define_api_methods
1	define_attribute_methods
1	define_auto_import_const_missing_method
1	define_callback_hooks
1	define_callback_methods
1	define_chained_method
1	define_channel_owner
1	define_commands
1	define_constructor
1	define_data_class
1	define_default_faces
1	define_default_types
1	define_defaults
1	define_engine
1	define_fields
1	define_formie
1	define_head
1	define_implicit_module
1	define_indexes
1	define_inspect_on
1	define_magic_var
1	define_main_fetcher
1	define_matcher
1	define_methods!
1	define_metric
1	define_model
1	define_model_callbacks
1	define_module
1	define_negated_matcher
1	define_once_only_method_missing
1	define_outline
1	define_providers_installation_tasks
1	define_rake_tasks
1	define_reader
1	define_reader_method_as
1	define_relations
1	define_rights
1	define_rubric
1	define_setting
1	define_simple_class
1	define_step
1	define_stitch
1	define_struct
1	define_table_schema
1	define_tags
1	define_theme
1	define_user_association
1	defined
1	defined_anchors
1	defined_arguments
1	defined_enum_scopes=
1	defined_enum_transitions=
1	defined_in
1	defined_methods
1	defined_module_name
1	defined_system_prompt
1	defined_traits
1	defined_transitions
1	defined_type?
1	defined_vinbers=
1	defines
1	defining_role
1	definition_class
1	definition_file=
1	definition_helper=
1	definition_parser=
1	definitions_and_translations
1	definitions_by_key
1	defn
1	defn_
1	defs
1	defuse
1	degree_to_key
1	degrees2radians
1	degrees_arcminutes_decimal_arcseconds_to_decimal_degrees
1	degrees_without_decimal?
1	dehumanize
1	deintercept_constructor
1	del_cards
1	delay?
1	delay_for_browser
1	delay_for_browser=
1	delay_jobs=
1	delay_messages
1	delay_options
1	delay_scheduler
1	delayed_job_alert_recipients
1	delegate=
1	delegate_to_appropriate_searcher
1	delegate_to_controller
1	delegate_to_current_configuration
1	delegated_auth_token
1	delegated_child_operation
1	delegates=
1	delegates_openid?
1	deleteDocument
1	deleteDuplicatePics
1	deleteEventType
1	deleteIdentity
1	deleteMyMessages
1	deletePost
1	deleteRev
1	deleteSellingManagerInventoryFolder
1	deleteSellingManagerItemAutomationRule
1	deleteSellingManagerProduct
1	deleteSellingManagerTemplate
1	deleteSellingManagerTemplateAutomationRule
1	delete_absent_directories
1	delete_access_rule
1	delete_action
1	delete_alarms
1	delete_alias
1	delete_all_by_name
1	delete_all_children
1	delete_all_permanently
1	delete_all_sessions
1	delete_all_tags
1	delete_arguments
1	delete_array
1	delete_authorization
1	delete_backup
1	delete_batch_size
1	delete_beneficiary
1	delete_between
1	delete_binding_sel
1	delete_book
1	delete_bucket_policy
1	delete_buckets
1	delete_by_key
1	delete_cache
1	delete_capi_diego_process_association
1	delete_change_set
1	delete_child
1	delete_client
1	delete_collection
1	delete_comment
1	delete_config_map
1	delete_container
1	delete_cookies_on_bad_path
1	delete_count
1	delete_ctids_by_partions
1	delete_dReal_array
1	delete_data
1	delete_db_instance
1	delete_directory
1	delete_doc_with
1	delete_endpoint
1	delete_entry
1	delete_event
1	delete_export_kick_off_request
1	delete_extracted
1	delete_from
1	delete_from_cache
1	delete_from_indices
1	delete_function
1	delete_getter
1	delete_gists
1	delete_header
1	delete_hosted_zone
1	delete_image
1	delete_instance
1	delete_job
1	delete_json=
1	delete_keypair
1	delete_labels
1	delete_last_item
1	delete_log_group
1	delete_login_profile
1	delete_manifest
1	delete_many
1	delete_member
1	delete_meta
1	delete_milestone
1	delete_mmd
1	delete_model_membership
1	delete_multi
1	delete_node
1	delete_non_date_folders
1	delete_now
1	delete_now!
1	delete_now_value
1	delete_observers
1	delete_other_windows
1	delete_pair
1	delete_parameter
1	delete_path
1	delete_payment_token
1	delete_payment_url
1	delete_pid
1	delete_post
1	delete_project
1	delete_record
1	delete_relation
1	delete_remote
1	delete_request
1	delete_resource
1	delete_reusable_delegation_set
1	delete_role
1	delete_route
1	delete_row
1	delete_rule
1	delete_scheduled_action
1	delete_self
1	delete_server
1	delete_setter
1	delete_share
1	delete_spase_key
1	delete_starting
1	delete_strings_indexs
1	delete_tables
1	delete_tags
1	delete_task
1	delete_template
1	delete_to
1	delete_topic
1	delete_trackers
1	delete_trayicon
1	delete_trayicons
1	delete_url_message
1	delete_user_policy
1	delete_vectors
1	delete_video
1	delete_webhooks_by_name
1	delete_with_modal
1	delete_yaml
1	delete_zip_files
1	deleter_column
1	deleter_column_type
1	deletion=
1	deletion_list
1	deletion_list_with_additional_identifiers
1	deletion_proc_scopes
1	deletion_proc_scopes_per_class_name
1	deletions
1	delim
1	delim?
1	delimiter_line
1	delimiter_loc
1	delimiters
1	deliver_backgrounded
1	deliver_to
1	deliver_without_intelligent_smtp!
1	delivered?
1	delivered_message
1	delivered_stories
1	deliveryAddress
1	deliveryOptions
1	delivery_date
1	delivery_handlers
1	delivery_handlers=
1	delivery_result
1	delivery_time
1	dels
1	delta?
1	delta_star
1	delta_t
1	delta_time=
1	deluxe
1	deluxe_delayed
1	demonize
1	demote
1	demoted
1	denied
1	denied?
1	denominador
1	denominator_count
1	denominator_exceptions_count
1	denominator_exclusions_count
1	denormalizer
1	denormalizer=
1	denormalizer_block
1	dense?
1	density=
1	densityplot
1	deny
1	deny!
1	deny_list
1	deny_overrides
1	deny_throttled!
1	dep_graph
1	dep_order
1	deparse
1	department
1	departments
1	depend_each
1	depend_modified?
1	dependencies_hash
1	dependency_cmd
1	dependency_file=
1	dependency_graph
1	dependency_order
1	dependency_output_format
1	dependents
1	dependify
1	depends_on_class
1	dependson_components
1	depline
1	deploy_generation
1	deploy_heroku
1	deploy_password
1	deploy_username
1	deployed_adaptations
1	deployment
1	deployment=
1	deployment_management_files
1	deployment_routine
1	deployment_routine=
1	deployment_target
1	deployments_info
1	deploys
1	deposit_check
1	deposit_reversal
1	deposite
1	deprec
1	deprecate_constant
1	deprecate_option
1	deprecated_interface
1	deprecated_node?
1	deprecated_reference_pairs
1	deprecation=
1	deprecation_notice!
1	deprecation_strategies
1	deps=
1	dept_attribute
1	depth=
1	depth_first_children_first
1	depth_first_each
1	depth_first_keys
1	depth_first_values
1	depth_first_visit
1	depth_unit=
1	deq
1	dequote
1	dere_for?
1	deregister_image
1	deregister_self
1	deregister_targets
1	dereno_options
1	deriv
1	derivation
1	deriveIncludes=
1	derive_address_from_account
1	derive_event_notification
1	derive_handshake_notification
1	derive_interpolating_value
1	derive_key
1	derive_key_pair
1	derive_keys
1	derive_method_suffix
1	derive_severity
1	derive_signing_algo
1	derive_step
1	derived
1	derivedVal
1	derived_from_ids
1	derived_key
1	derp
1	desc_correct
1	descender
1	descends_from_active_record?
1	descr=
1	descramble
1	descramble_file
1	describe!
1	describeSObject
1	describe_alarms
1	describe_applications
1	describe_availability_zones
1	describe_change_set
1	describe_container_instances
1	describe_db_parameter_groups
1	describe_db_parameters
1	describe_db_security_groups
1	describe_db_snapshots
1	describe_definition?
1	describe_deployments
1	describe_elastic_load_balancers
1	describe_file
1	describe_function
1	describe_global
1	describe_instance_attribute
1	describe_instance_information
1	describe_io
1	describe_launch_configurations
1	describe_moving_addresses
1	describe_or_it_block?
1	describe_resource
1	describe_scheduled_actions
1	describe_spot_fleet_instances
1	describe_spot_fleet_requests
1	describe_stack_resources
1	describe_subnets
1	describe_synthetics_of_struct
1	describe_target_groups
1	describe_target_health
1	describe_task_definition
1	describe_trusted_advisor_checks
1	describe_volume_status
1	described_class
1	described_recipe
1	described_type
1	describes
1	descripcion
1	description?
1	descriptionText
1	descriptionUrl
1	description_for
1	description_for_client
1	description_format
1	description_label=
1	description_method_call?
1	description_pattern
1	description_value
1	descriptions
1	descriptive_statistics
1	deserialise
1	deserialization_parsers
1	deserialize_arguments_if_needed
1	deserialize_attributes!
1	deserialize_components
1	deserialize_file
1	deserialize_private_encapsulation_key
1	deserialize_private_signature_key
1	deserialize_public_signature_key
1	deserializer_class
1	deserializers
1	design
1	designations=
1	dest_path
1	destination_dir
1	destination_directory
1	destination_folder
1	destination_pack
1	destination_pathname
1	destination_url
1	destory
1	destroy_engine
1	destroy_failed_jobs
1	destroy_input_object
1	destroy_input_system
1	destroy_instance_in_elastic_search
1	destroy_item
1	destroy_lock
1	destroy_machine
1	destroy_missing_associations
1	destroy_scanner
1	destroy_storage
1	destroyed_by_association
1	destructor?
1	detach=
1	detachAppender
1	detag
1	detail=
1	detail_parser
1	detail_player_view
1	detail_url
1	detailed
1	detailed_instance_monitoring
1	detailed_message
1	detailed_progress
1	detailsResponse
1	details_by_vin
1	detect_backend!
1	detect_best
1	detect_bot?
1	detect_codec
1	detect_database_orm
1	detect_delete_dirs
1	detect_device
1	detect_expire_dirs
1	detect_faces
1	detect_framework!
1	detect_known_only
1	detect_labels
1	detect_language
1	detect_layout
1	detect_lights
1	detect_magic
1	detect_mobile?
1	detect_mode
1	detect_names
1	detect_orchestrator
1	detect_path
1	detect_path!
1	detect_ruby_version
1	detect_scheme
1	detect_sections
1	detect_sentiment
1	detect_services
1	detect_shape
1	detect_source_encoding
1	detect_stack_resource_drift
1	detect_urls=
1	detect_version?
1	detect_web_framework
1	detect_yaml_private_type
1	detected
1	detected?
1	detects
1	determinant_bareiss
1	determine_applicable_tags
1	determine_expected_content_length
1	determine_files
1	determine_license_from_file
1	determine_location
1	determine_raketab_files
1	determine_status!
1	determine_variable_follow_up_question
1	determine_version_to_use
1	deterministic_key_provider
1	deug_print
1	dev=
1	dev?
1	dev_major
1	dev_minor
1	dev_pairs
1	dev_phone_number
1	dev_root
1	dev_string
1	dev_url=
1	developer=
1	developerMessage
1	developer_data_flag
1	developer_key=
1	developer_mode=
1	developer_name
1	developer_portal_team_id
1	developer_public_key
1	developing
1	development=
1	development_environments
1	development_formatter
1	development_room
1	develry
1	device=
1	deviceID=
1	device_address
1	device_agent
1	device_data
1	device_name
1	device_name=
1	device_status
1	device_token
1	device_type
1	device_uri=
1	deviceid_filed
1	devices=
1	devices_listed=
1	devise
1	devise_for
1	devise_modules
1	devmode=
1	devs
1	dew_point=
1	dewikiword!
1	dexterity_modifier
1	df
1	df4welch
1	dfs
1	dia
1	diag
1	diagnosis_codes
1	diagnostic_info
1	diagnostic_uid
1	diagonal?
1	diagram_type
1	dialog_action=
1	dialog_action_type
1	dialog_id
1	dibujar
1	dices_coefficient
1	dices_coefficient_similar
1	dict
1	dict_diff
1	dictionaries=
1	dictionary=
1	dictionaryWithDictionary
1	dictionaryWithDictionary_
1	dictionary_addr
1	dictionary_has_errors
1	dictionary_kind=
1	dicts_to_json
1	dicts_to_yaml
1	diem_orm
1	diff!
1	diff:L1 cruby="1\n" spinel="0\n"
1	diff:L1 cruby="Hello World\n" spinel="\n"
1	diff:L1 cruby="[:assert_fail, :assert_ge, :assert_greater_than, :assert_greater_than_or_equal_to, :assert_gt, :assert_le, :assert_less_than, :assert_less_than_or_equal_to, :assert_lt, :assert_not, :assert_raise_message]\n" spinel="0\n"
1	diff:L1 cruby="dQw4w9WgXcQ\n" spinel="0\n"
1	diff:L1 cruby="foo bar\n" spinel="0\n"
1	diff:L1 cruby="hello\n" spinel="  hello  \n"
1	diff:L1 cruby="johndoe\n" spinel="\n"
1	diff:L1 cruby="nil\n" spinel="0\n"
1	diff:L1 cruby="success on attempt 1\n" spinel="0\n"
1	diff:L1 cruby="truncate_table: true\n" spinel="truncate_table: false\n"
1	diff:L1 cruby="爱忳气地山\n" spinel="锕嗳\xBF\xB3阃\x9C\xB0\xB1\xB1\n"
1	diff:L2 cruby="GitLab Development Kit 0.2.20\n" spinel="GitLab Development Kit 190022516346617\n"
1	diff:L2 cruby="true\n" spinel="false\n"
1	diff:L3 cruby="AeNetworkConnectionException::ConnectionNotEstablished\n" spinel="AeNetworkConnectionException_ConnectionNotEstablished\n"
1	diff:L3 cruby="[:classpath, :classpath=, :install, :jar_file, :jar_file=, :java_opts, :java_opts=, :main_class, :main_class=, :run]\n" spinel="0\n"
1	diff:L4 cruby="false\n" spinel="true\n"
1	diff:L4 cruby="true\n" spinel="false\n"
1	diff=
1	diffPopulationMean
1	diffPopulationMean2EquVar
1	diffPopulationMean2UnEquVar
1	diffPopulationRatio
1	diffPopulationVar
1	diff_by_keys
1	diff_by_word
1	diff_check
1	diff_count
1	diff_deprecated_references_yml
1	diff_files
1	diff_main
1	diff_of_competition
1	diff_of_competition=
1	diffable_attributes
1	diffavg
1	difference_in_percent
1	different_types?
1	diffity
1	dig_db_config
1	digest3
1	digestAlgo=
1	digestVal=
1	digest_assets=
1	digest_config
1	digest_file
1	digest_init
1	digest_md4
1	digest_method
1	digest_value
1	digest_view_names=
1	digests_delete_all_missing_files
1	digests_delete_renamed_files
1	digests_find_by_filename_query
1	digests_insert
1	digests_select_duplicates
1	digests_update_digests_to_new_digests
1	digests_update_mtime
1	digests_update_mtime_and_digest
1	digit?
1	digit_chars
1	digit_to_word
1	digitalWrite
1	digital_write
1	digits
1	digits_check
1	digx
1	dilate
1	dimension_equal?
1	dimension_values
1	diminished?
1	dims
1	dir_assign!
1	dir_class
1	dir_exists?
1	dir_files
1	dir_info
1	dir_initialized?
1	dir_lookup
1	dir_name
1	dir_or_symlink_exist?
1	dir_paths
1	dir_permissions
1	dir_prefix
1	dir_structures
1	direct?
1	directPlayerName
1	direct_connect
1	direct_messages
1	direct_sql_insert!
1	direct_sql_update!
1	direct_superclass
1	direct_word_metadata
1	direction=
1	directive_symbol
1	directives=
1	directly_instantiable?
1	directory_exists?
1	directory_files
1	directory_path=
1	directory_strategy
1	dirs?
1	dirty?
1	disableEcho
1	disableEvents
1	disableUnpaidItemAssistance
1	disable_all
1	disable_archive
1	disable_assertions
1	disable_authentication
1	disable_auto_reload=
1	disable_batch_ordering
1	disable_batch_ordering_for_klasses
1	disable_batching
1	disable_bias
1	disable_browser_cache
1	disable_colorization
1	disable_content_safety
1	disable_controller_extensions
1	disable_default_locale
1	disable_delayed
1	disable_delete_batching
1	disable_global_uid
1	disable_grant
1	disable_local_key_management
1	disable_logs
1	disable_multi_stroke
1	disable_multi_stroke_fill
1	disable_nullify_batching
1	disable_playwright=
1	disable_preload
1	disable_publisher=
1	disable_query_cache!
1	disable_read_batching
1	disable_required_check?
1	disable_sending_events
1	disabled_events
1	disabled_fields
1	disabled_for
1	disabled_lint_checks
1	disabled_lint_checks=
1	disabled_services
1	disabled_warnings=
1	disallow_writes
1	disallowed?
1	disallowed_tools
1	disassociate
1	disavow_files
1	discard_files
1	discard_subnets
1	discid
1	disconnect_all
1	disconnect_from_clickhouse
1	disconnect_from_databricks
1	disconnect_from_postgres
1	disconnect_user
1	discount_codes
1	discount_for_repeated_csend?
1	discoverPaymentMethods
1	discover_compiler_options
1	discover_compiler_version
1	discover_feed_url
1	discover_find_devices_custom
1	discover_global_vapidir
1	discovered
1	discovered_include_level
1	discovered_surface
1	discovery_document
1	discovery_eval_counts
1	discovery_responses
1	diseases
1	diseases=
1	diseases_by_vaccine=
1	diseases_by_valence=
1	disjoint=
1	disk_manager
1	disk_threshold
1	disks
1	disksize
1	dismiss
1	disp_fields
1	disp_path
1	dispatch_compute
1	dispatch_event
1	dispatch_inward
1	dispatch_objects_with
1	dispatch_outward
1	dispatcher=
1	dispensary_flag_call?
1	dispense
1	dispenser=
1	dispersion_number
1	dispformat
1	display?
1	displayAlerts=
1	display_address
1	display_alerts
1	display_args
1	display_articles
1	display_by_location
1	display_by_type
1	display_cards
1	display_class_info
1	display_columns=
1	display_compact_table
1	display_deal_details
1	display_dependencies
1	display_deprecation_messages
1	display_details
1	display_dialog
1	display_duration_if
1	display_error
1	display_error_msg_mode
1	display_field
1	display_fix_list
1	display_gameplay_instructions
1	display_games
1	display_leaders
1	display_locale?
1	display_mercy
1	display_method_info
1	display_modes_options
1	display_msg_draw
1	display_msg_not_empty_position
1	display_msg_not_valid_input
1	display_msg_replay
1	display_msg_select_position
1	display_name_for
1	display_names
1	display_new_color
1	display_options
1	display_overdue_tasks
1	display_page_options
1	display_path
1	display_phone
1	display_player
1	display_players
1	display_posible_moves
1	display_priority_distribution
1	display_recipes
1	display_report
1	display_result
1	display_roster
1	display_score
1	display_select
1	display_style=
1	display_tag_distribution
1	display_tasks_and_comments
1	display_template_details
1	display_template_list
1	display_title
1	display_trains
1	display_travel_info
1	display_unauthorized_message
1	display_uri
1	display_vendors
1	display_width
1	displayed_attribute_names
1	displayed_model_names
1	displayer
1	displayname
1	disposable?
1	dispose_effect
1	disposition
1	disposition_with_filename
1	disqualified?
1	dissolve
1	dist_haversine
1	dist_path
1	distance3
1	distance_between
1	distance_between_earth_and_moon
1	distance_between_earth_and_sun_in_astronomical_units
1	distance_between_earth_and_sun_in_kilometers
1	distance_from
1	distance_from_here
1	distance_in_radius
1	distance_metric=
1	distance_model
1	distance_of_time_in_words
1	distance_of_time_in_words_to_now
1	distance_per_latitude_degree
1	distance_sorted_edges
1	distances
1	distances_to_point
1	distant_nephew
1	distill!
1	distinct_rrs
1	distribute_enumerable
1	distribute_integer
1	distribute_sum
1	distributed
1	distribution
1	distribution_bucket
1	distribution_prefix
1	distro?
1	div!
1	div_yld
1	divide_eqi
1	division_name=
1	divisions
1	divs
1	dln_find_exe
1	dlr_mask
1	dlr_url
1	dm_core
1	dm_core=
1	dma_code
1	dmp1
1	dmq1
1	dns_compatible_bucket_name?
1	doRequest
1	do_a
1	do_analytics
1	do_call
1	do_change
1	do_clean_local
1	do_command
1	do_decrypt
1	do_extend
1	do_format_output_bullet_detail
1	do_get
1	do_hooks
1	do_http_get
1	do_init
1	do_insert!
1	do_job
1	do_not_generate_plist
1	do_not_generate_plist=
1	do_not_run
1	do_overwrite_confirmation=
1	do_parse_cron
1	do_parse_without_tracing
1	do_post
1	do_process
1	do_request_auth
1	do_script
1	do_task
1	do_work!
1	docArray
1	docDefaults
1	docNumber
1	docV2
1	doc_
1	doc_dir
1	doc_option
1	docbook
1	dochistory
1	docinfo
1	docinfo?
1	docker
1	docker?
1	docker_app_args
1	docker_app_configs
1	docker_compose
1	docker_compose_path
1	docker_configs
1	docker_host
1	docker_host=
1	docker_hosts
1	docker_network
1	dockerized
1	docode!
1	docs=
1	docstring_for
1	doctype_name
1	doctypes
1	document-info
1	document=
1	documentElement
1	documentIds=
1	documentTickets=
1	document_body
1	document_editor_free
1	document_editor_open
1	document_editor_open_from_bytes
1	document_info
1	document_info?
1	document_references
1	document_size
1	document_text
1	document_uri
1	document_vector
1	document_versions
1	documentation_comment?
1	documentation_files
1	documented?
1	documentize
1	documents=
1	docx_command
1	does_not_match
1	does_not_match?
1	does_text_exist_in_file?
1	does_this_series_have_chapters?
1	dog_breed_group
1	doi
1	doing_bus_as
1	doing_bus_as=
1	doing_list_id
1	dom_components
1	dom_diff
1	dom_escape
1	dom_id_for
1	domain_checker
1	domain_checker=
1	domain_has_approved_combination_of_scripts?
1	domain_has_confusable_cyrillic_chars?
1	domain_has_sketchy_combination_of_scripts?
1	domain_name=
1	domain_names
1	domain_scripts
1	domain_with_tld
1	domainname
1	domainname=
1	dominant_color
1	done=
1	doneKeys
1	done_list
1	done_tasks
1	dont_nullify
1	doorkeeper_token_name
1	dos2unix
1	dot?
1	dot_
1	dot_atom_text
1	dot_camelize
1	dot_color
1	dot_node_name
1	dot_radius=
1	dotgov_list
1	dotnet
1	dotted_item
1	douban_movie_info
1	douban_movie_posters
1	douban_movie_stills
1	douban_search_movies
1	double_click_delay=
1	double_metaphone
1	double_point
1	double_quote
1	double_sha256
1	double_value
1	double_value=
1	doublechart
1	doubles
1	down?
1	down_chain_to
1	down_links
1	down_url
1	downcase?
1	downcase_all_titles
1	downcase_ext
1	downcase_keys
1	downcase_last
1	download=
1	downloadAs
1	downloadAuthCookie
1	downloadDir
1	downloadLatestVersion
1	downloadPost
1	downloadPostsByUsername
1	download_and_install
1	download_and_play
1	download_and_play?
1	download_blob_to_tempfile
1	download_complete
1	download_data
1	download_dependencies
1	download_dir
1	download_director
1	download_file
1	download_file_attachment_by_item_id
1	download_file_with_http_info
1	download_files
1	download_from_drive
1	download_item
1	download_link
1	download_live_page
1	download_marked_items
1	download_models
1	download_pdf
1	download_prepared_dump
1	download_qrcode
1	download_resources
1	download_results
1	download_server_locale_file
1	download_to_file
1	download_translated
1	download_watermark
1	download_without_s3
1	download_zip_original_srt
1	downloads
1	downloads_exist?
1	downshift
1	downstream_pipelines
1	downstream_steps
1	downstream_tracefile
1	doze?
1	dp
1	dpa
1	draft_html
1	draft_password
1	draft_password=
1	draft_path
1	draft_path=
1	draft_releases
1	draft_user
1	draft_user=
1	drafts
1	drag_dest_set
1	drag_source_set
1	drag_source_set_icon_name
1	drain
1	drawInRect
1	drawSolidUTF8
1	draw_arc
1	draw_back
1	draw_board
1	draw_borders
1	draw_color=
1	draw_diagram
1	draw_element
1	draw_front
1	draw_identifier
1	draw_image
1	draw_inheritance
1	draw_klass
1	draw_layout
1	draw_lines
1	draw_markup
1	draw_obj_line_edge
1	draw_obj_path_local
1	draw_one
1	draw_paths
1	draw_polygon
1	draw_puppet
1	draw_rel
1	draw_triangle
1	draw_xml
1	drawn?
1	driver_console_messages_map=
1	driver_for_url
1	driver_get
1	driver_name
1	driver_quit
1	driver_version=
1	drives
1	drm_protected
1	drop_by_dbname
1	drop_empty_elements?
1	drop_environment_variables
1	drop_otel_span
1	drop_private
1	drop_regex
1	drop_table?
1	drop_undescribed_elements?
1	drop_view
1	dropazone
1	dropped_total
1	dry_run!
1	dry_run_log
1	dry_type
1	dry_units
1	dry_validation
1	dryrun
1	dryrun?
1	ds_status
1	ds_status=
1	dsl!
1	dsn
1	dsrp
1	dsrp=
1	dsrp_data
1	dsrp_data=
1	dsrp_data_type
1	dsrp_data_type=
1	dsrp_options
1	dsrp_options=
1	dst_addr=
1	dst_ip
1	dst_port=
1	dt=
1	dts
1	dtype
1	dtype_to_c
1	dual_sub
1	dual_tr
1	duck_subtype_rel?
1	due=
1	due?
1	dueDate
1	due_date_offset
1	duedate
1	dummy_empty_namespace
1	dump_2d
1	dump_3d
1	dump_all
1	dump_badging
1	dump_cols
1	dump_command
1	dump_config
1	dump_data
1	dump_data_command
1	dump_data_fields
1	dump_data_fields_key_value
1	dump_descendants_of
1	dump_dir
1	dump_enabled=
1	dump_hand
1	dump_help
1	dump_rank_into
1	dump_s
1	dump_schema_command
1	dump_schema_migration
1	dump_search_data
1	dump_stream
1	dump_submission_response
1	dump_suppressions
1	dump_table_data_command
1	dump_to
1	dump_to_file
1	dump_tree
1	dump_unique_id_hex
1	dump_yaml
1	dumper=
1	dup_and_force_binary
1	dup_original_b4_parse_rule?
1	duplicate_count
1	duplicate_key_exception
1	duplicate_traces
1	duplicated?
1	duplicates
1	duplication
1	duplication_multiplier
1	durable
1	duration_class
1	duration_days
1	duration_for
1	duration_human
1	duration_ms
1	dutchie_flag_call?
1	duty_cycle=
1	dvd
1	dwarf
1	dying_mention_to
1	dynamic?
1	dynamic_assets_available
1	dynamic_assets_available=
1	dynamic_inclusion?
1	dynamic_keys
1	dynamic_menus
1	dynamic_methods=
1	dynamic_superclass?
1	dynamical_time
1	dynamodb
1	dynamodb_client
1	dynashard_klass
1	dynashard_pool_alias
1	dyno
1	e164
1	eFoundIt
1	e_c_post
1	e_ident
1	e_info
1	e_shnum
1	e_shstrndx
1	each!
1	eachToken
1	each_BCDS
1	each_all_words
1	each_branch
1	each_by_key
1	each_caller_location
1	each_character_tripple
1	each_chunk
1	each_classmodule
1	each_comby
1	each_comment
1	each_constant
1	each_delta
1	each_descendant_element
1	each_element_with_attribute
1	each_element_with_text
1	each_episode_file
1	each_exact_cover_recursive
1	each_except
1	each_field
1	each_folder
1	each_found_treasure
1	each_gonna
1	each_gphys_file
1	each_grapheme
1	each_grapheme_cluster
1	each_handler
1	each_hash
1	each_in_file
1	each_int
1	each_item
1	each_log
1	each_logical_path
1	each_many
1	each_member
1	each_meta
1	each_method
1	each_named
1	each_offense
1	each_one
1	each_option
1	each_over_axis
1	each_pages
1	each_patch
1	each_payload
1	each_product
1	each_production
1	each_rate
1	each_record_batch
1	each_resource
1	each_section
1	each_series_episode_file_status
1	each_sexp
1	each_signature
1	each_site_file
1	each_source
1	each_stage
1	each_state
1	each_subsection
1	each_successor
1	each_token
1	each_top_level_statement
1	each_triple
1	each_types_explainer
1	each_utf8_char
1	each_utf8_char_with_index
1	each_varbind
1	each_variable_and_coefficient
1	each_vertex
1	each_will
1	each_with_filter
1	each_with_json_path
1	each_with_position
1	each_with_previous
1	each_with_recur
1	each_wth_index
1	eager_indent
1	eager_load_app_folders
1	earlierDate
1	early_data
1	early_data=
1	earn_amount
1	earned_at
1	earth_orbit_eccentricity
1	earth_radius_km
1	ease
1	ease_in_out_expo
1	east_asian_width
1	east_longitude?
1	easter_sunday
1	easy_crypt
1	easy_escape
1	easyload_from
1	easyload_path_component_for_sym
1	eat_exceptions
1	ec2_describe_instances
1	ec2_describe_volumes
1	ec2_instances
1	ec2_role
1	ec_blocks
1	ec_supported?
1	ecdsa_sign
1	ecdsa_signature
1	ecdsa_verify
1	echeck=
1	echeckCreditAmount=
1	echeckSalesAmount=
1	echeckToken=
1	echeckVerificationAmount=
1	echeck_credit
1	echeck_redeposit
1	echeck_sale
1	echeck_verification
1	echeck_void
1	echoService
1	echo_a
1	echo_mode
1	echo_off?
1	eclasses_teaching
1	ecliptic_latitude_of_earth_using_vsop87
1	ecliptic_longitude_of_earth_using_vsop87
1	ecode
1	ecosystem
1	ecosystem_groups
1	ecs_log_rails
1	ed25519
1	ed=
1	edgeLen
1	edgeLen=
1	edge_default
1	edges=
1	edit_alias_command
1	edit_alias_command_with_group
1	edit_alias_name
1	edit_alias_name_with_group
1	edit_commit_msg
1	edit_constraint?
1	edit_details
1	edit_hook
1	edit_inapp
1	edit_listings
1	edit_local
1	edit_marc_json
1	edit_message_text
1	edit_my_info
1	edit_project
1	edit_resource_path
1	edit_view
1	edited_channel_post
1	edited_message
1	editing_mode
1	editing_mode=
1	editions
1	editor_from_symbol
1	editor_model_name=
1	edtf!
1	education
1	education=
1	effect
1	effective
1	effectiveCpu
1	effectiveMemory
1	effective_contract_address
1	effective_date=
1	effective_namespace
1	effects
1	effort
1	effort_resource
1	egg_csa_invoice
1	eggshell_en_main=
1	eggshell_error=
1	eggshell_first_final=
1	eggshell_start
1	eggshell_start=
1	egrep
1	egress_ip_permissions
1	eh=
1	eigen
1	eigen_class
1	eigenbeitrag
1	eigensystem
1	eight_result
1	eighth_note
1	einzelpreis
1	eip
1	either
1	eject_virtual_media
1	el4r_lisp_eval
1	elapsed_ms
1	elapsed_seconds=
1	elapsed_time=
1	elapsed_time_humanized
1	elastic_field_name
1	elastic_ips
1	elastic_load_balancer_name
1	elastic_load_balancers
1	elasticity_params
1	elasticsearch
1	elasticsearch_version
1	elb
1	electronic_
1	elem?
1	element_class
1	element_definitions
1	element_delim
1	element_division
1	element_exists?
1	element_factory_class
1	element_ids
1	element_klass
1	element_repository
1	element_source
1	element_type=
1	elementary_flag_names
1	elements=
1	elements_source
1	elements_to_array_objects
1	elements_type
1	elements_type=
1	elephant?
1	elevation_difference
1	elevation_gain
1	elevator_pitch_generator
1	elf
1	elf_file?
1	elicit_intent
1	elicit_slot
1	elif
1	eliminate!
1	eliminate_methods!
1	elise
1	ellipsable_tags
1	ellipse2_at
1	ellipsis
1	ellipsisize
1	elm
1	elm=
1	elm_annotations=
1	elname
1	els
1	els_options
1	else_body
1	elseif
1	elsif_conditional?
1	email_class
1	email_class=
1	email_class_name
1	email_content_format
1	email_enabled
1	email_exists_in_server?
1	email_from
1	email_from_address
1	email_from_address=
1	email_ids=
1	email_missing_files
1	email_name=
1	email_to
1	email_to=
1	email_to_addr
1	email_token
1	email_username
1	emailbx
1	emails=
1	embed_assemblies
1	embed_chunks
1	embed_query
1	embed_resource
1	embed_stdlibs
1	embed_url
1	embedded_in
1	embedding_caller
1	embedding_function
1	embeds
1	embeds_one
1	ember_host
1	emin
1	emirate
1	emissions_for
1	emit_arg_inside_procarg0=
1	emit_args
1	emit_bounded_interval
1	emit_class
1	emit_comment
1	emit_daily
1	emit_event
1	emit_events
1	emit_file_line_as_literals=
1	emit_forward_arg=
1	emit_interval
1	emit_item
1	emit_kwargs=
1	emit_log
1	emit_match_pattern=
1	emit_ordinal_weekday
1	emit_point
1	emit_rb
1	emit_rbc
1	emit_weekday_weekend
1	emit_yaml
1	emits
1	emode?
1	emojis
1	empiable_bool?
1	empiable_string?
1	employees
1	empty!
1	empty_all
1	empty_binding
1	empty_body_status
1	empty_books_array
1	empty_bucket
1	empty_check?
1	empty_data
1	empty_element?
1	empty_inbox
1	empty_indices
1	empty_path_info?
1	empty_set
1	empty_to_nil
1	emulator_for
1	emulators
1	en_passent
1	enableEcho
1	enable_actionview
1	enable_all
1	enable_archive
1	enable_assert_syntax!
1	enable_authentication
1	enable_background_jobs
1	enable_backup
1	enable_bulk_invitations
1	enable_caching
1	enable_caching!
1	enable_clusters
1	enable_cron_monitors
1	enable_env_in_title
1	enable_final_checks_on_hooks
1	enable_for_cached_classes!
1	enable_grant
1	enable_groups_from_env!
1	enable_health_monitor
1	enable_helpers
1	enable_invalid_foreign_key_detection
1	enable_local_key_management
1	enable_locking
1	enable_logical_deletes=
1	enable_logs
1	enable_middleware
1	enable_mock
1	enable_mock!
1	enable_msys_apps
1	enable_named_scope
1	enable_net_connect!
1	enable_notifications!
1	enable_objectspace
1	enable_reloading?
1	enable_rfc
1	enable_search=
1	enable_snapshots
1	enable_spec_syntax!
1	enable_ssl
1	enable_tls_encryption
1	enable_tracing!
1	enable_undocumented_retrofication
1	enable_vertical_whitespace
1	enable_warnings
1	enable_warnings=
1	enabled_checks
1	enabled_environments
1	enabled_lints
1	enabled_providers
1	enabled_strategies
1	enc
1	enc_a_oid
1	enc_int
1	enc_item_key=
1	enc_len
1	enc_v_oid
1	encode32
1	encode64s
1	encodePath
1	encode_and_sign
1	encode_base58
1	encode_bin
1	encode_chr
1	encode_five
1	encode_from_single_bytes
1	encode_group_commitment
1	encode_headers
1	encode_hostname
1	encode_int32le
1	encode_int64le
1	encode_line_string
1	encode_map
1	encode_merchant_para
1	encode_notation
1	encode_or_raise
1	encode_point
1	encode_polygon
1	encode_query_string_parameters
1	encode_source
1	encode_special_chars
1	encode_string
1	encode_sub_delta
1	encode_to_lower
1	encode_to_number
1	encode_to_upper
1	encode_to_zchars
1	encode_uint16le
1	encode_uint32be
1	encode_uint32le
1	encode_uint8
1	encode_unsafe_chars_in_userinfo
1	encode_utf8
1	encode_varint
1	encode_websocket_events
1	encode_world_delta
1	encoded_type
1	encoding_aware?
1	encoding_ind_split
1	encoding_options
1	encodings
1	encounter
1	encounter_id
1	encrypt?
1	encrypt_and_encode
1	encrypt_block
1	encrypt_boolean
1	encrypt_data_bag_item
1	encrypt_date
1	encrypt_ex
1	encrypt_file
1	encrypt_file_in_place
1	encrypt_files
1	encrypt_final
1	encrypt_i64
1	encrypt_init
1	encrypt_security_cred
1	encrypt_text
1	encrypt_text_length_query
1	encrypt_update
1	encrypt_with_rsa
1	encryptedKeyValue
1	encryptedKeyValue=
1	encryptedVerifierHashInput=
1	encryptedVerifierHashValue=
1	encrypted_file_for
1	encrypted_password=
1	encrypted_payment_data
1	encrypted_payment_data=
1	encryption_cost=
1	encryption_handler_class
1	encryption_iv
1	encryption_key
1	encryption_key_url
1	encryption_mode
1	encryptor
1	encryptr
1	end!
1	end=
1	endDate
1	endFixedPriceItem
1	endItem
1	endItems
1	endPioint
1	endRow=
1	end_array
1	end_at
1	end_bits
1	end_char
1	end_character_offset
1	end_class_compute_state
1	end_code_block
1	end_cursor
1	end_date
1	end_dialog
1	end_draw
1	end_element?
1	end_exp
1	end_file
1	end_frame
1	end_in_new
1	end_in_old
1	end_index
1	end_index=
1	end_keyword_loc
1	end_layer
1	end_legato!
1	end_live_activity
1	end_live_activity_stream
1	end_loop
1	end_loop=
1	end_node
1	end_now
1	end_object
1	end_of_workday=
1	end_raw
1	end_raw=
1	end_raw_input
1	end_record_time
1	end_recording
1	end_rows
1	end_run_hooks
1	end_sequence_at
1	end_session_endpoint
1	end_session_endpoint=
1	end_slot
1	end_state?
1	end_tag
1	end_type
1	end_with
1	ended?
1	ended_at
1	endgrent
1	endian
1	endian_ability
1	endian_ability=
1	endianness=
1	ending
1	ending_commit
1	ending_octave
1	ending_tag?
1	endless?
1	endorsement
1	endorser
1	endpoint_config
1	endpoint_match
1	endpoint_name_for
1	endpoint_path
1	endpoint_url=
1	ends_on
1	ends_with
1	ends_with_double_vowel_and_f?
1	ends_with_vowel_and_y_or_o?
1	enemies
1	enemy_of?
1	energy
1	energyMean
1	enf
1	enforce!
1	enforce_array_options=
1	enforce_attribute_access=
1	enforce_primitive!
1	enforce_privacy
1	enforce_typing
1	enforce_typing=
1	enforce_unwrapped_prefix=
1	enforce_version_subcommand_if_requested
1	enforces_privacy?
1	engClose
1	engOpen
1	engine?
1	engineKeys
1	engine_key
1	engine_name
1	engine_path=
1	engines=
1	english
1	english_county_select
1	english_number
1	enhance!
1	enhance_all_deferrables!
1	enhance_backtrace
1	enhanced?
1	enhancedData=
1	enhanced_select
1	enqueue!
1	enqueue_for_delivery
1	enqueue_outgoing_jobs
1	enqueue_with
1	enqueued_at
1	enqueued_at=
1	enqueued_jobs
1	enqueued_jobs=
1	enquire
1	enquired?
1	enrich_jekyll_pages
1	enrollIdentity
1	enrollIdentityAsync
1	ensure!
1	ensureAccepted!
1	ensure_array!
1	ensure_binary_encoding
1	ensure_callable!
1	ensure_class
1	ensure_connected
1	ensure_current_dotman_file_exists
1	ensure_cursor_visible
1	ensure_default
1	ensure_default_folder_exists
1	ensure_dependencies!
1	ensure_diggable?
1	ensure_dir
1	ensure_dotman_folder_exists
1	ensure_encrypted_file_exists
1	ensure_enum
1	ensure_folder_chain
1	ensure_fully_loaded
1	ensure_h1!
1	ensure_https
1	ensure_in_gitignore
1	ensure_index
1	ensure_java_bytes
1	ensure_key_exists
1	ensure_languages!
1	ensure_loaded!
1	ensure_master_key_git_ignored
1	ensure_migrations_table
1	ensure_mmd_meta_newline
1	ensure_msisdn_countrycode_prefix
1	ensure_object_record
1	ensure_path
1	ensure_pipes
1	ensure_pool
1	ensure_slash
1	ensure_success
1	ensure_successful_responses
1	ensure_symbol
1	ensure_timing_set
1	ensure_trailing_slash
1	ensure_type!
1	ensure_type?
1	ensure_uefi_boot
1	ensure_uri_scheme_in_info_plist
1	ensure_valid_encoding
1	ensure_valid_file
1	ensure_window_ready
1	ensure_worktree_exists
1	ent?
1	enter_subtree
1	enterprise
1	enterprise?
1	enterprise_api_key!
1	enterprise_flag_call?
1	enterprise_project_id!
1	entitlement_groups
1	entityMap
1	entityMap=
1	entity_add
1	entity_audience_provider_list
1	entity_audience_segment_list
1	entity_buyer_list
1	entity_buyer_resolve_name
1	entity_category_domain_add
1	entity_category_domain_edit
1	entity_category_domain_list
1	entity_category_domain_performance_list
1	entity_category_domain_quick_list
1	entity_contact_add
1	entity_contact_delete
1	entity_contact_edit
1	entity_contact_list
1	entity_data
1	entity_delete
1	entity_domain_audience_list
1	entity_domain_control_add
1	entity_domain_control_delete
1	entity_domain_control_list
1	entity_domain_frequency_list
1	entity_domain_geo_distinct_vertical_list
1	entity_domain_geo_extended_list
1	entity_domain_geo_extended_split_list
1	entity_domain_geo_extended_split_sum_per_domain_list
1	entity_domain_geo_list
1	entity_domain_list_add
1	entity_domain_list_check_rule_access
1	entity_domain_list_clear_list
1	entity_domain_list_delete
1	entity_domain_list_domain_add
1	entity_domain_list_domain_delete
1	entity_domain_list_domain_list
1	entity_domain_list_duplicate_list
1	entity_domain_list_edit
1	entity_domain_list_list
1	entity_domain_list_resolve_name
1	entity_edit
1	entity_exchange_list
1	entity_expansion_limit
1	entity_external_id=
1	entity_integration_get
1	entity_key
1	entity_ldb_list
1	entity_list
1	entity_list_bychar
1	entity_marketplace_list
1	entity_marketplace_parameter_list
1	entity_mentions
1	entity_name=
1	entity_network_type_list
1	entity_network_type_parameter_list
1	entity_quick_list
1	entity_reference_name
1	entity_resolve_name
1	entity_tracker_add
1	entity_tracker_delete
1	entity_tracker_edit
1	entity_tracker_list
1	entity_user_list
1	entity_vertical_add
1	entity_vertical_available
1	entity_vertical_check_rule_access
1	entity_vertical_delete
1	entity_vertical_list
1	entity_vertical_publisher_list
1	entity_vertical_resolve_name
1	entries=
1	entries_hash
1	entries_hash=
1	entries_list
1	entries_list=
1	entries_order
1	entrySet
1	entry_collections
1	entry_detail_addenda
1	entry_filter
1	entry_formatter
1	entry_id
1	entry_manifest
1	entry_name=
1	entry_requirements
1	entry_text
1	entrypoint
1	enumValues
1	enum_class
1	enum_symbol!
1	enum_to_decimal
1	enum_to_int
1	enumerable
1	enumerable_method?
1	enumerated_indexes
1	enumerated_indexes=
1	enumerations=
1	enumerator
1	enumerator_block
1	enumerator_method?
1	enums_block?
1	enums_hash=
1	env?
1	env_attr
1	env_check
1	env_config
1	env_default_directory
1	env_ip_tag
1	env_key_check
1	env_name
1	env_namespace=
1	env_not_exist?
1	env_params=
1	env_prefix
1	env_separator
1	env_with
1	env_yield
1	envar_api_key_names
1	envelop
1	envelope_id
1	envelope_sender
1	envelopes
1	enviroments
1	environment_config_path
1	environment_id
1	environment_module
1	environment_variables
1	environment_variables=
1	environments=
1	environments_config_directory
1	environtment
1	envs
1	enwrap
1	eod?
1	eod_bulk_last_day
1	eod_data
1	eof=
1	eol
1	eol=
1	ep=
1	ep_kill
1	ep_kill=
1	eparcel
1	epilogue
1	episode
1	episode_from_url
1	episode_ids
1	episode_ids=
1	episode_of_care
1	episode_of_care=
1	epjson
1	epoc
1	epoch
1	epoch=
1	epoch_name
1	epoch_time
1	epochs
1	epoll=
1	epoll?
1	eps=
1	epsilon
1	epubcheck
1	eqb
1	equal_labels?
1	equal_loc
1	equality_xp
1	equalize
1	equalize_type
1	equals_asgn?
1	equals_before_rangeary
1	equatorial_horizontal_parallax
1	equip
1	equip_dio
1	equity
1	era
1	erange_type?
1	erase!
1	erase_last_instruction
1	erase_sections
1	erb?
1	erb_filename
1	erb_implementation
1	erb_implementation=
1	erb_markup!
1	erb_run
1	erb_template_exists?
1	erd
1	eref_localities
1	eregister
1	erode
1	err?
1	err_handler
1	err_stream
1	err_trace
1	errbacks
1	errbar
1	erreq
1	errmsg
1	errorCode
1	error_char
1	error_class
1	error_class_from_response
1	error_class_status_codes=
1	error_code=
1	error_code?
1	error_codes
1	error_color
1	error_commit_has_dev_tag
1	error_condition
1	error_constructor
1	error_description
1	error_enabled
1	error_for
1	error_for_status
1	error_format
1	error_from_response
1	error_guidance
1	error_handlers
1	error_id
1	error_id=
1	error_in_running
1	error_incorrect_environ
1	error_invalid_url
1	error_kind
1	error_kind_to_code
1	error_layout=
1	error_log
1	error_mappings
1	error_message=
1	error_message_for
1	error_no_rule
1	error_no_template
1	error_not_valid
1	error_notification
1	error_number
1	error_occurred
1	error_on_ignored_order
1	error_pool
1	error_rate
1	error_reports
1	error_reports=
1	error_response=
1	error_selector
1	error_serializer_inferrer
1	error_short_trace
1	error_signal=
1	error_statement
1	error_status?
1	error_steps
1	error_strings
1	error_summary
1	error_symbol
1	error_tree
1	error_url
1	error_url_format
1	errored
1	errored_count
1	errors_by_path
1	errors_class
1	errors_controller
1	errors_list
1	errors_list=
1	errors_mailer
1	errors_outside_of_examples_count
1	errpr
1	errstream
1	erubi_render_with_template_file
1	es_query
1	es_type
1	es_type_field
1	escape!
1	escapeHtml=
1	escape_char
1	escape_copy_value
1	escape_double_quotes
1	escape_formulas=
1	escape_html_attr
1	escape_html_entities_in_json
1	escape_identifier
1	escape_javascript
1	escape_like_pattern
1	escape_name
1	escape_nested_blocks
1	escape_quotes
1	escape_single_quote
1	escape_xml
1	escape_zsh
1	escapte
1	esi_enabled
1	eslevel=
1	establish
1	establish_connection_without_isolation_level_adapter_patches
1	establish_root_connection
1	establishment
1	estado=
1	estimate?
1	estimated_size=
1	etc_dir
1	etest=
1	eth_blockNumber
1	eth_block_number
1	eth_call
1	eth_estimate_gas
1	eth_gas_price
1	eth_get_balance
1	eth_get_transaction_by_hash
1	eth_get_transaction_count
1	eth_get_transaction_receipt
1	eth_sendTransaction
1	eth_send_raw_transaction
1	ethereum_address
1	ethereum_url=
1	ethscriptions
1	etld_data
1	etransfer
1	eu_aggregate
1	eucjp_to_utf8
1	euclid
1	euclidean
1	euclidean_distance_rgba
1	europe_aggregate
1	ev_asterisk
1	ev_empty
1	ev_env_begin
1	ev_env_end
1	ev_equation_begin
1	ev_equation_end
1	ev_heading
1	ev_ignore
1	ev_normal
1	ev_offset
1	eval?
1	evalCheck
1	eval_R
1	eval_alphabet
1	eval_board
1	eval_class
1	eval_condition
1	eval_context
1	eval_context=
1	eval_expression_native
1	eval_file
1	eval_on_selector_all
1	eval_parameter
1	eval_project
1	eval_rule
1	eval_source=
1	eval_string=
1	evaluateCloudFormation
1	evaluate_batch
1	evaluate_boolean
1	evaluate_import_config
1	evaluate_main
1	evaluate_native
1	evaluate_object
1	evaluate_variant
1	evaluation
1	evaluator
1	evaluator_class
1	evalue=
1	evalute
1	evaporate
1	even
1	even_elements
1	even_page
1	evens?
1	event=
1	event?
1	eventLinks
1	event_actions
1	event_date
1	event_details
1	event_generate
1	event_handlers=
1	event_headline
1	event_hubs
1	event_loader
1	event_marshaller=
1	event_patterns
1	event_registration_class_name
1	event_repository=
1	event_router
1	event_selected
1	event_source_mappings
1	event_state
1	event_store
1	event_string_for
1	evented_loop
1	events__
1	events_enabled
1	events_param_name
1	events_with_proof
1	eventsource
1	every?
1	everything
1	everything=
1	evict_cache_from_params
1	evict_cache_param_name
1	evolution
1	evolution_method
1	evolve
1	evt
1	evt_close
1	evt_list_item_activated
1	evt_menu_highlight
1	evt_timer
1	ex1_1
1	ex1_2
1	ex1_3
1	exact?
1	exacto
1	exam_id
1	exam_id=
1	exampleOfWork
1	example_definition?
1	example_file_set?
1	example_group_file_path_for
1	example_group_started
1	example_groups
1	example_passed
1	example_path
1	example_pending
1	example_time_in_seconds
1	examples_adapter
1	examples_for
1	examples_tables
1	exc_file_write
1	exc_make_directory
1	exccmd
1	except?
1	except_attributes
1	except_models
1	exception_action
1	exception_class
1	exception_class_name
1	exception_classname_from_hash
1	exception_codes
1	exception_dates
1	exception_for
1	exception_handlers
1	exception_if_not_executable
1	exception_level
1	exception_level=
1	exception_message_from_hash
1	exception_notifiable_notification_level=
1	exception_notifiable_silent_exceptions=
1	exception_notifiable_verbose=
1	exception_reporter
1	exceptions_app
1	exceptions_files
1	excerpt=
1	exchange=
1	exchange_apdu
1	exchange_exists?
1	exchange_name
1	exchange_properties
1	exchange_rate
1	exchange_rate_hash
1	exchange_symbol_list
1	exchange_table_hash
1	exchange_to
1	exchanges_list
1	exclude=
1	exclude_domains
1	exclude_method
1	exclude_packs
1	exclude_paths
1	exclude_sql
1	exclude_tags
1	exclude_uuid
1	exclude_words_file
1	excluded
1	excluded?
1	excluded_cookbooks
1	excluded_deployments
1	excluded_files
1	excluded_folders
1	excluded_keys=
1	excluded_methods
1	excluded_models=
1	excluded_modules
1	excluded_paths
1	excluded_pool
1	excluded_roles=
1	excluded_slugs
1	excluded_states
1	excluded_users=
1	excluding
1	exclusion_pattern
1	exclusive_options
1	excp
1	execAction
1	exec_command
1	exec_insert_all
1	exec_path
1	exec_php
1	exec_pipe
1	exec_query_without_retry
1	exec_retry
1	exec_root
1	exec_runlist
1	exec_script_bookshop!
1	exec_within_threshold
1	executable=
1	executable_filepath
1	executable_log_path
1	executable_options
1	executable_path
1	executeCommand
1	execute_actions
1	execute_agent
1	execute_as_string
1	execute_before_page_hook
1	execute_callbacks
1	execute_delete
1	execute_driver
1	execute_in_batches
1	execute_in_env?
1	execute_multi
1	execute_on_every_message
1	execute_on_load
1	execute_on_mention
1	execute_pending_request!
1	execute_powershell
1	execute_script_in_chrome_context
1	execute_serially?
1	execute_ssh_command
1	execute_statement
1	execute_with
1	execute_with_error_handling
1	execute_without_notify
1	execute_without_retry
1	executed
1	executed_operations
1	executes?
1	execution_host=
1	execution_scope
1	execution_stack
1	execution_time
1	execution_time_seconds
1	execution_unit
1	executions
1	executions_count
1	executor
1	exedir
1	exhausted?
1	exhibit_if_applicable
1	exist
1	exist_file?
1	exist_path?
1	exist_uncommitted_modify?
1	existenceDates_
1	existing_visit_token
1	existsPath?
1	exists_tagged_version
1	existscollection?
1	exit_code=
1	exit_game
1	exit_only
1	exit_program
1	exit_requirements
1	exit_status=
1	exit_status_from_exception
1	exit_strategy
1	exit_with
1	exit_with_error
1	exit_with_message
1	exoneration_code=
1	exp_moving_average
1	expand!
1	expand_addr
1	expand_consonant
1	expand_debug
1	expand_dims
1	expand_env
1	expand_expr
1	expand_formatting
1	expand_macros!
1	expand_nested_objects
1	expand_references
1	expand_row
1	expand_shape
1	expand_shorthand
1	expand_to_path
1	expand_to_source
1	expand_var
1	expandable_default_files
1	expanded
1	expanded_const
1	expanded_file
1	expanded_text
1	expansion
1	expansion_type
1	expdate
1	expeact
1	expect_doctype
1	expect_msg
1	expect_with
1	expectation_frameworks
1	expected?
1	expected_array
1	expected_boolean
1	expected_composite
1	expected_element
1	expected_filename
1	expected_hash
1	expected_proc
1	expected_response
1	expected_string
1	expected_string_symbol
1	expecteds
1	expense_categories
1	experience
1	experience=
1	experiments
1	expiration=
1	expiration_timestamp
1	expire_cache_from_params
1	expire_cache_param_name
1	expire_cached_namespace
1	expire_token
1	expire_tokens_for
1	expireat
1	expired=
1	expired_in_12h?
1	expired_in_1d?
1	expired_plan_key
1	expires=
1	expires?
1	expires_at?
1	expires_in_seconds
1	expires_on
1	expires_within?
1	expiring?
1	expiry
1	explain_output
1	explain_result
1	explanation
1	explicit_association?
1	explicitly_unloadable_constants
1	explode
1	explore!
1	explosions
1	exponent
1	exponent_for
1	export!
1	export?
1	exportLinks
1	export_as_file
1	export_as_rake_tasks
1	export_as_string
1	export_cmd_helper
1	export_data_to_file
1	export_fields
1	export_file
1	export_footnotes?
1	export_heading_number?
1	export_html
1	export_image
1	export_lcd
1	export_path
1	export_pixels_to_str
1	export_scope
1	export_stack
1	export_tables?
1	export_to_file
1	export_todo?
1	export_vars
1	export_write
1	exported
1	exporters
1	exposant_base?
1	exposant_type
1	expose_method
1	expose_methods_to_context
1	expose_node
1	expose_values_as_environment_variables
1	exposed_class
1	expositions
1	exposures
1	expr_list
1	express
1	express!
1	express_checkout_indicator
1	express_checkout_indicator=
1	expression_at
1	exprs
1	exps
1	exspec_eval
1	ext_disassemble
1	ext_identify
1	extendDataSource
1	extendSiteHostedPictures
1	extend_action_controller!
1	extend_active_storage!
1	extend_agent
1	extend_cache_on_failure=
1	extend_classes
1	extend_enumerize?
1	extend_env_prefix
1	extend_hash
1	extend_load_paths
1	extend_orms
1	extend_predicate_method_and_define_bang_method
1	extend_predicate_methods_and_define_bang_methods
1	extend_rails
1	extend_shrine!
1	extend_t_sig?
1	extend_t_sig_or_helpers?
1	extend_with_vendored_gems
1	extend_without_respect
1	extend_world
1	extended=
1	extendedData
1	extendedData=
1	extended_template
1	extending
1	extension=
1	extension_label
1	extension_name_lower
1	extension_number
1	extension_target_type?
1	extension_with_delimiter
1	extensiond
1	extenso_completo
1	extensobr_settings
1	external?
1	externalSymbols
1	external_attr
1	external_callbacks_count
1	external_conditionals_count
1	external_library_call?
1	external_links
1	external_parameters
1	external_services
1	external_source
1	external_source=
1	external_tags
1	external_targets_count
1	external_urls
1	externalize
1	externs
1	extjs
1	extra!
1	extra=
1	extra_args=
1	extra_chain_cert=
1	extra_code
1	extra_data
1	extra_entries_found
1	extra_fingerprinted_files
1	extra_includes=
1	extra_nice_length_amk
1	extra_params=
1	extra_rdoc_files
1	extra_rdoc_files=
1	extra_sources
1	extra_templates_by_source
1	extractAllFiles
1	extractSetTerms
1	extract_acknowledgments
1	extract_api_list
1	extract_archive
1	extract_asin
1	extract_assignment_target
1	extract_ast
1	extract_attributes
1	extract_author
1	extract_authorization
1	extract_band
1	extract_body
1	extract_capture
1	extract_cataloging_convention
1	extract_categories_from
1	extract_client_ip
1	extract_client_stats
1	extract_collection
1	extract_command
1	extract_country
1	extract_creator
1	extract_currency
1	extract_data
1	extract_date
1	extract_date_range
1	extract_diagram
1	extract_dir=
1	extract_doc
1	extract_domain
1	extract_entity_class_name_from_object
1	extract_entries
1	extract_episode_id
1	extract_feature_words
1	extract_filename
1	extract_files
1	extract_filter
1	extract_flamegraph_link
1	extract_geometry_options
1	extract_host_from_http_host
1	extract_info
1	extract_initial_exam_data
1	extract_invalid_option
1	extract_json
1	extract_keywords
1	extract_leading_set!
1	extract_length
1	extract_markdown
1	extract_method_lines
1	extract_modules
1	extract_molist_from_method_response
1	extract_notes
1	extract_num!
1	extract_numerals_separated_by_four_digit
1	extract_options_from_args!
1	extract_package_constants
1	extract_param
1	extract_parsable_file
1	extract_partial_name
1	extract_physical_description
1	extract_pkcs_12
1	extract_placeholders
1	extract_prices_from_text
1	extract_producer
1	extract_production_date_as_recorded
1	extract_project_info
1	extract_public_suffix
1	extract_rate
1	extract_raw_from
1	extract_recipients
1	extract_request_arguments
1	extract_ruby
1	extract_rust
1	extract_scale_options
1	extract_single
1	extract_soname_and_dependency_libs
1	extract_subdomain
1	extract_subject
1	extract_suite_entries
1	extract_tar_gz
1	extract_template_if_present
1	extract_text_or_html
1	extract_title
1	extract_to
1	extract_trailing_int!
1	extract_unit
1	extract_val
1	extract_values
1	extract_with_sym
1	extract_yaml
1	extract_zip_files
1	extracted_by
1	extracted_comment
1	extractions
1	extractor_for
1	extractor_from
1	extractors
1	extranjeras
1	extras
1	exwinstyle
1	ezml_internal_concat_raw
1	ezml_object_ref
1	fDistTest
1	f_cf
1	f_with_archived
1	fa
1	fa_separator
1	fabricate
1	fac
1	face
1	facebook?
1	facebook_app_id
1	facebook_callback
1	facebook_dialog
1	facebook_likes_count
1	facebook_secret
1	faces
1	facet_manager
1	facets_by_group_ids
1	facilityLocation=
1	facing
1	facio_perform_without_arguments
1	fact_extraction
1	fact_sources
1	facterdb_string_keys
1	factory_block
1	factory_call
1	factory_calls_in_array?
1	factory_class
1	factory_configurations
1	factory_files
1	factory_reset!
1	factoryallseitig
1	facts=
1	fade
1	fade_to_rgb
1	fail=
1	fail_all_with
1	fail_context
1	fail_image
1	fail_increment
1	fail_increment=
1	fail_lint
1	fail_on_branch
1	fail_on_invalid_construct
1	fail_target
1	fail_usage
1	fail_when_missing
1	fail_when_missing=
1	failed_at
1	failed_operation
1	failed_proxy_connect?
1	failed_put_count
1	failed_rebases
1	failed_record_count
1	failed_steps
1	failed_with
1	failing_example
1	failoverALL
1	failoverVM
1	failsafe
1	failure_codes
1	failure_count=
1	failure_for
1	failure_limit
1	failure_message_for
1	failure_message_for_should
1	failure_messages
1	failure_path=
1	failure_rate
1	failure_schema
1	failure_text
1	failure_type
1	failure_type_for
1	fake!
1	fake=
1	fake?
1	fake_delay_seconds=
1	fake_formula
1	fake_responses=
1	fake_user_json
1	fakers
1	fallback_appearance
1	fallback_data
1	fallback_result
1	false_easting
1	false_northing
1	false_val
1	false_value?
1	false_values
1	falsey?
1	falsey_literal?
1	familia
1	families
1	families_count
1	familyName=
1	family_id
1	fancy_input=
1	fandoms
1	fans
1	fap_cleanup
1	fap_init
1	fap_parse
1	faraday_adapter=
1	faraday_config
1	faraday_connection
1	faraday_response=
1	fare
1	farewell
1	fast
1	fast=
1	fast_build?
1	fast_move
1	fast_xs
1	fastapi_custom_order
1	fastapi_filters
1	faster_payments_end_to_end_id
1	fastest
1	fastest_name
1	fastories=
1	fastrender
1	fat_saturated
1	fat_saturated_pct
1	fat_str
1	fat_total
1	fatal_enabled
1	fattrs
1	fault_code
1	faux_provisioning_filters
1	favorite?
1	favorite_create
1	favorite_stations
1	favorited
1	favorites_list
1	fax
1	fb
1	fblevel
1	fblevel=
1	fbody
1	fcall?
1	fclose
1	fd_available?
1	fdata
1	fe
1	feature2id
1	feature_cache=
1	feature_caching_strategy=
1	feature_class
1	feature_encoding
1	feature_hook
1	feature_importance
1	feature_org
1	feature_paths
1	feature_values
1	featured_article
1	february?
1	fed_tax_id
1	fed_tax_id=
1	fed_workday?
1	federal_tax_id
1	feeTo
1	fee_payment_class_name
1	feed?
1	feed_count=
1	feed_event_enabled?
1	feed_file
1	feed_id=
1	feed_type
1	feed_url=
1	feedback_options
1	feeds_list
1	feels_like=
1	fees
1	feet_to_inch
1	female_first_name
1	feminine_coded_word_counts
1	fence_info
1	fenced?
1	fetchPostParagraphs
1	fetchToken
1	fetch_all
1	fetch_and_cache
1	fetch_and_classify
1	fetch_apikey
1	fetch_app_id
1	fetch_autocomplete
1	fetch_basket
1	fetch_batter
1	fetch_batters_page
1	fetch_bench
1	fetch_bencho
1	fetch_boxscore
1	fetch_bus_stops!
1	fetch_by_club_uri
1	fetch_by_league_uri
1	fetch_by_profile_uri
1	fetch_bytes
1	fetch_cards
1	fetch_category_info
1	fetch_channel
1	fetch_chart_data
1	fetch_child_apps
1	fetch_concept
1	fetch_console_preview
1	fetch_contacts
1	fetch_current_task
1	fetch_current_tasks
1	fetch_custom_types
1	fetch_data
1	fetch_data!
1	fetch_day_highlights
1	fetch_departures!
1	fetch_each
1	fetch_edital_hash
1	fetch_emailsource
1	fetch_epg
1	fetch_eventlog
1	fetch_extensions
1	fetch_external_id
1	fetch_facet
1	fetch_facet_types
1	fetch_facets
1	fetch_file
1	fetch_foreign_keys
1	fetch_from_section
1	fetch_functions
1	fetch_game_events
1	fetch_game_xml
1	fetch_gamecenter_xml
1	fetch_gamedaysyn
1	fetch_games
1	fetch_games_page
1	fetch_geography
1	fetch_geonames
1	fetch_gitignores
1	fetch_google_public_key
1	fetch_historical_staking_balances
1	fetch_holdings
1	fetch_hrid
1	fetch_human_spot
1	fetch_in
1	fetch_indexes
1	fetch_inning_hit
1	fetch_inning_scores
1	fetch_inningx
1	fetch_instance_info
1	fetch_investments
1	fetch_ios_apple
1	fetch_item
1	fetch_linescore
1	fetch_links
1	fetch_loans
1	fetch_locales
1	fetch_location
1	fetch_login_url_from_wiki_root
1	fetch_map
1	fetch_marc_hash
1	fetch_marc_xml
1	fetch_materialized_views
1	fetch_media_highlights
1	fetch_media_mobile
1	fetch_message
1	fetch_miniscoreboard
1	fetch_notifications_full
1	fetch_notifications_inning
1	fetch_onbase_linescore
1	fetch_onbase_plays
1	fetch_or_create_goal
1	fetch_order
1	fetch_origin
1	fetch_path_without_s3
1	fetch_payload_for_version
1	fetch_performance_data
1	fetch_piece
1	fetch_pitcher
1	fetch_pitchers_page
1	fetch_players
1	fetch_plays
1	fetch_posts
1	fetch_product_search
1	fetch_products_by_eans
1	fetch_products_by_ids
1	fetch_project_details
1	fetch_provas_array
1	fetch_raw
1	fetch_report_data
1	fetch_reports
1	fetch_reports_summary_raw
1	fetch_response_from_client
1	fetch_result_for_url
1	fetch_rows
1	fetch_scoreboard
1	fetch_sequences
1	fetch_solved_data
1	fetch_song
1	fetch_spell_correction
1	fetch_staking_rewards
1	fetch_statuses
1	fetch_std
1	fetch_stored_preferences
1	fetch_styles
1	fetch_suggest
1	fetch_symbol_or_string_from_hash
1	fetch_tables
1	fetch_tag
1	fetch_team_roster
1	fetch_temporary_credential!
1	fetch_tenant
1	fetch_tenants
1	fetch_term
1	fetch_term_designation
1	fetch_time
1	fetch_token_credential!
1	fetch_transactions
1	fetch_triggers
1	fetch_type_metadata
1	fetch_user_data_for_self
1	fetch_version
1	fetch_videos
1	fetch_views
1	fetch_with_trace
1	fetch_without_retry
1	fetch_wrong_words
1	fetchable?
1	fetched
1	fetched_at=
1	fetcher=
1	fetchers
1	fezinha
1	ffi_convention
1	ffi_libraries
1	ffmpeg_binary
1	ffmpeg_binary=
1	ffprobe_binary
1	ffprobe_binary=
1	fg=
1	fg_color_codes
1	fhirVersion
1	fhir_client
1	fhir_get_capability_statement
1	fhir_operation
1	fhir_read
1	fib
1	fiber
1	fiber_variable?
1	fiber_variable_get
1	fiber_variable_set
1	fibonacci_logarithm
1	fibonacci_matrix_nth
1	fibres
1	fidelity
1	field_block
1	field_count=
1	field_default
1	field_definition
1	field_definition?
1	field_definition_number
1	field_definition_number=
1	field_definition_with_body?
1	field_delimiter=
1	field_description
1	field_edge_buffer
1	field_edge_buffer=
1	field_error_proc
1	field_format
1	field_helpers
1	field_index
1	field_key_value_check
1	field_kwargs
1	field_name=
1	field_name_type=
1	field_names_list
1	field_options
1	field_order_by_class
1	field_padding=
1	field_preposition
1	field_select
1	field_sep
1	field_separator
1	field_separator=
1	field_type
1	field_type_def
1	field_types
1	field_validators
1	field_with_body_name
1	field_with_body_type
1	field_with_guard_in_body?
1	field_with_pundit?
1	field_with_pundit_with_body?
1	fields_and_nested_forms
1	fields_with
1	figcaption?
1	figcaption_html
1	fight
1	figure=
1	figures=
1	filch_assoc_keys
1	filch_associations
1	filch_attributes
1	filch_attrs
1	filch_html_attrs
1	filch_scopes
1	fileEncoding=
1	fileFormats
1	fileHeader
1	fileName
1	fileTypes
1	fileURLWithPath
1	file__exists
1	file_by_filename
1	file_by_id
1	file_by_title
1	file_class_mapping
1	file_collision
1	file_column_relative_path_prefix
1	file_containing_extension
1	file_containing_symbol
1	file_content
1	file_content_type?
1	file_contents=
1	file_create
1	file_definitions
1	file_deleteline
1	file_descriptor_response=
1	file_diffs=
1	file_exists
1	file_ext
1	file_extension
1	file_extensions
1	file_field
1	file_filter
1	file_for
1	file_handler
1	file_hash
1	file_index
1	file_initialized?
1	file_insert
1	file_model
1	file_model=
1	file_mutate
1	file_names_from_args
1	file_not_found_action
1	file_offset
1	file_open
1	file_paths
1	file_permissions
1	file_publish
1	file_relative_path
1	file_servers
1	file_system_file_types
1	file_system_image
1	file_timestamp
1	file_to_memory_byte_array
1	file_to_obj
1	file_type
1	file_type_name
1	file_types
1	file_upload
1	file_upload_with
1	file_uris
1	file_utils
1	file_version
1	file_watcher=
1	file_with_path?
1	file_writing
1	file_yaml_or_non_extension_file
1	fileformat
1	filelist=
1	filename_and_options_from_arguments
1	filename_attributes
1	filename_frm_lvl
1	filename_is_valid?
1	filename_or_stream
1	filename_quote_characters
1	filename_to_utf8
1	filepath=
1	filepath_to_scope
1	filepaths!
1	files_changed=
1	files_completed
1	files_contents
1	files_from_sources
1	files_glob
1	files_of
1	files_path
1	files_to_copy
1	files_to_copy=
1	files_to_ignore
1	files_to_rename
1	files_to_run
1	filesystem
1	fillRect
1	fill_and_stroke_rounded_rectangle
1	fill_between
1	fill_breakable
1	fill_color=
1	fill_fields_and_nested_forms
1	fill_line_dash
1	fill_line_dash_offset
1	fill_opacity=
1	fill_polygon
1	fill_polygons
1	fill_preserve
1	fill_rectangle
1	fill_stroke
1	fill_style
1	fill_weight
1	filled=
1	filler
1	filname
1	filterString=
1	filter_IPv4
1	filter_IPv4Net
1	filter_IPv6
1	filter_IPv6Net
1	filter_blacklisted
1	filter_by_borough
1	filter_by_city
1	filter_by_keyword
1	filter_by_method
1	filter_by_min_impact
1	filter_by_tag
1	filter_condition_for
1	filter_deprecated_tasks_without_drush_deploy
1	filter_for_class
1	filter_frets
1	filter_generate
1	filter_input
1	filter_links
1	filter_meta_output
1	filter_module_name
1	filter_nodes
1	filter_opts
1	filter_output
1	filter_param
1	filter_parameters=
1	filter_results
1	filter_rows_by_globs
1	filter_source_entries
1	filter_tasks
1	filter_valid_info
1	filter_values
1	filter_with
1	filterable_by
1	filtered
1	filtered_env
1	filtered_examples
1	filtered_files_in_order
1	filtered_label_provider=
1	filtered_path
1	filtered_proc
1	filtering=
1	filters_expression=
1	final?
1	finalCondition
1	final_arc?
1	final_copy!
1	final_decompose
1	final_exponentiate
1	final_properties
1	final_regressor
1	final_report
1	final_state
1	final_url
1	final_velocity
1	finalize_dataflow
1	finalize_deferred
1	finalize_labels
1	finalize_project
1	finalize_secure_transaction
1	finalize_stmt
1	finalizer
1	finally
1	finals
1	findAllDevs
1	findByInstanceUuid
1	findByUuid
1	findItems
1	findOffsets
1	findOpt
1	findRuby
1	findStableBase
1	find__begin
1	find__send
1	find_a_value_at
1	find_action_class
1	find_adjacent_bombs
1	find_adjacent_zeroes
1	find_all_by_ext
1	find_all_by_full_name
1	find_all_by_group
1	find_all_by_link_title
1	find_all_by_name_and_group
1	find_all_by_name_and_user_id
1	find_all_by_omnipotent
1	find_all_by_todo_when
1	find_all_by_type
1	find_all_by_validation_name
1	find_all_contacts
1	find_all_countries_by_in_eu?
1	find_all_first?
1	find_all_for_locale
1	find_alternative_for_user
1	find_alts
1	find_and_call
1	find_and_mask_pan
1	find_and_update
1	find_and_update_model_with
1	find_application
1	find_application_listeners
1	find_application_parameters
1	find_area
1	find_areas_by_city
1	find_associations_with
1	find_attached_object
1	find_attribute_for
1	find_base
1	find_best_next
1	find_bindings
1	find_blob
1	find_books_by_title
1	find_brewery
1	find_browser
1	find_business
1	find_button
1	find_by_address
1	find_by_advisory
1	find_by_any_email
1	find_by_button_text
1	find_by_case_n
1	find_by_category_id
1	find_by_cd_type_and_case_n
1	find_by_cop_name
1	find_by_corpus_and_word
1	find_by_css_containing_text
1	find_by_database
1	find_by_date
1	find_by_default
1	find_by_directory
1	find_by_extension
1	find_by_feature_and_user_id
1	find_by_filename
1	find_by_goomoji_code
1	find_by_group_id_and_user_id
1	find_by_host
1	find_by_hostname
1	find_by_image_original_url
1	find_by_input
1	find_by_is_base
1	find_by_iso2
1	find_by_iso3
1	find_by_item_identifier
1	find_by_key_word
1	find_by_keyword
1	find_by_locale
1	find_by_m49
1	find_by_model
1	find_by_month_and_year
1	find_by_name_and_key
1	find_by_neat_id
1	find_by_nice_name
1	find_by_nickname_and_domain_name
1	find_by_options
1	find_by_paradigm
1	find_by_partial_button_text
1	find_by_plate_number
1	find_by_postcode
1	find_by_prefix_id
1	find_by_product_id
1	find_by_prompt
1	find_by_question
1	find_by_redemption_key
1	find_by_screen_id
1	find_by_selector
1	find_by_session_id
1	find_by_site_id_and_vendor_id
1	find_by_site_name
1	find_by_sufix
1	find_by_tag
1	find_by_trust_root
1	find_by_twin_token
1	find_by_unicode
1	find_by_user_number
1	find_by_value
1	find_by_vendor_name
1	find_by_verb
1	find_by_version
1	find_c_index
1	find_cache_for_cached_request
1	find_cameras
1	find_capability
1	find_cell
1	find_center
1	find_character
1	find_chef_repo_path
1	find_child
1	find_child_include
1	find_city_for_ip_range
1	find_citys_by_province
1	find_class
1	find_class_id_in_mo_meta_ignore_case
1	find_class_or_module
1	find_compute_resource
1	find_config_section
1	find_configfile
1	find_constant
1	find_consts
1	find_contacts
1	find_container
1	find_contributors
1	find_controllers
1	find_core
1	find_country_by_alpha2
1	find_counts
1	find_credit_union_by_address
1	find_credit_union_by_charter_number
1	find_credit_union_by_name
1	find_currency
1	find_data_file
1	find_dbus_object
1	find_definition
1	find_deprecated_node
1	find_description_method
1	find_details_page
1	find_device
1	find_device_by_id
1	find_dir
1	find_direct_match
1	find_distance_of_longest_vector
1	find_dominant_pitch
1	find_element_by_image
1	find_elements_by_image
1	find_ensured
1	find_entity
1	find_entry_by_id
1	find_every
1	find_execute
1	find_facet
1	find_factories
1	find_failed_line
1	find_feasible
1	find_feature
1	find_features
1	find_file_in
1	find_file_name
1	find_file_path
1	find_file_upward
1	find_files_upward
1	find_final_answer
1	find_first_base
1	find_font
1	find_font_files
1	find_for_database_authentication
1	find_from_all_container
1	find_from_file
1	find_from_singleton
1	find_gems
1	find_gimp
1	find_git_dir
1	find_handler
1	find_head
1	find_heading
1	find_id_by_contents
1	find_image
1	find_images
1	find_importer
1	find_in_path
1	find_inapp
1	find_include_from_toplevel
1	find_indices
1	find_instances_not_of
1	find_instances_of
1	find_invoice_bounds
1	find_issues
1	find_item
1	find_item_by_issue_number
1	find_job
1	find_js
1	find_key
1	find_language_support
1	find_latest_cookie_file
1	find_league
1	find_level
1	find_lightness_threshold
1	find_lights
1	find_lines
1	find_local_image_by_name
1	find_longest_command_substring_index
1	find_master_and_sister_for
1	find_matches
1	find_member
1	find_messages
1	find_method_in_files
1	find_method_named
1	find_methods
1	find_min_locator
1	find_min_package_version
1	find_missing_outlets
1	find_missing_vars
1	find_mod_dependencies
1	find_module
1	find_module_named
1	find_movie_by_id
1	find_multi_hop_conversion
1	find_native_extension_path
1	find_nested_container
1	find_next_by
1	find_node_id
1	find_notifier_class_proc
1	find_nth
1	find_object
1	find_oldest_by_status
1	find_operation
1	find_or_build_from_uri
1	find_or_create_by_feature_and_user_id!
1	find_or_create_by_group_id_and_user_id!
1	find_or_create_by_name!
1	find_or_create_by_name_and_group!
1	find_or_create_by_name_and_user_id!
1	find_or_create_by_url
1	find_or_create_calendar
1	find_or_create_game
1	find_or_create_plans
1	find_or_create_record
1	find_or_create_rosters
1	find_or_create_states_by_name
1	find_or_create_team
1	find_or_initialize_by_block_key
1	find_or_insert
1	find_or_new
1	find_or_push
1	find_or_register_package
1	find_origins_in
1	find_packages_by_name
1	find_page_object
1	find_parameter
1	find_parent_include
1	find_parser
1	find_partial
1	find_path
1	find_paths
1	find_permission
1	find_person
1	find_pid
1	find_plans_for_query
1	find_player_base_js_path_in_html
1	find_position
1	find_preferred_dir
1	find_previous_by
1	find_primes
1	find_printed_erb
1	find_process
1	find_proj
1	find_project
1	find_project_by_github_slug
1	find_project_config
1	find_project_output_directory
1	find_province_by_city
1	find_province_city_by_area
1	find_proxy
1	find_random_word
1	find_range_for_ip
1	find_rate_by_date_and_currency
1	find_raw_json_in_html
1	find_record
1	find_reg_ex_matches
1	find_registered_formatter
1	find_related_files
1	find_relations
1	find_remote
1	find_renderer_class
1	find_res_ob
1	find_resource
1	find_room_by_name
1	find_root_dir
1	find_running_container
1	find_sass
1	find_schedule
1	find_search
1	find_section
1	find_server
1	find_servers_for_task
1	find_session
1	find_set
1	find_severity
1	find_sheet
1	find_similar!
1	find_similar_region
1	find_single
1	find_solar_terms_times
1	find_some_without_failing
1	find_srcs
1	find_ssh_elb
1	find_state_by_federal_12
1	find_state_by_federal_13
1	find_state_by_standard_format
1	find_story
1	find_string
1	find_stripped_match
1	find_style
1	find_subnet
1	find_subscription
1	find_suc
1	find_swiftdeps
1	find_symbols_file
1	find_tab_action
1	find_table_id
1	find_tag
1	find_target
1	find_task
1	find_task_in_namespace
1	find_team_by_name
1	find_template_path
1	find_text
1	find_the_gem_in_the_git_repos_section
1	find_the_gem_in_the_rubygems_section
1	find_tiktoken_file
1	find_to_change
1	find_tools_dir
1	find_trace_for
1	find_typo
1	find_tz
1	find_unlinked_epics
1	find_valid_parent_node
1	find_variable
1	find_variables
1	find_waiting_result
1	find_window
1	find_window_by_id
1	find_with_ids
1	find_with_namespace
1	find_word
1	find_word_of_length
1	find_workspace
1	find_zone!
1	findable_keys_for
1	findings
1	fine
1	fingerprint_from_pubkey
1	finishReport
1	finish_backup_for
1	finish_data
1	finish_decode
1	finish_interesting
1	finish_invalid
1	finish_overflow
1	finish_resolve
1	finish_run
1	finish_spec
1	finish_valid
1	finished_at=
1	finished_configuring
1	finished_jobs
1	fire!
1	fire_event
1	fire_request
1	firebase
1	firefox?
1	firewall_rules
1	firm_name
1	first1D
1	first2D
1	first3D
1	firstChild
1	firstHit
1	firstLineMatch
1	firstMaximum
1	firstName=
1	firstPublishedAt
1	firstTimestamp=
1	first_and_second_arguments_range
1	first_arc
1	first_available
1	first_clean_frame
1	first_command_path
1	first_commit
1	first_date
1	first_device
1	first_entry
1	first_expression
1	first_format
1	first_h1
1	first_h2
1	first_hash_key
1	first_image
1	first_indent=
1	first_link_index
1	first_n
1	first_names
1	first_object
1	first_of_month
1	first_of_sequence
1	first_or_create!
1	first_or_sec_wd?
1	first_param
1	first_parent
1	first_pass
1	first_person_singular
1	first_player?
1	first_player_hand
1	first_player_style
1	first_primes
1	first_remainder
1	first_request?
1	first_result_position
1	first_result_position=
1	first_row?
1	first_run
1	first_symbol_arg
1	first_things
1	first_thought_signature
1	first_value_match?
1	first_value_validations
1	first_wd?
1	firstdate
1	firstdatetaken
1	firstname
1	fisrt_paragraph
1	fit_collective_explicit_als
1	fit_collective_implicit_als
1	fix_cookie_paths?
1	fix_date
1	fix_day_diff
1	fix_error
1	fix_error_template
1	fix_headers!
1	fix_hierarchy
1	fix_javascript_traps
1	fix_lines
1	fix_local_images
1	fix_msbuild_path
1	fix_path_json
1	fix_str
1	fix_surrogate_pairs
1	fix_that_date
1	fix_up_grammar
1	fix_value
1	fixed=
1	fixed_attr
1	fixed_coded_word_counts
1	fixed_decimal_place_digits
1	fixed_position
1	fixed_size?
1	fixed_tags
1	fixed_width=
1	fixes
1	fixme
1	fixnum?
1	fixpoints_path
1	fixture_directory
1	fixture_files
1	fixture_methods
1	fixture_set
1	fixture_set=
1	fixture_table_names
1	fixtures=
1	fixtures_directory
1	fixtures_path=
1	fixup_mode
1	flag=
1	flag_add
1	flag_help_text
1	flag_test
1	flagged
1	flagged=
1	flags_1
1	flags_2
1	flags_3
1	flags_as_collection
1	flags_hash
1	flags_run
1	flat_contents
1	flat_dependencies_per_klass
1	flat_keys
1	flat_task_outputs
1	flatmap
1	flatten_deeper
1	flatten_enumerator
1	flatten_keys
1	flatten_keys_of
1	flatten_no_rangeary_core
1	flatten_with_shape
1	flattened_contexts
1	flattened_projects
1	flattening
1	flavor=
1	flavors_detail
1	flesch_kincaid_grade_level
1	flesch_kincaid_reading_ease
1	flex_align
1	flex_home
1	flex_pa=
1	flex_wunsch
1	flickr_callback
1	flickr_token
1	flip!
1	float32
1	float_format
1	float_type?
1	flog
1	floor_entry
1	floor_to
1	flop
1	flop!
1	flow_control=
1	flow_name
1	flow_node_ids
1	flow_nodes
1	flow_style
1	flow_terminate_command?
1	floyd_warshall
1	flush_after_reply_queue!
1	flush_all!
1	flush_cache
1	flush_config
1	flush_input
1	flush_interval=
1	flush_jobs
1	flush_output
1	flush_schema_cache
1	flush_statistics
1	flush_to_logger
1	flushed_write
1	flux_capacitated?
1	flyline
1	fm
1	fmap
1	fmtstr_calc
1	fmtstr_parse
1	fnumber
1	focal_length
1	focus_item
1	focus_pack
1	focus_trait_name
1	focused_tests
1	focused_widget
1	focussed_notebook
1	focussed_tab
1	focussed_window
1	fog_directory
1	fold_down
1	fold_left
1	fold_right
1	fold_up
1	folder_by_url
1	folder_files
1	folders
1	folders_group
1	foldl
1	folio=
1	follow_meta_refresh_self
1	follow_meta_refresh_self=
1	follow_up_on
1	followees
1	followers=
1	followers_count
1	following_time_spent=
1	following_time_spent_working?
1	fonemas
1	fones=
1	fontList
1	font_catalog
1	font_direction_hint
1	font_encoding
1	font_family
1	font_metrics
1	font_name=
1	font_offsets
1	font_revision
1	font_style
1	font_style=
1	fontdir
1	fontforge
1	fonts_dir
1	fonts_path
1	foo
1	foodType
1	fool
1	footer=
1	footer_blueprint
1	footer_filter
1	footer_text
1	footnotes
1	fopen
1	forPath
1	for_alpha3
1	for_code
1	for_code_list
1	for_css
1	for_delimiters
1	for_diff
1	for_env
1	for_environment
1	for_event
1	for_ext
1	for_extension
1	for_field
1	for_filters
1	for_format
1	for_formatting_string
1	for_frame
1	for_group
1	for_html
1	for_java
1	for_job
1	for_js
1	for_json
1	for_lat_lng
1	for_length
1	for_line
1	for_llm
1	for_logger
1	for_machines
1	for_method_definition
1	for_mode
1	for_month
1	for_package
1	for_participant
1	for_proc
1	for_provider
1	for_queue
1	for_queues
1	for_ruby
1	for_schema_event
1	for_service
1	for_session
1	for_site
1	for_storage_mode
1	for_survey
1	for_table
1	for_tenant
1	for_territory
1	for_text
1	for_these_files
1	for_timeout
1	for_token
1	for_type
1	for_type?
1	for_viewport
1	for_year
1	forbidden_words_from_settings
1	forceCaptureAmount=
1	force_authn=
1	force_binary
1	force_cache=
1	force_capture
1	force_correct_attribute_escaping!
1	force_destroy_restricted
1	force_disconnect!
1	force_id
1	force_lowercase=
1	force_mode
1	force_overwrite?
1	force_owa_desktop
1	force_owa_desktop=
1	force_polling
1	force_reply
1	force_session_save!
1	force_sources
1	force_ssl
1	force_symlink
1	forces
1	forces_timed_out=
1	foreach_unique_key_pair
1	forecast_path
1	foreign?
1	foreign_key_check_options=
1	foreign_key_conditions
1	foreign_key_exists?
1	foreign_key_list
1	foreign_key_mapping
1	foreign_scope
1	forelinks
1	forget
1	fork_for_parse
1	forked=
1	forked_branch
1	forked_repo
1	forks_count
1	form?
1	formID
1	form_errors
1	form_fields
1	form_html_attributes
1	form_primary_key
1	form_query_for_datatype
1	form_statement
1	form_tags
1	form_trigger
1	formaDePago=
1	formalize
1	formalize_rate_rule
1	formatDate
1	formatTime
1	format_action=
1	format_answer
1	format_approx
1	format_big_file
1	format_check?
1	format_clickhouse_config
1	format_cmd
1	format_databricks_config
1	format_dimension_row
1	format_entries
1	format_error_message
1	format_evaluations
1	format_field
1	format_file
1	format_fixed_point
1	format_flags
1	format_float
1	format_for_banner
1	format_for_terminal
1	format_full
1	format_helper
1	format_herb_error
1	format_id
1	format_input
1	format_integer_json_value
1	format_integer_value
1	format_iso_date
1	format_json_value
1	format_key_value
1	format_kind
1	format_literal
1	format_log_callable
1	format_log_to_json
1	format_mail_body_html
1	format_mail_body_text
1	format_mail_subject
1	format_message
1	format_minutes
1	format_money
1	format_name
1	format_node
1	format_null
1	format_operator
1	format_option=
1	format_order
1	format_otherwise
1	format_output_raw_word_wrap
1	format_output_split_if_huge
1	format_output_split_if_over
1	format_output_word_wrap
1	format_params
1	format_part_of_device
1	format_part_of_event
1	format_part_of_user
1	format_pattern=
1	format_postgres_config
1	format_problem
1	format_proper
1	format_property
1	format_rbs
1	format_record
1	format_result
1	format_settings
1	format_string
1	format_string_json_value
1	format_string_value
1	format_success
1	format_tag
1	format_tags
1	format_todo
1	format_total_row
1	format_trend
1	format_txt
1	format_uri
1	format_url
1	format_url!
1	format_valid?
1	format_variable
1	format_version
1	format_versions
1	format_with
1	format_words
1	format_xls
1	format_xml
1	format_yard_object
1	formatron
1	formats=
1	formatted_duration
1	formatted_offset
1	formatted_text_box
1	formatted_with
1	formatters=
1	forms_request
1	forrest
1	fortitude
1	fortmatic
1	fortunes
1	forum_admin?
1	forward!
1	forward?
1	forward_match_by_full
1	forward_option
1	forward_options
1	forward_port
1	forwarded_ports
1	found!
1	found_count
1	found_new_spec_marker
1	found_pending_marker
1	found_spec_details_marker
1	found_strings
1	four_result
1	fp_growth
1	fpath
1	fpb
1	fputs
1	fr_meter
1	frac2bin
1	fraction=
1	fractions
1	frag_os=
1	fragment?
1	fragment_cache_key
1	fragment_from_kwargs
1	fragment_parent!
1	frameLoadDelegate=
1	frameStyle=
1	frame_list
1	frame_num
1	frame_separator
1	frames_with
1	framework_avaliable?
1	framework_load_paths
1	framework_path
1	framework_paths_by_config
1	frameworks_group
1	franchise_price
1	franchise_sum
1	fraudFilterOverride=
1	fraud_client_registration_post
1	fraud_payment_registration_post
1	free?
1	free_email
1	free_enabled
1	free_space
1	free_spaces?
1	free_string
1	free_users_allowed
1	freeze_attributes
1	freeze_config
1	freeze_config!
1	freezetag_api_key=
1	freighthop_root
1	frequencies
1	frequency_for_client
1	frequency_from_name
1	fresh_when
1	freshen_token
1	friend
1	friend_ids
1	friend_of?
1	friendly
1	friendly_name
1	friendly_path
1	friends_count
1	frob=
1	fromBase64
1	fromBits
1	fromDate=
1	fromObject
1	fromPath
1	fromRDF
1	fromString
1	from_acta_hash
1	from_acta_record
1	from_active
1	from_active_record_connection
1	from_aoa
1	from_aoh
1	from_argv
1	from_asset
1	from_atom
1	from_atom=
1	from_automaton
1	from_b64
1	from_balance=
1	from_base58
1	from_bson
1	from_buffer
1	from_c_string
1	from_ch1903
1	from_challenge
1	from_chef_config
1	from_config_block
1	from_coords
1	from_csv
1	from_csv_file
1	from_csv_string
1	from_currency_is_valid?
1	from_currency_valid?
1	from_current_path
1	from_data
1	from_dataset
1	from_datastream
1	from_db
1	from_dcm
1	from_definition
1	from_directory
1	from_drawable
1	from_email
1	from_embedded
1	from_encoded
1	from_endpoint
1	from_envelope
1	from_environment_prefix
1	from_errors
1	from_event_loop
1	from_filenames
1	from_folder
1	from_geojson
1	from_geometries
1	from_gitlog
1	from_glob
1	from_global_api_key
1	from_graph
1	from_hsv
1	from_hypermedia_registry
1	from_ietf_media_type
1	from_increment_in_other_color
1	from_info
1	from_inlines
1	from_insane
1	from_javascript_format
1	from_json_list
1	from_jsonld
1	from_keychain
1	from_keypair
1	from_list
1	from_local_file
1	from_lsof
1	from_memory
1	from_metadata_file
1	from_nfa
1	from_number
1	from_options
1	from_org_file
1	from_org_string
1	from_path!
1	from_path_and_node
1	from_peaks
1	from_pem_file
1	from_pkey
1	from_png
1	from_port
1	from_port=
1	from_postfix
1	from_private_key
1	from_processing_response
1	from_protobuf
1	from_ptr
1	from_public_key
1	from_queryable
1	from_rack_env
1	from_range
1	from_request
1	from_response_string
1	from_ruby_class
1	from_satoshis
1	from_scoped_api_token
1	from_serialized
1	from_service_account_key
1	from_session_value
1	from_shape_and_type
1	from_shexj
1	from_si
1	from_source
1	from_spec
1	from_sql
1	from_sqlite
1	from_storage_hash
1	from_struct
1	from_structure
1	from_sxp
1	from_table_name
1	from_time
1	from_time_and_duration
1	from_times
1	from_token
1	from_trusted_xml
1	from_ttl
1	from_uint
1	from_unicode
1	from_user
1	from_user_input
1	from_utf8
1	from_uuid
1	from_version
1	from_web
1	from_wgs84
1	from_wif
1	from_wildcard
1	from_x_y
1	from_xattr
1	from_xprv
1	from_xrds
1	froms
1	front
1	frontend_locales
1	frontmatter_title
1	frozen_slug
1	frozen_string_literal
1	frozen_time=
1	fshugo_tags
1	ftoc
1	ftok
1	ftp=
1	fu_check_options
1	fuck
1	fuel_weight
1	fullName=
1	fullPath
1	fullPathForApplication
1	full_article
1	full_cluster_name_for_shorthand
1	full_colors
1	full_command
1	full_domain
1	full_dup
1	full_dup_no_exclusions
1	full_dup_with_exclusions
1	full_filename
1	full_gem_path=
1	full_join
1	full_messages_for
1	full_name_for_client
1	full_output_dir
1	full_refresh
1	full_resource_url
1	full_schema_parser
1	full_screenshot
1	full_state_machine_name
1	full_street
1	full_table_name
1	full_tokenize
1	full_version
1	full_width
1	full_xml=
1	fullscan
1	fulltext
1	fully_qualified_key
1	fully_validate_schema
1	function?
1	function_calls
1	function_code=
1	function_definitions
1	function_exists?
1	function_find
1	function_map
1	function_schema
1	function_signature
1	function_types
1	functional?
1	functional_sets=
1	functions?
1	functions_php
1	functions_php_exists?
1	functions_run_all
1	functor_expr
1	fundPrepaid
1	fund_operation_id
1	fund_quote_id
1	fundamental_mode
1	fuse_fd
1	fuses
1	future?
1	fuzz
1	fuzzy
1	fuzzy_file_for
1	fuzzy_match_threshold
1	fuzzy_matching
1	fuzzy_uri
1	fuzzy_valid?
1	fvnp
1	fwmkeys
1	fxrubyversion
1	fzf_available?
1	g0
1	g1
1	g_id
1	g_session
1	g_session_skip_oauth
1	ga_account
1	gadgets
1	gaelic?
1	gain_liberties_from_capture_of
1	galleryname
1	game=
1	game_instructions
1	game_key
1	game_loop
1	game_num
1	game_path_for
1	game_round
1	game_running?
1	game_status_text
1	game_symbol
1	game_tied?
1	game_title=
1	game_won?
1	game_won_by?
1	gamecolor=
1	gameover?
1	gamer
1	games_dir
1	gamma=
1	gap_depths
1	gaps=
1	garbage=
1	garbage_collect
1	gardener_ok
1	gardens_api
1	gasInfo
1	gas_limit
1	gas_limit=
1	gas_price
1	gas_price=
1	gateway
1	gateway=
1	gateway_token
1	gateway_token=
1	gatget_help
1	gather_answers
1	gather_coverage
1	gather_outfiles
1	gather_paths
1	gather_recent_tweets_for
1	gather_selected
1	gather_simplecov_test_coverage!
1	gather_test_coverage!
1	gaussian
1	gaussian_blur
1	gbot
1	gbs_command
1	gcm
1	gdFree
1	gdImageDestroy
1	gdbm
1	gdbm_delete
1	gdbm_exists
1	gdbm_fetch
1	gdbm_firstkey
1	gdbm_nextkey
1	gdbm_open
1	gdbm_store
1	gdi32
1	gdoc_comments_column
1	gdoc_file
1	gdoc_keys_column
1	gdoc_sheet
1	ge_symbol_name
1	geburtsjahr
1	geburtsjahr=
1	gem_clean
1	gem_cmd
1	gem_deps
1	gem_dir=
1	gem_executable_presence_check
1	gem_exists?
1	gem_file
1	gem_group
1	gem_home
1	gem_info
1	gem_infos
1	gem_install_source
1	gem_layer_asset_dir
1	gem_lib_root
1	gem_loaded?
1	gem_path=
1	gem_release
1	gem_server_url
1	gem_source=
1	gem_versions_in_target
1	gemdir
1	gemfile=
1	gemfile_path
1	gemfile_sorted?
1	gemfiles
1	gemfury_access_settings
1	geminabox_host=
1	gems=
1	gems_setup
1	gems_with_patches
1	gemspec
1	gemspecs
1	gen!
1	genDict
1	genFuncList
1	genLayouts
1	genViews
1	gen_allLegalMoves
1	gen_extend
1	gen_filter
1	gen_forms
1	gen_gradient
1	gen_handler
1	gen_handler_with_cache
1	gen_hash
1	gen_html
1	gen_include
1	gen_info
1	gen_key
1	gen_legal_moves
1	gen_link
1	gen_local_name
1	gen_preview=
1	gen_random
1	gen_regex_from_keyword
1	gen_regex_from_keyword_including_follow_on
1	gen_request_uid
1	gen_rows
1	gender=
1	gender_abbrs
1	gender_uri
1	general_api_error
1	general_terms
1	generalized
1	generateDifferentKeyMessage
1	generateDifferentSizeArrayMessage
1	generateDifferentValueMessage
1	generateDocument
1	generateExpectedItemNotFoundInArray
1	generateFiles
1	generateJSON
1	generateJavaScript
1	generateKey
1	generateMap
1	generatePython
1	generateReportResult
1	generateRuby
1	generateSecret
1	generateToken
1	generateTypeMissMatchFailureMessage
1	generate_accept_header
1	generate_access_token
1	generate_additional_metrics!
1	generate_all
1	generate_auth_signature
1	generate_berksfile
1	generate_byte_array
1	generate_cache
1	generate_cache_identifier
1	generate_captcha_id
1	generate_choice_menu
1	generate_classes
1	generate_cnpj
1	generate_code
1	generate_code_challenge
1	generate_code_field
1	generate_code_verifier
1	generate_collection
1	generate_color_sel_button
1	generate_command
1	generate_commits
1	generate_component
1	generate_configs_output
1	generate_configuration_mappings
1	generate_cpf
1	generate_cqm_patient
1	generate_css_manifest
1	generate_csv
1	generate_current_label
1	generate_current_tab
1	generate_dag_asset_groups
1	generate_dag_xml
1	generate_data_key
1	generate_database_client
1	generate_dataset
1	generate_date_interval_field
1	generate_datetime
1	generate_db_connect_admin_auth_token
1	generate_db_connect_auth_token
1	generate_diagnosis
1	generate_docs!
1	generate_docx_file
1	generate_embedding
1	generate_entities
1	generate_env
1	generate_ephemeral_key
1	generate_exams_list
1	generate_explicit_type=
1	generate_facility_location
1	generate_feedback
1	generate_file_list
1	generate_fixtures
1	generate_follow
1	generate_font_sel_button
1	generate_framework
1	generate_from
1	generate_fx_hash
1	generate_git_attributes
1	generate_git_ignore
1	generate_hash
1	generate_hashkey_for
1	generate_header
1	generate_header_bar
1	generate_header_for_request
1	generate_help_description
1	generate_helpers
1	generate_historical_models!
1	generate_horizontal_bar
1	generate_html
1	generate_html_summary?
1	generate_identifiable
1	generate_identifier
1	generate_ids
1	generate_ids_from_timestamps
1	generate_image_url
1	generate_init_code
1	generate_integer
1	generate_js_manifest
1	generate_key_pair
1	generate_lex
1	generate_limited_code_verifier
1	generate_lines
1	generate_location
1	generate_log
1	generate_mac
1	generate_manifest_3_3
1	generate_map
1	generate_meal_plan
1	generate_meaning
1	generate_meme
1	generate_message
1	generate_methods
1	generate_mystery_text
1	generate_n
1	generate_n_sentences
1	generate_new_tab_button
1	generate_next_button
1	generate_num_of_random_roads
1	generate_number
1	generate_object
1	generate_opc_retry_token
1	generate_open_menu_button
1	generate_password
1	generate_period_name
1	generate_ping
1	generate_points
1	generate_prev_button
1	generate_qdm_id
1	generate_qdm_patient
1	generate_quantity
1	generate_query_string
1	generate_rails_text_part=
1	generate_random_string
1	generate_random_tag
1	generate_random_token
1	generate_random_towns
1	generate_rb
1	generate_refreshable
1	generate_release_notification
1	generate_report
1	generate_request_info
1	generate_result
1	generate_roads_from_coordinate_list
1	generate_rust
1	generate_schema
1	generate_secret
1	generate_seeds
1	generate_seeds_for_models
1	generate_service_account_access_token
1	generate_shared_secret
1	generate_short_url
1	generate_similarity_tree
1	generate_simple_key
1	generate_simple_prompt
1	generate_single_source_page?
1	generate_solidity
1	generate_source
1	generate_star
1	generate_stats
1	generate_stdin
1	generate_stream
1	generate_structured
1	generate_sub_diffs
1	generate_subclasses!
1	generate_svg
1	generate_swagger_environment_variable
1	generate_tag_xml
1	generate_task_details
1	generate_template_with
1	generate_term_overv_button
1	generate_terminal_summary?
1	generate_test_pyramid!
1	generate_third_party_url
1	generate_titulo_eleitor
1	generate_towns_from_coordinate_list
1	generate_trap
1	generate_txt
1	generate_unique
1	generate_unique_id
1	generate_unit_tests
1	generate_uptoken
1	generate_url
1	generate_url_results_search
1	generate_user_agent
1	generate_user_token
1	generate_validations
1	generate_value
1	generate_watch
1	generate_watch_body_template
1	generate_watch_uri
1	generate_webpage
1	generate_with_template
1	generate_word!
1	generate_xml_request
1	generated
1	generated_output=
1	generated_pathname
1	generated_token
1	generates
1	generates_creds
1	generates_init
1	generatetempfilename
1	generation=
1	generation_ok
1	generation_prompt
1	generator_type
1	generic?
1	generic_read
1	generic_write
1	genesis
1	genetic_bits
1	genome
1	genotype
1	genre
1	genre=
1	genre_name
1	genuid
1	genus
1	geo_coordinates=
1	geo_locate
1	geoadd
1	geoboundaries
1	geod_tm
1	geography
1	geolocate
1	geometry=
1	geometry_type
1	georadius
1	gerar_xml
1	gesamt_eigenbeitrag
1	gesamtbetrag_brutto
1	gesamtbetrag_netto
1	gesdd
1	gestPayS2S
1	get32bits
1	getAPISession
1	getAccount
1	getAccountActivity
1	getAccountBalance
1	getAdFormatLeads
1	getAllBidders
1	getAllDocuments
1	getAllFeatures
1	getAllFormFields
1	getAllGroupIDs
1	getAllPaymentMethods
1	getApiAccessRules
1	getApp
1	getAsRectangle
1	getAttributeNode
1	getAttributes
1	getAttributesCS
1	getAttributesMutator
1	getAttributesXSL
1	getAuthorizeAnswer
1	getAvailableActions
1	getBestOffers
1	getBidderList
1	getBlockByNumber
1	getBlockByNumberAsync
1	getBlockChain
1	getBooleanCellValue
1	getBorderStyle
1	getByRangeDateTime
1	getCategories
1	getCategory2CS
1	getCategoryFeatures
1	getCategoryMappings
1	getCategorySpecifics
1	getCell
1	getCellType
1	getChallengeToken
1	getChannelInfo
1	getChannelStatus
1	getCharities
1	getCheckState
1	getClass
1	getClient
1	getClientAlertsAuthToken
1	getClientSoapEcho
1	getCodeSource
1	getColumnClassName
1	getColumnCount
1	getColumnDisplaySize
1	getColumnName
1	getColumnType
1	getCommandOutput
1	getCommitHeadline
1	getCommitSubj
1	getConnection
1	getContentPane
1	getContentUrl
1	getContextualKeywords
1	getCoordinateFromFile
1	getCredentials
1	getCrossPromotions
1	getCurrencies
1	getCurrentBlock
1	getCurrentBlockAsync
1	getCurrentSadieInstance
1	getCustomFields
1	getData
1	getDataPoint
1	getDate
1	getDays
1	getDebtBalance
1	getDecorators
1	getDecryptionAlgorithm
1	getDefaultConf
1	getDefaultKey
1	getDefaultUri
1	getDeleted
1	getDescriptionTemplates
1	getDispute
1	getDocument
1	getDuration
1	getElementById
1	getElementsByName
1	getElementsByTagName
1	getEncoded
1	getErrorCellValue
1	getErrors
1	getEventType
1	getExAllFeatures
1	getExceptionStackTrace
1	getFeedList
1	getFeedback
1	getFileStatus
1	getFiles
1	getFluidDb
1	getFolder
1	getFormFields
1	getFormType
1	getGemfromPath
1	getGroup
1	getHighBidders
1	getHomeDirectory
1	getHunks
1	getID
1	getIdentities
1	getIdentity
1	getImageUrl
1	getImgLinks
1	getImgNames
1	getImplicitContext
1	getIndexHash
1	getInstanceStrong
1	getIssueTypes
1	getItem
1	getItemData
1	getItemInfos
1	getItemRecommendations
1	getItemShipping
1	getItemTransactions
1	getItemsAwaitingFeedback
1	getJpegData
1	getJson
1	getLangs
1	getLatestRevision
1	getLayout
1	getLen
1	getListOfErrors
1	getLocalVersion
1	getLocation
1	getLogConfiguration
1	getM2M!
1	getMainAttributes
1	getManager
1	getMap
1	getMaps
1	getMarkenInfoFromDetail
1	getMemberMessages
1	getMessagePreferences
1	getMetaDataIterator
1	getMilliseconds
1	getModificationTime
1	getMultiPassportByMobiles
1	getMultiUserBasicInfos
1	getMultiUserSimpleInfos
1	getMusicData
1	getMyMessages
1	getMyeBayBuying
1	getMyeBayReminders
1	getMyeBaySelling
1	getNewStartLine
1	getNewUrl
1	getNickNameByUid
1	getNicknameByUid
1	getNotificationPreferences
1	getNotificationsUsage
1	getNthFieldName
1	getNumDataPoints
1	getNumberOfSheets
1	getNumericCellValue
1	getOVPNVendorConfigHash
1	getOpenFileName
1	getOpenStudioCLI
1	getOperations
1	getOrderTransactions
1	getOrders
1	getOutstandingDebtBalance
1	getOwner
1	getParams
1	getParent
1	getParser
1	getPassportByLoginName
1	getPath
1	getPaymentInstruction
1	getPermission
1	getPictureManagerDetails
1	getPictureManagerOptions
1	getPoolName
1	getPostDataForSubpage
1	getPostIDFromPostURLString
1	getPostPathFromPostURLString
1	getPosts
1	getPrepaidBalance
1	getPriorities
1	getProductFamilyMembers
1	getProductFinder
1	getProductFinderXSL
1	getProductSearchPage
1	getProductSearchResults
1	getProductSellingPages
1	getProfielByEmail
1	getProfileByNickname
1	getProfileByUid
1	getProfileByUids
1	getPromotionRules
1	getPromotionalSaleDetails
1	getProtectionDomain
1	getRGB
1	getRGBA
1	getRange
1	getRates
1	getRelatedProfiles
1	getRemainingTime
1	getRemoteVersionFromGithub
1	getReposStrForLint
1	getRequest
1	getResources
1	getResponseCode
1	getResultForBlockByNumber
1	getResultForCurrentBlock
1	getResultForInvoke
1	getResultForQuery
1	getResultForTransaction
1	getScriptEngine
1	getSeconds
1	getSecurityToken
1	getSellerDashboard
1	getSellerEvents
1	getSellerList
1	getSellerPayments
1	getSellerTransactions
1	getSellingManagerAlerts
1	getSellingManagerEmailLog
1	getSellingManagerInventory
1	getSellingManagerInventoryFolder
1	getSellingManagerItemAutomationRule
1	getSellingManagerSaleRecord
1	getSellingManagerSoldListings
1	getSellingManagerTemplateAutomationRule
1	getSellingManagerTemplates
1	getServer
1	getSessionID
1	getSheetAt
1	getSheetName
1	getShippingDiscountProfiles
1	getStableState
1	getStableTS
1	getStatTrack
1	getStatus
1	getStatuses
1	getStore
1	getStoreCategoryUpdateStatus
1	getStoreCustomPage
1	getStoreOptions
1	getStorePreferences
1	getString
1	getStringCellValue
1	getStringValue
1	getSubmitters
1	getSuggestedCategories
1	getSymbolTable
1	getSyncSetByType
1	getTags
1	getTaxTable
1	getTerminal
1	getThreadMXBean
1	getTiffData
1	getTime
1	getToday
1	getTokenByCaller
1	getTokenStatus
1	getTokenUsage
1	getTotalPrepaidLiability
1	getTrademarkNumbers
1	getTransaction
1	getTransactionByTransactionId
1	getTransactionByTransactionIdAsync
1	getTransactionStatus
1	getTransactions
1	getURL
1	getUnreleasedJiraTickets
1	getUserBalance
1	getUserContactDetails
1	getUserDisputes
1	getUserGroups
1	getUserNewTrack
1	getUserNewTracks
1	getUserPreferences
1	getUserProjects
1	getUserRepoAddress
1	getUserTotalTime
1	getValidLog
1	getValidState
1	getValidTS
1	getValuesInverse
1	getVariable
1	getVariableValue
1	getVeROReasonCodeDetails
1	getVeROReportStatus
1	getVerificationStatus
1	getWCClient
1	getWantItNowPost
1	getWantItNowSearchResults
1	getWeekCourse
1	getWidgets
1	getWidth
1	getWorkingDirectory
1	getZone
1	get__REXP
1	get_abbreviation
1	get_access_or_request_token
1	get_access_token!
1	get_access_token_from_refresh_token
1	get_account
1	get_account_info
1	get_account_state_response
1	get_account_transaction_by_sequence_number_response
1	get_accounts
1	get_achievements_for
1	get_acl_for
1	get_active_shift
1	get_activities
1	get_activities_by_date
1	get_activity
1	get_acv
1	get_adapter
1	get_adjacent_vertices
1	get_adjectives
1	get_aduki_initializers
1	get_alarm_names
1	get_alerts
1	get_aliases
1	get_alive_member_by_role
1	get_all_apps
1	get_all_books
1	get_all_builds
1	get_all_colours
1	get_all_diag_info
1	get_all_domains
1	get_all_files
1	get_all_ids_for_game
1	get_all_keyrings_named
1	get_all_keys
1	get_all_lineage_ids
1	get_all_media
1	get_all_pg_databases
1	get_all_plugins
1	get_all_possibilities
1	get_all_response
1	get_all_schedules
1	get_all_services
1	get_all_stats
1	get_all_versions
1	get_alpha
1	get_ancestor
1	get_api_key_scope
1	get_api_response
1	get_api_token
1	get_app_access_token
1	get_app_config
1	get_appendix
1	get_application_session
1	get_approximate_data
1	get_apps
1	get_apps_by_project
1	get_arg
1	get_array
1	get_array_from_xml
1	get_array_of_double
1	get_array_of_float
1	get_array_of_uchar
1	get_as_object
1	get_assemblies
1	get_asset
1	get_assignment
1	get_assignment_details
1	get_association_limit
1	get_atbats
1	get_attribute_from_sql
1	get_attributs_list
1	get_auth_opts
1	get_auth_tokens
1	get_authentication
1	get_available_space_for_cache_in_gb
1	get_available_time
1	get_average_day
1	get_average_month
1	get_average_week
1	get_away_runs
1	get_ayan
1	get_backlog_stories
1	get_backup
1	get_balances
1	get_bandit_action
1	get_bandit_action_details
1	get_base_path
1	get_basedn
1	get_batch_url
1	get_bbox
1	get_best_font_colour
1	get_binomial_tree
1	get_blame_lines
1	get_blob
1	get_block
1	get_block_name
1	get_block_params
1	get_blocks
1	get_bmc_network
1	get_board_printer
1	get_body
1	get_book
1	get_book_info
1	get_bool
1	get_boolean
1	get_boot_devices
1	get_border
1	get_bounds
1	get_boxscore
1	get_branches
1	get_brand
1	get_brands
1	get_broker
1	get_browser
1	get_bucket_location
1	get_bucket_notification_configuration
1	get_bucket_policy
1	get_bugs
1	get_build_details
1	get_builds
1	get_businesses
1	get_by_alias
1	get_by_key
1	get_by_name
1	get_by_number
1	get_cache
1	get_cached
1	get_camel
1	get_campaign
1	get_card
1	get_cartocss_project_name
1	get_cat
1	get_cat_list
1	get_categories_for
1	get_category_list
1	get_category_objects
1	get_category_status
1	get_center
1	get_center_from_delta_ids
1	get_champion_ranks
1	get_change
1	get_char_codes
1	get_character_encoding
1	get_charset_name
1	get_chart
1	get_child_at
1	get_china_district_code
1	get_cities
1	get_cities_by_country
1	get_cjk
1	get_class_id
1	get_cleanup_hitters
1	get_client_params
1	get_client_state
1	get_closing_pitchers
1	get_cluster
1	get_cmd_arguments
1	get_coefficient_variable_pairs
1	get_collection_point
1	get_collections
1	get_collector_string
1	get_colour
1	get_colour_from_collections
1	get_colour_instance
1	get_colours
1	get_column
1	get_column_types
1	get_columns_by_table_clickhouse
1	get_columns_by_table_databricks
1	get_columns_by_table_postgres
1	get_columns_num
1	get_command_invocation
1	get_command_summary
1	get_commandline_options
1	get_comment_feed
1	get_comment_status
1	get_commit_hash
1	get_common_user_api_token
1	get_completed_items
1	get_completions
1	get_complex_type_methods
1	get_components
1	get_concepts
1	get_config_map
1	get_config_maps
1	get_config_subsection
1	get_configuration_settings
1	get_connection_url
1	get_constants
1	get_consts
1	get_consumables
1	get_container
1	get_content_from
1	get_content_length
1	get_context_id
1	get_coordinates
1	get_coordinates_from_ids
1	get_copy_data
1	get_count
1	get_counts
1	get_course
1	get_crc_model
1	get_credits
1	get_cryptocurrency_histories
1	get_css_colors
1	get_current
1	get_current_build_number
1	get_current_row
1	get_current_scope
1	get_current_tree
1	get_custom_attribute_unsigned_long
1	get_customer
1	get_cvss_severity_score
1	get_damage
1	get_data_filename
1	get_data_from_square
1	get_data_sources
1	get_data_type_class
1	get_database_database
1	get_database_list
1	get_dates
1	get_datetime
1	get_db_connection
1	get_db_doc
1	get_db_doc_by_type
1	get_default
1	get_default_controller
1	get_default_http_client
1	get_delta_ids
1	get_deprecated_references_contents
1	get_dev_by_name
1	get_dev_dir
1	get_device_addresses
1	get_device_id_requested
1	get_device_info
1	get_diag
1	get_dialogue
1	get_dimensions
1	get_dims
1	get_directory_listing
1	get_display
1	get_distance
1	get_division
1	get_doc
1	get_document_stats
1	get_double
1	get_driver_by_name
1	get_dynamic_field_names
1	get_ec2_instance_id
1	get_edge_weight
1	get_eficiencia_energetica
1	get_elementos_materiales_ordenados
1	get_encoding
1	get_encoding_length
1	get_endpoint
1	get_engine
1	get_entries
1	get_entry_assembly
1	get_enumerize_args
1	get_error_code
1	get_error_message
1	get_escrow
1	get_eval
1	get_event
1	get_event_images
1	get_events
1	get_events_by_block_number
1	get_events_by_event_access_path_response
1	get_execute_line
1	get_exercise_for_cat
1	get_exercises
1	get_existing_credentials
1	get_existing_directory
1	get_expected
1	get_expiration
1	get_ext
1	get_feature_health
1	get_feed
1	get_feed_paths
1	get_field
1	get_field_deserializers
1	get_figure
1	get_file_duration
1	get_file_hash
1	get_file_mode
1	get_filename
1	get_files
1	get_filtered_features
1	get_filtered_messages
1	get_filters
1	get_firmware_version
1	get_first_access_token
1	get_first_page
1	get_first_page_breeds
1	get_first_user_info
1	get_flag
1	get_flags
1	get_float
1	get_fold_change
1	get_folder
1	get_folder_free_space
1	get_folder_url
1	get_followers_following
1	get_following
1	get_for
1	get_foreign_keys_clickhouse
1	get_foreign_keys_databricks
1	get_foreign_keys_postgres
1	get_forks_stars_watchers
1	get_format_from_filename
1	get_frame
1	get_frame_by_prefix
1	get_frames_dhash
1	get_frames_infos
1	get_from_code
1	get_from_file
1	get_full_title
1	get_fullnames
1	get_function_desc
1	get_gems
1	get_gender
1	get_gh_repos
1	get_git_repo
1	get_gitee_repos_dir
1	get_gitlab_base_url
1	get_global_listing
1	get_globs
1	get_google_lucky_url
1	get_graph
1	get_graphite
1	get_group_id_for_arbitrary_property
1	get_guid
1	get_hash_args
1	get_hash_value
1	get_head
1	get_headlines
1	get_heroicon
1	get_hirez_server_status
1	get_historic_rate
1	get_historical_quotes_days
1	get_hits
1	get_hive_decimal
1	get_home_runs
1	get_hooks
1	get_host_name
1	get_hostname
1	get_hosts_path
1	get_html_page_for
1	get_http_response_by_parameter_array
1	get_hyphenator
1	get_icon_url
1	get_id_feed
1	get_id_from_title
1	get_id_photo_other
1	get_id_photo_video
1	get_id_status_link_checkin
1	get_identity
1	get_ie_vm_ip
1	get_ifaddrs
1	get_image_by_id
1	get_image_from_pixels
1	get_image_from_s3
1	get_images
1	get_images_from_url
1	get_incident
1	get_indices
1	get_individual_recipe_page
1	get_initial
1	get_input_rule_sets
1	get_input_symbol
1	get_inspectionable_vars
1	get_instances
1	get_instrument
1	get_integer
1	get_intersection_points
1	get_investor
1	get_io
1	get_ip
1	get_is_many_ivar
1	get_issue
1	get_issue_number
1	get_issuer
1	get_issues_pulls
1	get_item_properties_from_server
1	get_item_size
1	get_item_url
1	get_iter
1	get_iteration_total_billed_points_by_craftsman
1	get_iterations
1	get_job
1	get_job_list
1	get_job_result
1	get_journal_entry
1	get_journal_entry_by_key
1	get_jsona
1	get_jsonl
1	get_jst
1	get_jul_day
1	get_key_values
1	get_keys_starting_with
1	get_known_settings
1	get_language_literal
1	get_language_percentages
1	get_last_accessed_time
1	get_last_error
1	get_last_msg
1	get_last_release_date
1	get_latest_api_version
1	get_latest_entry_number
1	get_latest_repo_info
1	get_latest_version_txt
1	get_launchable_activity
1	get_leaderboard
1	get_leadoff_hitters
1	get_legend_info
1	get_lesson_info
1	get_license_info
1	get_lift_status
1	get_line
1	get_line_profile
1	get_links
1	get_links_from_file
1	get_listing
1	get_load_balancer
1	get_local
1	get_local_branch_sha1
1	get_local_repo
1	get_local_token
1	get_locale
1	get_locale_ref_array
1	get_location_abs_url
1	get_log_analytics_entity
1	get_log_data
1	get_log_file_time
1	get_log_info
1	get_lower_delta_id
1	get_lower_sub_delta_distance
1	get_lyrics
1	get_macaddress
1	get_macro
1	get_mailer
1	get_main_menu_input
1	get_main_word
1	get_manager
1	get_manifest
1	get_map_years
1	get_mapped_char
1	get_mapping
1	get_marker_type
1	get_match_node
1	get_match_obj
1	get_match_player_details
1	get_match_pos
1	get_matched_allocation
1	get_matching_restaurants
1	get_max_z
1	get_me_the_cookie
1	get_memories_by_type
1	get_menu
1	get_menu_item_count
1	get_merged_entity_for
1	get_messages
1	get_metadata
1	get_metadata_query!
1	get_method
1	get_method_at_line
1	get_metric_statistics
1	get_microseconds
1	get_mime
1	get_mockable_stdin
1	get_mockable_stdout
1	get_model_file
1	get_model_json
1	get_model_names
1	get_model_str
1	get_modified_time
1	get_module_constants
1	get_mol
1	get_monthly
1	get_most_recent_commit_status
1	get_mother_path
1	get_move_input
1	get_movie_casts
1	get_movie_details
1	get_multiline_type_metrics
1	get_multisig_pubkeys
1	get_my_caller
1	get_my_ip
1	get_myco_constant_ref
1	get_mysql_connect_options
1	get_name_string
1	get_namespace
1	get_namespaces
1	get_new_connection
1	get_new_fbc_payload_from_url
1	get_new_zombies
1	get_next
1	get_next_entry
1	get_next_token
1	get_node_index
1	get_node_info
1	get_node_list
1	get_node_pool
1	get_node_type
1	get_normalized_distance
1	get_note
1	get_notification_base
1	get_notifications
1	get_nth_page
1	get_nth_prime
1	get_num_innings
1	get_oauth_url
1	get_object_id
1	get_object_value
1	get_objects
1	get_offenses
1	get_office_path
1	get_old_tree
1	get_oldest_backup
1	get_op_or_user_services
1	get_opcodes
1	get_open_spots
1	get_opening
1	get_opening_day
1	get_opening_from_pgn
1	get_opponent
1	get_option
1	get_options_hash
1	get_options_hash_with_preferences
1	get_or_else
1	get_or_new
1	get_order
1	get_org_langs
1	get_orgs
1	get_outbound_data_size
1	get_outconfig_child
1	get_output_rule_set
1	get_outputs_by_pubkey
1	get_overpass_instance_url
1	get_own_style
1	get_p2sh_address
1	get_pack_format
1	get_package_name
1	get_page_count
1	get_panoramas
1	get_paragraphs
1	get_param_definitions
1	get_parameter_count
1	get_parameters_info
1	get_parse_node
1	get_parser_class
1	get_parser_engine
1	get_parts
1	get_path_and_params_from_params
1	get_path_for_shortcode
1	get_path_string
1	get_path_to_folder_for_branch_specific_cache
1	get_path_to_folder_for_output
1	get_path_to_folder_for_overpass_cache
1	get_pawn_choice
1	get_payload
1	get_payment_header
1	get_payment_request_details
1	get_percentages
1	get_permalink_config
1	get_persons_tags
1	get_pg_database
1	get_pinying
1	get_plan
1	get_planets
1	get_platform_instance
1	get_player_position
1	get_player_status
1	get_players
1	get_plugin
1	get_point
1	get_policy
1	get_port_name
1	get_pos_tags
1	get_positions
1	get_post_link
1	get_posts
1	get_power_state
1	get_prediction
1	get_presentation
1	get_price
1	get_prize_lottery
1	get_process_array
1	get_processed_total
1	get_processor
1	get_product
1	get_product_cat
1	get_products
1	get_profile
1	get_profile_config
1	get_projects
1	get_properties_of_named_path
1	get_proxy_env_var
1	get_proxy_in_time_limit
1	get_proxylist
1	get_public_url
1	get_pure_version
1	get_qmol
1	get_qr_params
1	get_query_execution
1	get_query_string
1	get_queue
1	get_queue_attributes
1	get_queue_url
1	get_quote
1	get_quote_pages
1	get_quotes
1	get_quotes_for_categories
1	get_rand
1	get_random
1	get_random_matrix
1	get_random_word
1	get_rate
1	get_rates_with_shipment_details
1	get_ratios
1	get_raw_char
1	get_raw_html
1	get_raw_token_identity
1	get_read_position
1	get_readed
1	get_ready!
1	get_receipt
1	get_receiver
1	get_receiver_from_subject
1	get_recent_deposits
1	get_recent_withdrawals
1	get_recipe_page_from_keyword
1	get_recommendation
1	get_records
1	get_regexp
1	get_relation
1	get_relations
1	get_release
1	get_remaining_ttl_for_resource
1	get_remote_attrs_with_indifferent_access
1	get_remote_branch_sha1
1	get_remote_user_repo
1	get_reply
1	get_repo_info
1	get_repo_name
1	get_repo_url
1	get_repos_art_dir
1	get_repository
1	get_reputation
1	get_request_option
1	get_request_options
1	get_request_path
1	get_requests
1	get_resource
1	get_response_code
1	get_rest
1	get_result
1	get_result_contents
1	get_results_with_url
1	get_reusable_delegation_set
1	get_rev_range
1	get_reward
1	get_roles
1	get_root
1	get_row_count
1	get_run
1	get_rxn
1	get_sample
1	get_save_filename
1	get_saved_game
1	get_scene
1	get_schema
1	get_schema_column_info_clickhouse
1	get_schema_column_info_databricks
1	get_schema_column_info_postgres
1	get_schemas_clickhouse
1	get_schemas_databricks
1	get_schemas_postgres
1	get_scheme
1	get_screen_size
1	get_screenshot
1	get_search
1	get_search_html
1	get_search_term
1	get_season_by_year
1	get_secret_bundle
1	get_secret_item_by_field_name
1	get_sector
1	get_selections
1	get_selenium_driver
1	get_sender
1	get_serial
1	get_series
1	get_series_by_id
1	get_server_details
1	get_server_list
1	get_service_endpoint_for_template
1	get_service_model
1	get_service_object
1	get_service_type
1	get_services_for
1	get_session
1	get_setting
1	get_settings_for_definition
1	get_settings_map
1	get_sfr
1	get_shapes
1	get_sheet
1	get_shift_position
1	get_shop
1	get_sibling_ids
1	get_signatures_required
1	get_signed
1	get_signoff_pdf
1	get_similars
1	get_site
1	get_site_name
1	get_site_terminology
1	get_site_word
1	get_slot_range_for_key
1	get_smiles
1	get_sock_opt
1	get_solr_response_for_doc_id
1	get_solr_response_for_field_values
1	get_source
1	get_source_from_url
1	get_source_line
1	get_source_params
1	get_spec
1	get_speed_regulation!
1	get_square_to_mark
1	get_ss
1	get_ss_db_cache
1	get_ssize_t
1	get_stack
1	get_starting_pitchers
1	get_stateful_set
1	get_statement
1	get_states
1	get_states!
1	get_station
1	get_stats
1	get_status_msg
1	get_stories_by_iteration
1	get_story
1	get_story_xml
1	get_string_between_markers
1	get_string_hash
1	get_strings
1	get_style_file_location
1	get_style_specific_data
1	get_sub_delta_distance
1	get_subclass_variable
1	get_subject
1	get_subnet
1	get_substruct_matches
1	get_subtrie_words
1	get_summary
1	get_superatom
1	get_syncer
1	get_tables
1	get_tables_by_schema_clickhouse
1	get_tables_by_schema_databricks
1	get_tables_by_schema_postgres
1	get_tag_by_name
1	get_tag_hash
1	get_tags
1	get_target_path
1	get_targeting_key
1	get_task_name_by_id
1	get_tasks_list
1	get_tdb
1	get_temp_directory
1	get_templates
1	get_temporary_access_key
1	get_terminal
1	get_terms
1	get_text_file
1	get_text_for
1	get_texts
1	get_ticket
1	get_ticks
1	get_tiddler
1	get_time_entries
1	get_time_from
1	get_timeline_url
1	get_timstamped_key_name
1	get_title
1	get_token!
1	get_token_identity
1	get_token_pair
1	get_tokens
1	get_top_level_commands
1	get_total_year
1	get_tournaments_by_month
1	get_towns
1	get_trace_context
1	get_tracks
1	get_trailer
1	get_transactions_response
1	get_transition_id
1	get_trays
1	get_tree_diff
1	get_trending_recipes_page
1	get_ttl
1	get_tweets
1	get_type_on_calculator
1	get_uint
1	get_uint32
1	get_uint64
1	get_umpires
1	get_uncompressed_length
1	get_undo_operations
1	get_uninspectionable_vars
1	get_unique_ints
1	get_unmodifiable_list_view
1	get_untranslated
1	get_update
1	get_updated_current_page
1	get_updated_fbc_cookie
1	get_updated_fbp_cookie
1	get_upload_ticket
1	get_upper_delta_id
1	get_upper_sub_delta_distance
1	get_upstream
1	get_uri
1	get_urls
1	get_urls_and_filenames
1	get_user_credentials
1	get_user_info
1	get_user_langs
1	get_user_message
1	get_user_policy
1	get_user_roles
1	get_users
1	get_utc_timestamp
1	get_valid_item_pair
1	get_value_for
1	get_variable
1	get_variable_name
1	get_variables
1	get_variant
1	get_vars
1	get_vcn
1	get_vd_score
1	get_vectors
1	get_verbs
1	get_verifier_code
1	get_version_string
1	get_virtual_machine
1	get_voice
1	get_wagon_path
1	get_warnings
1	get_wav
1	get_weekly_listing
1	get_width_of_board
1	get_with_alias
1	get_with_info
1	get_with_options
1	get_work_sheets
1	get_world_delta_center
1	get_world_delta_id
1	get_write_position
1	get_xml
1	get_xml_path
1	get_ymd
1	get_yml_options
1	get_yticks
1	get_zone_nameservers
1	get_zone_operation
1	getaccount
1	getaddressesbyaccount
1	getarg
1	getbalance
1	getbit
1	getblock
1	getchar
1	getchr
1	getcollection
1	getconfig
1	getcontractdetails
1	getcurrent
1	getdifficulty
1	getdisplayname
1	geteBayDetails
1	geteBayOfficialTime
1	getevent
1	getfiles
1	getgenerate
1	getgm
1	getgrent
1	getinfo
1	getissuesandtimesbyname
1	getissuesbyname
1	getk_response_from_buffer
1	getkey
1	getline
1	getmouse
1	getmyhostname
1	getnamebyissueid
1	getnameinfo
1	getnames
1	getobject
1	getopt
1	getpeername
1	getrange
1	getresp
1	gets_it
1	getsockname
1	getsrvrecords
1	getstatus
1	getstr
1	getstrap
1	getstub
1	getter
1	getter_body=
1	getter_for
1	gettime
1	gettimesheet
1	gettransaction
1	gfa_datatype
1	gh_available?
1	gh_pages_branch_present?
1	ghost_threshold
1	gid_param
1	gigabyte
1	gist
1	git_author
1	git_aware_files
1	git_branches
1	git_clone_url
1	git_cloner
1	git_command
1	git_current_branch
1	git_data
1	git_fast_forward_if_clean
1	git_is_clean?
1	git_libgit2_init
1	git_lines
1	git_local_name
1	git_max_size
1	git_name_taken?
1	git_operations_time_ms
1	git_projects
1	git_push_if_changes
1	git_remote_url
1	git_repo
1	git_repository_user_name
1	git_sources
1	git_status
1	git_timeout
1	git_tree_sha1
1	git_work
1	gitadapter
1	github=
1	github_access_token
1	github_actions
1	github_auth
1	github_check
1	github_commit_status
1	github_md
1	github_org_name
1	github_precheck
1	github_release
1	github_repo=
1	github_repo_url
1	github_shield
1	github_token
1	github_url_base
1	github_user=
1	github_username
1	github_workflows
1	gitignore
1	gitk
1	gitlabProject
1	gitlabToken
1	gitmodules_path
1	gitname
1	give_date
1	give_period
1	give_types
1	give_whuffie
1	given
1	givenName
1	givenNames=
1	given_and_middle_name
1	given_name
1	giveout
1	gl
1	glAttachShader
1	glBindBuffer
1	glBindTexture
1	glBlendEquationSeparate
1	glBlendFuncSeparate
1	glBufferData
1	glCallList
1	glClearDepth
1	glColor4f
1	glCompileShader
1	glCreateProgram
1	glCreateShader
1	glDepthFunc
1	glDepthMask
1	glDisable
1	glEndList
1	glGenBuffers
1	glGenLists
1	glGetIntegerv
1	glGetProgramInfoLog
1	glGetUniformLocation
1	glLinkProgram
1	glNewList
1	glPopMatrix
1	glPushMatrix
1	glShadeModel
1	glTexParameteri
1	gl_tex_info
1	glamorize
1	glass
1	glfwCreateWindow
1	glfwGetFramebufferSize
1	glfwGetWindowSize
1	glfwInit
1	glfwWindowShouldClose
1	glitch
1	globStatus
1	glob_cache
1	glob_directory
1	glob_include?
1	global_color_table
1	global_color_table_size
1	global_config
1	global_default_state
1	global_dir
1	global_headers
1	global_io_executor
1	global_job_id
1	global_layer
1	global_matchers
1	global_media_types
1	global_merge_data=
1	global_message_number
1	global_message_number=
1	global_namespace
1	global_schema
1	global_scope
1	global_secondary_indexes
1	global_secondary_indexes_for_migration
1	global_serial
1	global_settings
1	global_store
1	global_store=
1	global_tracer=
1	global_var_addr
1	global_wit=
1	globalize_accessors
1	glp_add_cols
1	glp_add_rows
1	glp_create_prob
1	glp_erase_prob
1	glp_get_col_dual
1	glp_get_col_prim
1	glp_get_num_cols
1	glp_get_num_rows
1	glp_get_obj_val
1	glp_get_row_dual
1	glp_get_row_prim
1	glp_init_iocp
1	glp_init_smcp
1	glp_intopt
1	glp_load_matrix
1	glp_mip_col_val
1	glp_mip_obj_val
1	glp_mip_row_val
1	glp_read_lp
1	glp_read_mps
1	glp_set_col_bnds
1	glp_set_col_kind
1	glp_set_obj_coef
1	glp_set_obj_dir
1	glp_set_row_bnds
1	glp_simplex
1	glp_version
1	gluOrtho2D
1	gluPerspective
1	glucidos
1	glutDestroyWindow
1	glutIdleFunc
1	glutMotionFunc
1	glutMouseFunc
1	glutPassiveMotionFunc
1	glutReshapeFunc
1	glutSolidTeapot
1	glyph
1	glyph_data_format
1	glyph_outlines
1	glyph_width
1	glyphs
1	gmail_pwd
1	gmail_usr
1	gnome_keyring_find_items_sync
1	gnome_keyring_item_create_sync
1	gnome_keyring_item_get_attributes_sync
1	gnome_keyring_item_set_attributes_sync
1	gnugpg_passphrase=
1	go!
1	go_detected?
1	go_south
1	go_to_next_page
1	go_to_pos
1	go_to_prev_page
1	go_to_store_deals
1	goaloc_log
1	god
1	gold_branch
1	gold_master
1	gold_remote
1	gold_repository
1	goldilocks_ed448_derive_public_key
1	goldilocks_ed448_sign
1	goldilocks_ed448_verify
1	gone
1	good_bye
1	good_friday
1	good_job
1	good_job_notify=
1	good_traits
1	goodbye
1	goodmail_add_list_unsubscribe_headers!
1	goodmail_apply_attachments!
1	googleTranslateKey
1	google_analytics_id
1	google_analytics_ua_number
1	google_auth
1	google_client
1	googlemap
1	gopaths
1	gote
1	goto_accounts_summary_page
1	goto_char
1	gotoxy
1	gp
1	gpg_files
1	gpgme_check_version
1	gphys
1	gpioTick
1	gps=
1	gps_altitude
1	gps_altitude_ref
1	gps_latitude_ref
1	gpt
1	gr_tuple
1	graal_create_isolate
1	graal_tear_down_isolate
1	grabExcessHorizontalSpace=
1	grabExcessVerticalSpace=
1	grab_add
1	grab_remove
1	grace_period
1	grade_points
1	gradebooks
1	grades
1	grades_abbrevs
1	grammar_builder
1	grammar_code
1	grammemes
1	grams
1	grant
1	grant_enabled?
1	grant_privilege
1	grant_type
1	granule_pos
1	granule_position
1	grape_rails_logger
1	graph_file
1	graph_name
1	graph_order
1	graph_service_library_version=
1	graph_service_version=
1	graphicsContextWithBitmapImageRep
1	graphics_state
1	graphicsmagick
1	graphql
1	graphql_entrypoint
1	graphwalk
1	grasas
1	gravatar_defaults=
1	gravatar_source=
1	grave_dir
1	grayscale
1	grayscale?
1	greedy?
1	green=
1	greeting_message
1	grepped_files
1	greyscale
1	grid_color
1	grid_config
1	grid_for_display
1	grid_multiple_iters
1	grid_system
1	gridfs=
1	gritbot_executable
1	grok=
1	gross_total
1	groupSet
1	groupStatus
1	group_add
1	group_base
1	group_by_hour
1	group_by_period
1	group_delete
1	group_filters=
1	group_id
1	group_labels
1	group_line_items
1	group_margin
1	group_name
1	group_search
1	group_search_for
1	group_settings
1	group_specifications
1	group_step_class
1	group_subspecs_by_platform
1	groupby
1	groupdate_values
1	grouped_collection_select
1	grouped_table
1	grouping
1	groupings=
1	groups_dataset
1	groups_map
1	growl
1	growl=
1	growl_notification
1	growth
1	growth_coded_word_counts
1	growth_rate
1	grpc_path
1	grubbs
1	grupos
1	grv_pa=
1	gs
1	gsl_matrix_alloc
1	gsl_matrix_ptr
1	gsl_strerror
1	gsl_vector_add_constant
1	gsl_vector_alloc
1	gsl_vector_ptr
1	gss_unwrap_iov
1	gss_wrap_iov
1	gsub_not_safety!
1	gt=
1	gt_or_eq_type
1	gt_or_eq_value
1	gteq=
1	gtk_init
1	guarantees
1	guard
1	guard_class=
1	guard_inspect
1	guard_passes?
1	guardar
1	guarded
1	guarding?
1	guarding_recursion_of
1	guess_by_filename
1	guess_by_name
1	guess_currency_symbol
1	guess_file_mime_type
1	guess_gender
1	guess_hint
1	guess_language
1	guess_layout
1	guess_limit
1	guess_mysql_url
1	guess_option_type
1	guess_postgresql_url
1	guess_statistics
1	guess_url
1	guessed?
1	guessed_word
1	guesses
1	guest
1	guest=
1	guest_message
1	guest_root
1	guestport=
1	gui
1	gui=
1	gui_theme
1	guid_anchor?
1	guild
1	guilds
1	gunning_fog
1	guzzoni_conn
1	gvar?
1	gw
1	gzip
1	gzipped_i386_packages_file
1	gzipped_package_file
1	h4
1	h5
1	h?
1	hResume
1	hack_time_class
1	hackademic_directory
1	hackrf_exit
1	hackrf_init
1	hadamard_product
1	hadoop
1	haiku?
1	half_note
1	halfedges
1	halt?
1	halt_triggered?
1	halted_callback_hook
1	haml_coffee_compiler_options
1	haml_coffee_path
1	haml_concat
1	haml_enabled?
1	haml_tag
1	hamlbars_extensions
1	handleResponseError
1	handle_args
1	handle_argument_error
1	handle_asynchronously
1	handle_block
1	handle_body
1	handle_command_line_parameters
1	handle_constraints
1	handle_constraints!
1	handle_data
1	handle_database_creation
1	handle_dependencies
1	handle_empty_value
1	handle_enum
1	handle_err
1	handle_error_response
1	handle_event
1	handle_exception!
1	handle_exceptions
1	handle_exit
1	handle_export_task_patterns
1	handle_export_tasks_by_status
1	handle_fail_ptr
1	handle_failed
1	handle_failure
1	handle_input
1	handle_interrupt!
1	handle_job_action
1	handle_matcher
1	handle_msg
1	handle_mystery_text
1	handle_node
1	handle_opcode
1	handle_parameters
1	handle_pending
1	handle_precision_errors
1	handle_predicate_error
1	handle_publish_request
1	handle_record
1	handle_release
1	handle_requirement_begin
1	handle_requirement_end
1	handle_response_422
1	handle_route
1	handle_set
1	handle_specification_begin
1	handle_specification_end
1	handle_standard_error
1	handle_table
1	handle_url
1	handle_value_errors
1	handle_virtuals
1	handle_wiki_command
1	handle_wiki_link
1	handle_with_path
1	handlebars
1	handlebars_extensions
1	handled_response
1	handler_hijackings
1	handlers=
1	handles?
1	handles_event_type?
1	handling_event_type
1	handshake
1	handshake!
1	hann_window
1	happen
1	har=
1	hard_reset
1	hardcore_verbose
1	hardcore_verbose=
1	hardware_pwm_enabled=
1	hardy_client
1	hasError
1	hasMoreRows
1	hasResults?
1	hasTestFilterTerm
1	hasTestSearchFor
1	hasUserBlocks__
1	has_access_token
1	has_active_record?
1	has_additional_entries?
1	has_ansi?
1	has_archive?
1	has_at_exit_report?
1	has_at_least_one_player?
1	has_attached_file
1	has_attribute
1	has_authorized_method?
1	has_bad_assocations?
1	has_brace_block
1	has_callbacks?
1	has_can_can_action?
1	has_changes_to_save?
1	has_child?
1	has_children
1	has_class?
1	has_column_header
1	has_concerns?
1	has_credit?
1	has_current_path?
1	has_debit?
1	has_declaration?
1	has_default?
1	has_details
1	has_differences?
1	has_do_block
1	has_document
1	has_due_time
1	has_element?
1	has_entry=
1	has_enumerated_attribute?
1	has_enums?
1	has_environment?
1	has_errors
1	has_event_code
1	has_event_type
1	has_executable
1	has_expected_title?
1	has_expired?
1	has_expression?
1	has_failures?
1	has_fld?
1	has_focus
1	has_focus=
1	has_focus?
1	has_folder?
1	has_format_option?
1	has_frame=
1	has_growth_data?
1	has_hash_key?
1	has_helper?
1	has_hyphenated_part?
1	has_id?
1	has_iface?
1	has_index_data?
1	has_indexes?
1	has_instance_status?
1	has_issues
1	has_key
1	has_long?
1	has_many_assoc
1	has_many_builders
1	has_match
1	has_model?
1	has_nested_key?
1	has_next_page
1	has_next_page?
1	has_no_css?
1	has_no_selector?
1	has_one?
1	has_one_attached
1	has_op?
1	has_open_connection
1	has_option
1	has_option?
1	has_paper_trail
1	has_parsi_digits?
1	has_persistant_children?
1	has_placeholder?
1	has_plugin?
1	has_presence?
1	has_previous_page
1	has_processor?
1	has_property_alias?
1	has_providers_with_scope?
1	has_pry_doc=
1	has_pundit_role?
1	has_rank?
1	has_rdoc=
1	has_rel
1	has_remote_repos?
1	has_request
1	has_require_rails_helper_option?
1	has_response
1	has_reverses_id?
1	has_same_singular_and_plural_form?
1	has_scopes?
1	has_secure_token
1	has_selection?
1	has_separator=
1	has_short?
1	has_space_for?
1	has_step?
1	has_string?
1	has_sub_items?
1	has_subcontext?
1	has_subscribers
1	has_subtitle=
1	has_table?
1	has_table_size?
1	has_tag?
1	has_tcs?
1	has_timestamp_column?
1	has_transaction?
1	has_translations_options
1	has_two_factors?
1	has_type_map?
1	has_uncommitted_changes
1	has_unpushed_commits?
1	has_upstream?
1	has_validations?
1	has_version?
1	has_warnings?
1	has_wildcard
1	hash!
1	hash160_from_address
1	hash256
1	hash=
1	hashAlgorithm
1	hash_
1	hash_algorithm
1	hash_argument?
1	hash_array
1	hash_array=
1	hash_at
1	hash_by_group
1	hash_default
1	hash_delete
1	hash_dot_use_default
1	hash_each
1	hash_element_delete
1	hash_from_url
1	hash_function=
1	hash_has_key?
1	hash_if_exists
1	hash_index
1	hash_inspect
1	hash_key
1	hash_key=
1	hash_key_operators
1	hash_key_to_use
1	hash_method
1	hash_only_merge!
1	hash_password
1	hash_proc
1	hash_registry
1	hash_replace
1	hash_rows
1	hash_seed
1	hash_set
1	hash_to_cloned_hashes
1	hash_to_json
1	hash_to_json_file
1	hash_validations
1	hash_value
1	hash_values_sum
1	hash_with_keys
1	hash_with_link_object
1	hashed
1	hasher=
1	hashfunc
1	hashify_by
1	hashmap
1	hashmethod=
1	hashtags
1	hat_base_url
1	hatt_build_client_methods
1	hattr_groups=
1	have_data=
1	have_header
1	have_http_status
1	have_menu=
1	have_no?
1	have_selector
1	haversine
1	having_clauses
1	haystack=
1	hbs
1	hdParmInfoOk
1	hdecrby
1	hdr_len
1	hdr_len=
1	he_comes
1	he_decode
1	head_
1	head_include?
1	head_map
1	head_option
1	head_raw
1	head_style
1	header_alignment
1	header_blueprint
1	header_canonicalization=
1	header_chunk
1	header_converter
1	header_deduplicator_registry
1	header_font
1	header_from
1	header_height
1	header_keys
1	header_line
1	header_msg
1	header_only
1	header_path
1	header_row
1	header_search_paths
1	header_size
1	header_token
1	header_value
1	headers_out
1	headers_to_exclude
1	headers_to_include
1	headers_to_unmask
1	headers_visible=
1	headers_whitelist
1	heading_between
1	heading_color
1	heading_indexes
1	headless
1	healing_completed_at
1	healing_successful
1	health_cache_expiry
1	health_check_timeout
1	health_status
1	healthcareIIAS=
1	heat_index=
1	heating?
1	heating_temperature
1	heattemp
1	heavylog
1	height_inc
1	height_of
1	height_of_formatted
1	height_scaling
1	height_spin
1	helcim
1	helloworld
1	helo
1	help=
1	helpMsg=
1	help_build
1	help_examples
1	help_for
1	help_info
1	help_message
1	help_option
1	help_page=
1	help_postamble=
1	help_string
1	help_task
1	help_template
1	help_wanted?
1	helper_adapter
1	helper_blocks
1	helper_functions
1	helper_insert_salt
1	helper_names
1	helper_obj_path
1	helper_parse_path
1	helper_table_map
1	helper_with_guest
1	helper_with_guest=
1	helpers_path
1	heredoc_end
1	hermite
1	hermite_e
1	heroku?
1	heroku_remote
1	heroku_remote_present?
1	herstellungsort
1	hex_dump
1	hex_for
1	hex_string?
1	hex_to_rgb
1	hexbytes
1	hf_tempfiles
1	hhmmss
1	hi_res_image
1	hidden?
1	hidden_endpoints_regex
1	hidden_field
1	hideNumber
1	hide_body_diff!
1	hide_cursor
1	hide_search
1	hide_stubbing_instructions!
1	hidecursor
1	hidemouse
1	hiding
1	hier
1	hierarchical_asset_names
1	hierarchically
1	hierarchy
1	hierarchy_class_name
1	hierarchy_path
1	hierconnections
1	high
1	high?
1	high_ask
1	high_def!
1	high_level
1	high_mem_base
1	high_mountain?
1	high_score
1	high_sd_message
1	highest_y_position
1	highest_y_position=
1	highlander_dsl
1	highlight?
1	highlight_matches
1	highlight_matching_brackets=
1	highlight_syntax=
1	highlight_today
1	highlighted_code
1	highlighter=
1	highlighter_prefix
1	hikes
1	hiliteStyles=
1	hints
1	hints=
1	hints?
1	hip_decode
1	hip_decode_exit
1	hip_decode_headers
1	hip_decode_init
1	hip_post
1	hiragana
1	hiragana=
1	hisrory_length
1	historical_days=
1	historical_models
1	historical_price
1	history_count=
1	history_end=
1	history_get
1	history_length
1	history_limit=
1	history_reverse=
1	history_start=
1	history_table
1	history_table_exist?
1	history_us_state
1	hit
1	hit!
1	hit_frame=
1	hit_from=
1	hit_id=
1	hit_to=
1	hit_types=
1	hit_while_revalidate?
1	hits=
1	hive
1	hive_mind
1	hive_mind=
1	hive_result_schema
1	hkdf_expand_label
1	hmac
1	hmacKey
1	hmacValue
1	hmac_access_id=
1	hmac_auth
1	hmac_hash
1	hmac_id
1	hmac_length
1	hmac_method
1	hmac_procedure
1	hmac_secret_key=
1	hmac_validators
1	hmac_validators=
1	hmap
1	hola
1	hold
1	hold_time
1	holder
1	holds?
1	hollerback_for
1	home_claude_dir
1	home_description
1	home_dir=
1	home_dirs
1	home_path_for
1	home_team_abbrev
1	home_team_id
1	home_team_score
1	homepage_uri
1	hook_enabled
1	hook_registry
1	hook_signal
1	hooks=
1	hooks_enabled?
1	hoptoad
1	horizontal
1	horizontalAlignment=
1	horizontalSpan=
1	horizontal_alignment
1	horizontal_border
1	horizontal_header
1	horizontal_indent
1	horizontal_padding
1	horizontal_separator
1	host_app=
1	host_as_string
1	host_conflicts
1	host_cpu
1	host_for
1	host_header
1	host_id
1	host_inventory
1	host_is_little_endian?
1	host_keys
1	host_locales
1	host_name=
1	host_of_instance
1	host_os=
1	host_output
1	host_path
1	host_root
1	host_url
1	host_verification
1	host_without_www
1	hostclasses
1	hosted_zone_id
1	hosted_zone_name
1	hostmanager
1	hostname_filed
1	hostport=
1	hosts_per_subnet
1	hot_files
1	hot_items
1	hotel_unit
1	hotel_unit_info
1	hotels
1	hour_of_day
1	hour_query_time
1	hour_rate
1	hourly
1	hourly=
1	hourly_rate=
1	hours?
1	hours_configured?
1	hours_per_day
1	house_number
1	hover
1	howlast
1	hoygan?
1	hpop
1	hqmf_id=
1	hqmf_set_id=
1	hqmf_version_number=
1	hr_config=
1	hr_width=
1	hrect
1	hrr?
1	hsa
1	hsb
1	hscan_each
1	hseq=
1	hsl_colors
1	hsla?
1	hspace
1	hsps
1	hstore
1	hsts
1	hsub!
1	hsv
1	hsv_to_rgb
1	html5_dtd?
1	html5_support?
1	htmlBody
1	html_a_sdl
1	html_body
1	html_class
1	html_component_old_insert
1	html_component_old_plus
1	html_data
1	html_document
1	html_entity_quotes
1	html_erb
1	html_export
1	html_helper
1	html_layout
1	html_message
1	html_mode!
1	html_pages
1	html_slice
1	html_source
1	html_string
1	html_template
1	html_to_ansi
1	html_to_docbook
1	html_to_file
1	html_to_kit
1	htmlsyntax
1	httpBasicAuth
1	httpDelete
1	httpGet
1	httpPost
1	http_access
1	http_build_query
1	http_code=
1	http_connection=
1	http_driver=
1	http_headers
1	http_host
1	http_instance
1	http_interactions
1	http_last_response
1	http_loader_timeout
1	http_logger_options=
1	http_method=
1	http_methods
1	http_parser_init
1	http_patch
1	http_port
1	http_request_verb
1	http_requester
1	http_service=
1	http_start
1	http_status=
1	http_status_codes=
1	http_to_ssh
1	http_url_to_repo
1	http_url_to_repo=
1	http_url没有
1	http_version
1	httpclient
1	httponly
1	https
1	https!
1	https=
1	hubeny
1	huge
1	hugs
1	hull
1	human?
1	human_filename
1	human_id=
1	human_readable
1	human_readable_name
1	humanize_duration
1	humanized_period
1	hunt
1	hw_available
1	hw_params
1	hw_params_malloc
1	hwnd
1	hyde_to_metre
1	hydra=
1	hyousoku
1	hyper
1	hyperlinks?
1	hypertable_name
1	hypervisor
1	hypothesis_data=
1	hz
1	i!
1	i18n=
1	i18n_auto_scoping_aliased_render
1	i18n_backend
1	i18n_domain=
1	i18n_init
1	i18n_key
1	i18n_lookups_by_default=
1	i18n_scope=
1	i18n_translations_root
1	i18n_type
1	i18n_type=
1	i2
1	i386_packages_file
1	i386_release_file
1	i=
1	i_take_one_argument
1	ia
1	iam_bindings
1	iam_instance_profile
1	iam_principal_arn
1	iand
1	iat
1	iat=
1	iata=
1	iban
1	iban?
1	ic_methods
1	icao=
1	icinga_cmd
1	icmp?
1	icmphdr
1	icomoon_dir
1	icon_directory
1	icon_directory=
1	icon_dirs
1	icon_emoji
1	icon_emoji=
1	icon_format
1	icon_name=
1	icon_path
1	icon_tag
1	icon_url=
1	iconmap
1	icursor=
1	id2feature
1	id3tag_add_v2
1	id3tag_init
1	id3tag_set_album
1	id3tag_set_artist
1	id3tag_set_comment
1	id3tag_set_genre
1	id3tag_set_title
1	id3tag_set_track
1	id3tag_set_year
1	id3tag_v1_only
1	id3tag_v2_only
1	id3v2_tag
1	idProduct
1	idVendor
1	id_before_type_cast
1	id_bytes
1	id_cipher_key
1	id_client=
1	id_division=
1	id_enhanced_check
1	id_for
1	id_generator
1	id_index
1	id_key
1	id_multi_search
1	id_name
1	id_of
1	id_outreach=
1	id_present?
1	id_regexp
1	id_select
1	id_separator
1	id_sms
1	id_token
1	id_type
1	id_value
1	iddObject
1	iddObjectType
1	ideal_certificate=
1	ideal_max_line_count
1	ideas
1	idempotency_key
1	idempotency_key=
1	idempotent_methods
1	idempotent_statuses
1	idempotently_define_singleton_method
1	ident=
1	ident_char?
1	ident_start?
1	identical
1	identification
1	identified_by
1	identifier_change
1	identifier_for
1	identifier_resolver
1	identify_unverified_signatures
1	identities
1	identity?
1	identity_file
1	identity_file=
1	identity_url=
1	idle_duration
1	idle_time
1	idle_timeout
1	idp
1	idp_cert=
1	idp_sso_descriptors
1	idp_sso_target_url=
1	ids=
1	ids_not_found
1	ids_to_text
1	idx_value
1	ie8
1	ie_full_version
1	if
1	if_gem_installed
1	if_not_nil?
1	if_true
1	ifft
1	iflag=
1	iframe_url
1	iframes
1	iframes_with
1	ify
1	ignorable_attributes
1	ignore=
1	ignoreAlreadyInCentroid=
1	ignoreNotInCentroid=
1	ignore_agent?
1	ignore_attempts_to_set_nil
1	ignore_blank?
1	ignore_by_filters
1	ignore_cert_errors
1	ignore_columns
1	ignore_controller_actions
1	ignore_cvs_lines
1	ignore_env_proxy
1	ignore_errors
1	ignore_escaped_chars?
1	ignore_exception?
1	ignore_exceptions
1	ignore_exceptions?
1	ignore_gem_comments
1	ignore_gem_versions
1	ignore_gems
1	ignore_gp
1	ignore_gp=
1	ignore_handler=
1	ignore_headers
1	ignore_hidden_elements=
1	ignore_http_errors=
1	ignore_if
1	ignore_invalid_urls
1	ignore_ipv6=
1	ignore_klass_names_and_dependencies
1	ignore_lines
1	ignore_locales
1	ignore_methods=
1	ignore_nil?
1	ignore_parent_exclusion=
1	ignore_path=
1	ignore_paths
1	ignore_prefixes
1	ignore_private_ip=
1	ignore_productions=
1	ignore_protocols
1	ignore_query_parameters
1	ignore_rules
1	ignore_status_codes
1	ignore_table_count
1	ignore_tables_and_dependencies
1	ignore_transaction
1	ignore_types
1	ignore_types=
1	ignore_unknown_fields=
1	ignore_user_agent
1	ignored_attributes
1	ignored_columns
1	ignored_filter
1	ignored_keys
1	ignored_list_names
1	ignored_namespaces
1	ignored_path?
1	ignored_paths
1	ignores
1	ignores=
1	ignoring_nonexistent_files
1	iid
1	iiif_metadata_field_presentation_order
1	illegal
1	imageByApplyingTransform
1	imageRepWithData
1	imageWithCGImage
1	imageWithContentsOfURL
1	imageWithData
1	image_class=
1	image_create_true_color
1	image_elements
1	image_exist?
1	image_file_name=
1	image_filled_rectangle
1	image_from_array
1	image_handler
1	image_height
1	image_id_for_tag
1	image_processing_class_name
1	image_processor
1	image_processor=
1	image_src
1	image_to_tiff
1	image_type
1	image_type=
1	image_upload
1	image_url=
1	image_utility_available?
1	image_width=
1	image_with
1	imagefile
1	imageio
1	imagekit
1	images=
1	images_detail
1	images_for
1	images_path
1	images_path=
1	imagine
1	imap_connection
1	imapdate
1	imei_number1
1	img_to_svg
1	imgheight
1	imgwidth
1	imm=
1	immediate_feedback=
1	immediate_has_key?
1	immediate_lookup
1	immediate_methods
1	immediate_set
1	immutable_resources_that_would_change
1	immutable_tags
1	impGetter
1	impSetter
1	imp_define
1	impact
1	impact=
1	impasse?
1	impasta
1	impersonates
1	implement_class_method
1	implementation=
1	implementation_for
1	implementation_path
1	implementations
1	implements_api_version?
1	implicit?
1	implicit_association?
1	implicit_hash_key
1	implode
1	import_attribute
1	import_class_list
1	import_config
1	import_current_users
1	import_dangerfile
1	import_disk
1	import_env
1	import_file
1	import_file_body
1	import_file_header
1	import_files
1	import_for_date
1	import_h
1	import_message
1	import_plugin
1	import_podcasts
1	import_prismic_document
1	import_ranges
1	import_rows
1	import_ruby_object
1	import_stations
1	importer
1	importer=
1	importers
1	importing
1	importsText
1	impotent
1	imprimir
1	impuestos
1	in2pt
1	inList
1	inOutableClassName
1	inScheme
1	in_base
1	in_buffer_settings
1	in_channel
1	in_cluster?
1	in_code
1	in_context
1	in_def
1	in_experiment
1	in_file
1	in_flight
1	in_flight=
1	in_irb?
1	in_limit?
1	in_milliseconds
1	in_minutes
1	in_namespace
1	in_numbers
1	in_page
1	in_parallel?
1	in_path___matching___
1	in_port
1	in_progress?
1	in_queue
1	in_render
1	in_render?
1	in_reply_to_id
1	in_repo
1	in_repo_dir
1	in_request
1	in_rotation_groups
1	in_rules
1	in_scope?
1	in_section
1	in_single
1	in_state?
1	in_thread
1	in_threads
1	in_time_real
1	in_tmux
1	in_tmux=
1	in_transfer_clazz
1	in_words
1	inactivate!
1	inactive
1	inactive!
1	inactive?
1	inactive_gem_emoji
1	inactive_stack
1	inactivity_timeout=
1	iname
1	inbound_rules
1	inbox_model
1	inch
1	inches
1	incident
1	include!
1	include_adult=
1	include_after_savepoint_extensions
1	include_all
1	include_api_keys
1	include_by_japan_date?
1	include_callbacks
1	include_comments?
1	include_content
1	include_deuterocanonical_content
1	include_deuterocanonical_content=
1	include_domains
1	include_exactly?
1	include_filename?
1	include_folder
1	include_from?
1	include_image_language=
1	include_in_feeds
1	include_in_index=
1	include_in_target?
1	include_match_first?
1	include_metadata
1	include_method?
1	include_migrations
1	include_moment?
1	include_offline=
1	include_only
1	include_pair?
1	include_pairs?
1	include_path
1	include_paths
1	include_proc?
1	include_query_in_path
1	include_root
1	include_root_key?
1	include_ruby_last
1	include_schema?
1	include_show_button=
1	include_subdomains
1	include_subtasks
1	include_tags
1	include_templates
1	include_to?
1	include_url_pattern=
1	include_view_helpers=
1	include_without_respect
1	include_xml_declaration
1	include_zero
1	included!
1	included?
1	included_files
1	included_folders
1	included_gems
1	included_in
1	included_methods
1	included_text_color
1	includes_frameworks?
1	includes_values=
1	inclusions
1	incomingEdgeOffset
1	incoming_data_to_hashes
1	incoming_faster_payments?
1	incoming_osc_port
1	incoming_sepa?
1	incomplete_results
1	incorrect
1	incorrect_letters
1	increase_headers
1	increase_headers!
1	increment=
1	incrementAndReturn
1	increment_bits
1	increment_constant
1	increment_failures
1	increment_month!
1	increment_open_transactions
1	increment_runtime_sum
1	increment_sha
1	increment_size
1	increment_times_validated_for
1	incremental?
1	incursion_report
1	incursions
1	ind2ref
1	indent=
1	indent?
1	indent_by
1	indent_level
1	indent_size
1	indent_string=
1	indentation_level
1	indentation_spaces
1	indented
1	indented?
1	independency
1	independent?
1	indeterminate?
1	index0
1	index?
1	indexMetamodel
1	index_adapter
1	index_after
1	index_all
1	index_dir=
1	index_embedded_children
1	index_extensions
1	index_field
1	index_info
1	index_modified?
1	index_nested_attribute_errors
1	index_of
1	index_of_last_token
1	index_options
1	index_page_options
1	index_resources
1	index_table
1	index_type
1	index_type=
1	index_usage
1	indexd
1	indexed?
1	indexer
1	indexes_before_triggers
1	indexes_ddl
1	indexes_for_workload
1	indexes_used
1	indexify
1	indexing
1	indication?
1	indicators
1	indifferent_read_access
1	indirect?
1	indirect_objects
1	indirect_symbols
1	indirect_type
1	induced_from
1	industry
1	inequality?
1	inf
1	infer
1	infer_git_url_from_pr
1	infer_model_from_controller
1	infer_name
1	infer_namespace_from_class
1	infer_resource_class
1	infer_template
1	infer_trend
1	inferred_port
1	infile_basename_noext
1	infinite_precision
1	infinite_precision=
1	infinity_point
1	infix_operator_names
1	inflect_names
1	inflected_class_name
1	inflection=
1	inflector_mixins
1	influxdb
1	info!
1	infoExtractor
1	info_enabled
1	info_plist
1	info_schema_query
1	info_string
1	infoblocks
1	inform_interceptors
1	information?
1	information_content
1	information_gain
1	infura
1	ingest_prefs
1	ingo
1	ingress_ip_permissions
1	inherit
1	inherit_socket!
1	inheritable_extend
1	inheritable_setting
1	inheritance_column=
1	inheritance_tree
1	inherited
1	inherited_associations
1	inherited_method_from_ignored_paths?
1	inherited_partitioners
1	inherited_table_name
1	iniciaNN
1	init2
1	initBuffer
1	initInput
1	initStandardObjects
1	initWindow
1	initWithBitmapDataPlanes_pixelsWide_pixelsHigh_bitsPerSample_samplesPerPixel_hasAlpha_isPlanar_colorSpaceName_bytesPerRow_bitsPerPixel
1	initWithCIImage
1	initWithContentsOfFile
1	initWithTitle
1	init_all
1	init_args
1	init_arguments
1	init_bare
1	init_block
1	init_callable
1	init_client_easy
1	init_converter
1	init_data
1	init_database
1	init_date
1	init_defaults
1	init_directories
1	init_dyndoc_library_path
1	init_engine
1	init_env
1	init_environment
1	init_executors
1	init_failed
1	init_fields
1	init_first_time
1	init_flutter
1	init_gem_dir_hash
1	init_global_logger!
1	init_haml_helpers
1	init_i18n!
1	init_instance_vars
1	init_json
1	init_lib
1	init_lifecycle
1	init_logger_list
1	init_main_c
1	init_max_line_len
1	init_method_names
1	init_mutex
1	init_new
1	init_op
1	init_options
1	init_parameters
1	init_path
1	init_procs
1	init_rootDoc
1	init_rspec
1	init_rules
1	init_scrolls
1	init_self
1	init_side
1	init_spec_helper
1	init_stderr_log
1	init_stdout_log
1	init_storage
1	init_store
1	init_streams
1	init_syntaxes
1	init_threadsafe
1	init_top_bottom
1	init_ui
1	init_units
1	init_untied
1	init_verbose_levels
1	init_with
1	init_with_default_register
1	init_worker_process
1	init_yaml
1	inited_system
1	initial
1	initial?
1	initialCondition
1	initial_copy_of_attributes
1	initial_creds_with_password
1	initial_instructions
1	initial_is_lower?
1	initial_owner=
1	initial_portions
1	initial_pos?
1	initial_regressor
1	initial_velocity
1	initial_weight
1	initialise
1	initialise_presentation
1	initialism?
1	initialization_vector
1	initialize_ansible
1	initialize_app_defaults
1	initialize_attributes
1	initialize_aws
1	initialize_background
1	initialize_cache
1	initialize_children
1	initialize_class
1	initialize_colors
1	initialize_columns
1	initialize_commands
1	initialize_concrete_builder
1	initialize_database
1	initialize_db_sync_file
1	initialize_defaults
1	initialize_defaults_hash
1	initialize_dup
1	initialize_engine
1	initialize_from_file
1	initialize_from_yaml
1	initialize_java_engine
1	initialize_logs
1	initialize_machine
1	initialize_managers
1	initialize_modules
1	initialize_once!
1	initialize_orig
1	initialize_paper!
1	initialize_parts
1	initialize_paths
1	initialize_patterns
1	initialize_person_names
1	initialize_players
1	initialize_queue
1	initialize_rails
1	initialize_raw
1	initialize_remappable_errors
1	initialize_rspec
1	initialize_run
1	initialize_scd
1	initialize_schema_seeds_table
1	initialize_summary
1	initialize_test
1	initialize_tree
1	initialize_validator
1	initialize_via_keywords_arguments
1	initialize_via_positional_arguments
1	initialize_with_name
1	initialize_without_uri_session_key
1	initializer_files
1	initializer_paths
1	initials
1	initials?
1	initiate
1	initiateTransferResult
1	initiate_order
1	initiate_response
1	initiated?
1	initiation!
1	inject_after_meta
1	inject_ansi_code
1	inject_attribs
1	inject_css
1	inject_dim
1	inject_from_static_translation_file
1	inject_helpers_into
1	inject_inline
1	inject_into
1	inject_into_empty
1	inject_keyword!
1	inject_option
1	inject_rank
1	inject_thor!
1	injected
1	injected?
1	injections
1	injector_block
1	inkscape_path
1	inline=
1	inline_association_definition
1	inline_content
1	inline_forms_attribute_list
1	inline_hooks
1	inline_images
1	inline_macro
1	inline_query
1	inline_strings
1	inline_style
1	inline_sync!
1	inline_tag
1	inline_targets
1	inline_text
1	inline_type_error_handler=
1	inlined
1	inlist_data
1	innerHTML
1	inner_command
1	inner_get
1	inner_labels
1	inner_margin
1	inner_radius
1	inner_recent_url
1	inner_start_page_index
1	inner_torrents
1	inner_xml
1	innerstructs
1	inning
1	ino=
1	inportByName
1	inports
1	inports=
1	inputDefault
1	inputFen
1	inputNeedJumpForReson
1	inputPath
1	inputValue
1	input_array
1	input_choices
1	input_config
1	input_count
1	input_data
1	input_dir
1	input_error
1	input_file_list_paths=
1	input_file_not_found
1	input_filenames
1	input_height=
1	input_id
1	input_identifier_meth
1	input_identifiers
1	input_lines
1	input_list
1	input_mime_type=
1	input_name_from_type
1	input_params
1	input_parser=
1	input_passwd
1	input_paths
1	input_registry
1	input_required
1	input_states
1	input_step
1	input_step_if
1	input_step_name
1	input_step_type
1	input_stream
1	input_style
1	input_text
1	input_type
1	input_types
1	input_width=
1	inputs=
1	insecure
1	insecure_url_full
1	insert!
1	insertBefore
1	insertDefalutSyncSet
1	insertHtml
1	insertItems
1	insertMany
1	insertOrUpdateToDefaultSet
1	insert_after_node
1	insert_after_self
1	insert_at_index
1	insert_before_self
1	insert_bucket
1	insert_child_first
1	insert_child_last
1	insert_class_id
1	insert_column
1	insert_count
1	insert_element
1	insert_event
1	insert_file
1	insert_fixture
1	insert_fixtures_set
1	insert_item
1	insert_javascript
1	insert_key=
1	insert_left
1	insert_lines
1	insert_local
1	insert_middleware_after
1	insert_raw_javascript
1	insert_row
1	insert_separator
1	insert_sorted
1	insert_spaces_instead_of_tabs=
1	insert_sql
1	insert_stylesheet
1	insert_tab
1	insert_tag
1	insert_text
1	insert_title
1	insert_to_html
1	insert_toc
1	insert_user_info
1	insert_virtual_media
1	insertion=
1	insertion_dates
1	insertwidth
1	inset
1	inside!
1	inside=
1	inside_abbreviations?
1	inside_conjunctions?
1	inside_function
1	inside_valid_repository?
1	insights
1	insn_flows
1	insns
1	inspect!
1	inspect_anyway
1	inspect_class
1	inspect_commits
1	inspect_meth
1	inspect_obj
1	inspect_sockaddr
1	inspect_styled
1	inspect_without_reentrant_guard
1	inspected_attrs=
1	inspection_filter
1	inspector!
1	inspekt
1	inst
1	installBinWrapFlag
1	installDevelopmentDepsFlag
1	installIgnoreDepsFlag
1	installIncludeDepsFlag
1	installPaymentInstruction
1	installRdocFlag
1	installRiFlag
1	installSheBangFlag
1	installTrustPolicyStr
1	installUnitTestFlag
1	install__fastr__packages
1	install__packages
1	install_app
1	install_before_action!
1	install_boot_hook
1	install_chef
1	install_cmdstan
1	install_cocoapods!
1	install_config
1	install_environment
1	install_extension_in_lib
1	install_fwc_config_from_file
1	install_if_enabled_for_plugin!
1	install_into
1	install_main_process_signal_handlers
1	install_missing
1	install_plan!
1	install_plugin
1	install_selenium_runner
1	install_trackable_methods
1	install_uid_attribute
1	install_unhandled_exception_hook!
1	install_with_methods!
1	installation
1	installation_path
1	installed_at_exit
1	installed_at_exit=
1	installed_user_id
1	installer
1	installer=
1	installformatExecutableFlag
1	installment
1	installment_option
1	installment_option=
1	installment_options
1	installment_options=
1	installments
1	installments=
1	instance_adaptation?
1	instance_attributes
1	instance_blocks
1	instance_class
1	instance_config
1	instance_details
1	instance_double=
1	instance_eval_with_outline_binding
1	instance_filters
1	instance_for
1	instance_hashes
1	instance_ids
1	instance_label
1	instance_method_check
1	instance_method_list
1	instance_mixin
1	instance_name
1	instance_name_tag
1	instance_of
1	instance_of_assertion?
1	instance_parser=
1	instance_pending_names
1	instance_read
1	instance_running_names
1	instance_tab
1	instance_token
1	instance_url=
1	instance_variables_to_inspect
1	instance_what?
1	instance_write
1	instancesSet
1	instances_path
1	instanciarMovimentacao
1	instantiate_all_loaded_fixtures
1	instantiate_collection
1	instantiate_if_assoc_scope_with_arity
1	instantiate_record_with
1	instantiate_regardless_of_argument_count
1	instantiate_repository
1	instantiate_unifications
1	instantiation_count
1	institution_number
1	institutions
1	instream
1	instruction
1	instruction=
1	instrument_custom
1	instrument_dependent_wait
1	instrument_source
1	instrument_task
1	instrument_throttle
1	instrument_workflow
1	instrumentation
1	instrumentation_key=
1	instrumenter=
1	int2str
1	int3str
1	int4str
1	int8_plus
1	intOutputBuf
1	int_from_bytes
1	int_from_prime_division
1	int_to_IPv4
1	int_to_base256
1	int_to_big_endian
1	int_to_bytes
1	int_to_string
1	int_to_words
1	int_value
1	int_value=
1	intand_without_hornetseye
1	integer!
1	integer_array
1	integer_booleans
1	integer_in_range!
1	integer_to_bool
1	integer_to_string
1	integer_type
1	integrate
1	integrate_package_swift!
1	integrate_targets?
1	integrate_without_bugsnag!
1	integrated
1	integrationKey
1	integrator_id
1	integrator_password
1	integrityUrl
1	intelligence
1	intense_green
1	intensity
1	intent
1	intent=
1	intents
1	interact
1	interactable_as
1	interactable_id
1	interactable_type
1	interaction
1	interaction=
1	interaction_class=
1	interactions
1	interactive?
1	interactive_mode
1	interactive_resolution=
1	interbank_code=
1	intercept_and_redirect_to_rack_app
1	intercept_constructor
1	intercept_first_matching
1	interceptors
1	interest_rate
1	interest_rate=
1	interestingness
1	interface_type
1	interlace
1	interleave_arrays
1	interline_spacing=
1	intermediate_pool
1	intern_outcome
1	internal=
1	internalNotes=
1	internal_code=
1	internal_encoding
1	internal_encoding=
1	internal_error
1	internal_exec_query
1	internal_hash_class
1	internal_lock
1	internal_resource
1	internal_tick
1	internal_timer
1	internal_transaction_index
1	internal_walls_depth
1	internals
1	internationalization
1	internationalize
1	internet?
1	internet_explorer
1	internet_gateways
1	interpolate_erb_string
1	interpolate_my
1	interpolate_quick
1	interpolate_weekdays
1	interpret_http_status
1	interpret_only
1	interpretation=
1	interpreted_value
1	interpreted_value=
1	interpreter
1	interrogate
1	interrupt
1	interrupt_check
1	interruptible_sleep
1	interruption
1	intersect
1	intersect_search_query
1	intersection_area
1	intersects
1	intersects?
1	intersperse
1	interval_count
1	interval_description_format
1	intervals
1	into_strings
1	intor_without_hornetseye
1	intraday
1	intrinsic_name
1	intro_screen
1	introduction
1	introduction=
1	intxor_without_hornetseye
1	invalidTime
1	invalid_at
1	invalid_cond_expression
1	invalid_data_msg
1	invalid_input_file
1	invalid_parameters
1	invalid_phone_format
1	invalid_phone_numbers
1	invalid_route
1	invalid_service_id?
1	invalid_time
1	invalidate
1	invalidate_cache!
1	invalidate_files
1	invalidate_provider
1	invalidate_token
1	invalidated_on_change_of
1	inventory
1	inverse_document_frequency
1	inverse_from
1	inverse_integer
1	inverse_transform
1	inverse_translations
1	inversions
1	invert_codes
1	invert_end_type
1	invert_key_value
1	invert_key_value_hash
1	inverted_matrix
1	invested
1	invicated_from
1	invite_all_outside_collaborators
1	invite_url
1	invocations_for
1	invoice
1	invoice_filename
1	invoice_id
1	invoice_info
1	invoice_number
1	invoices
1	invoke!
1	invokeAsync
1	invokeUname
1	invoke_do_action_once
1	invoke_in_transaction
1	invoke_pre_symlink_task
1	invoke_validated
1	invoke_with_progress
1	invoker
1	involvedObject
1	involvedObject=
1	involves_on_left?
1	involves_on_right?
1	io_adapters
1	io_file
1	io_position
1	iop_smart_proxy
1	ior
1	ios8601
1	ios_profiles
1	ios_youtube_url
1	ipPermissions
1	ip_a
1	ip_addr
1	ip_allowed?
1	ip_b
1	ip_belongs_to_bot?
1	ip_blocked?
1	ip_c
1	ip_check
1	ip_class=
1	ip_d
1	ip_dst
1	ip_proto
1	ip_protocol_port
1	ip_range_model
1	ip_ranges
1	ip_set_id
1	ip_sets
1	ip_src
1	ip_threshold
1	ip_threshold=
1	ip_ver
1	ip_whitelist
1	ipad?
1	ipaddr
1	ipaddr=
1	ipaddresslabs_key
1	iphdr
1	iphone?
1	iptc_data
1	iptonum
1	ipv4_address=
1	ipv4_address_of
1	ipv4_loopback?
1	ipv4_num_csv_path
1	ipv6
1	ipv6_address=
1	ipv6_linklocal?
1	ipv6_multicast?
1	ipv6_num_csv_path
1	ipv6_sitelocal?
1	ipv6_unspecified?
1	ipv6_v4mapped?
1	iqmp
1	irange_type?
1	irb_at_exit
1	irb_context
1	irb_workspace
1	irc
1	irc_downcase
1	irc_nick
1	ire
1	iri
1	iron_cache
1	ironmq
1	ironmq=
1	is64bit?
1	isBoolean
1	isCBinList
1	isClass
1	isCodeBlock
1	isCurrency
1	isDir
1	isDirectory
1	isEchoEnabled
1	isEmpty
1	isEmpty?
1	isEqualNode
1	isErrored
1	isFile
1	isForJekyll
1	isForJekyll=
1	isHasProject
1	isHash
1	isInCheck
1	isPRE
1	isPerfectSquare
1	isPrimitive
1	isRunning
1	isSpecialVersionOfProductExist
1	isTerminatedBy?
1	isUrgent
1	is__null
1	is_a_boolean?
1	is_a_gem=
1	is_a_number?
1	is_a_service?
1	is_a_without_multiple_args?
1	is_accessor_name?
1	is_ack_eliciting
1	is_ack_eliciting=
1	is_acquired?
1	is_active
1	is_active=
1	is_active_link?
1	is_activerecord_datasource?
1	is_activerecord_model?
1	is_admin
1	is_alphabetic?
1	is_alphanumeric?
1	is_an_attachment?
1	is_an_european_country?
1	is_an_interval?
1	is_an_interval_vector?
1	is_anonymous?
1	is_any?
1	is_arabic?
1	is_ascii?
1	is_attribute=
1	is_attribute?
1	is_attribute_available?
1	is_backup_running?
1	is_base=
1	is_between_screen
1	is_binary
1	is_binary?
1	is_binary_data?
1	is_binary_file?
1	is_black?
1	is_blank?
1	is_block
1	is_block_property
1	is_bolded
1	is_bomb?
1	is_bool?
1	is_brick
1	is_business_day?
1	is_busy
1	is_byte_array?
1	is_call?
1	is_child?
1	is_chinese_longer
1	is_cjk
1	is_clean?
1	is_clean_git?
1	is_cli
1	is_codepoint_nikkud_cp1255
1	is_codepoint_nikkud_utf8
1	is_collaborator?
1	is_comment?
1	is_completed
1	is_compression_on?
1	is_context?
1	is_context_should_skip?
1	is_correct?
1	is_create?
1	is_credit_card?
1	is_crypto_packet
1	is_crypto_packet=
1	is_current_version
1	is_dark
1	is_darwin
1	is_datadome_assessment_enabled
1	is_date?
1	is_date_valid
1	is_decision_status_table=
1	is_deeply_concerned!
1	is_deeply_concerned?
1	is_default
1	is_default=
1	is_default_changed?
1	is_deleted?
1	is_deltaframe?
1	is_dependency?
1	is_email?
1	is_enable?
1	is_enabled
1	is_encoded?
1	is_encrypted?
1	is_end_point
1	is_ephemeral_key_compressed
1	is_equal?
1	is_equals?
1	is_erb_txt
1	is_even?
1	is_executable?
1	is_executed_by_gem?
1	is_exist
1	is_exportable=
1	is_external
1	is_eye?
1	is_failed
1	is_file?
1	is_finished
1	is_float?
1	is_folder?
1	is_fortitude_logical_path?
1	is_forum
1	is_fridge_object?
1	is_from_me?
1	is_git?
1	is_git_current_enough?
1	is_git_dir?
1	is_github_repo_slug?
1	is_go_done?
1	is_has_children
1	is_has_children=
1	is_hash?
1	is_hex_color?
1	is_hexadecimal?
1	is_ignorable?
1	is_import_contact
1	is_in_file?
1	is_in_ship?
1	is_initialized
1	is_integer?
1	is_irregular?
1	is_island_mesh_flag
1	is_javascript
1	is_keyframe?
1	is_last
1	is_last_children
1	is_last_children=
1	is_last_sibling?
1	is_leaf
1	is_leaf?
1	is_line_symmetric
1	is_linux
1	is_listen
1	is_local?
1	is_logged_in?
1	is_mac?
1	is_many?
1	is_map
1	is_market_day?
1	is_merb
1	is_merb?
1	is_merged?
1	is_middleware?
1	is_mobile=
1	is_modified?
1	is_multisig?
1	is_new?
1	is_nikkud_by_encoding
1	is_nil_or_white_space
1	is_nix
1	is_node?
1	is_none?
1	is_null
1	is_numeric?
1	is_numeric_leading_zero?
1	is_numeric_with_underscores?
1	is_observed_by
1	is_on_the_table
1	is_one_among_string_url?
1	is_open
1	is_out_stream_empty?
1	is_output_given?
1	is_perma_link
1	is_phone_number?
1	is_point_symmetric
1	is_pointer
1	is_porn?
1	is_preview_mod
1	is_primitive?
1	is_probably_readerable
1	is_production
1	is_rails?
1	is_ready
1	is_recording
1	is_ref_search_match?
1	is_released?
1	is_remote?
1	is_remote_branch?
1	is_rgb?
1	is_roman?
1	is_roman_numeral?
1	is_root=
1	is_root?
1	is_ru?
1	is_salted?
1	is_search?
1	is_search_providers?
1	is_server_error
1	is_set?
1	is_set_accessor_name
1	is_set_accessor_name?
1	is_si?
1	is_simple_type?
1	is_single?
1	is_singular?
1	is_socks_v5?
1	is_some?
1	is_square?
1	is_state_clean?
1	is_stdin
1	is_store?
1	is_string?
1	is_subarg?
1	is_supported?
1	is_switch?
1	is_table_dee?
1	is_thenable?
1	is_there_a_db_field_value_that_matches_an_asset?
1	is_this_series_path_a_chapter?
1	is_this_series_path_a_page?
1	is_tile_not_marked?
1	is_token_valid?
1	is_truncated
1	is_tupled=
1	is_tv_show?
1	is_type?
1	is_update?
1	is_update_mode_valid
1	is_user_gesture
1	is_valid_dollar_amount?
1	is_valid_hypercube_degree
1	is_valid_reason
1	is_value_in_array?
1	is_vd_black?
1	is_verbose
1	is_videoframe?
1	is_visible
1	is_wagon_dir?
1	is_winner
1	is_word
1	is_word=
1	is_workspace?
1	is_write_accessor_name?
1	is_zip?
1	isdst
1	iseq
1	isfamily
1	isfriend
1	isinf
1	isissue?
1	isnan?
1	isnum?
1	iso_a3
1	iso_country_code
1	iso_country_to_vat_country
1	isodoc
1	isolate
1	isolated_sexp_and_code
1	isp_name
1	isp_name=
1	ispeed
1	isprimary
1	ispublic
1	isset?
1	issueID
1	issueRefund
1	issue_commands
1	issue_report=
1	issue_token
1	issue_type
1	issued=
1	issuer_details
1	issuers
1	issuers=
1	issues_to_description?
1	issues_to_stderr?
1	istab
1	istate
1	istft
1	istreams=
1	isutf8
1	it!
1	italic?
1	italicize
1	item=
1	item_by_account
1	item_by_id
1	item_checkin
1	item_class
1	item_class=
1	item_context=
1	item_count
1	item_exists?
1	item_height
1	item_human_name
1	item_ids
1	item_medidas
1	item_search
1	item_size
1	item_status
1	item_tags
1	item_total
1	item_type
1	item_type=
1	item_width
1	items_and_matches_for_widget
1	items_by_category
1	items_for_path
1	items_from_resp
1	items_per_page
1	iter
1	iter=
1	iter_first
1	iterate_nodes
1	iterate_until_finished
1	iterate_zips
1	iterates
1	iterating_block?
1	iterations_count
1	itunes
1	itunes_author
1	itunes_categories
1	itunes_new_feed_url
1	itunes_summary
1	ivar
1	ivars=
1	ivasgn_type?
1	ivs
1	iws_api_key
1	j_password=
1	j_print
1	j_username=
1	ja
1	jacobi
1	jacobi_symbol
1	janked
1	janked_gopath
1	janked_local_path
1	japanese?
1	jar_output_dir=
1	jars=
1	jars_to_build=
1	jason_key
1	jason_state
1	java_exec
1	java_kind_of?
1	java_lib_dirs=
1	java_lib_files=
1	javadoc
1	javascript=
1	javascript_framework
1	javascript_framework=
1	javascript_library=
1	javascript_notification
1	javascript_tag
1	javascripts_dir
1	jblob
1	jboss_cli
1	jbuilder
1	jce
1	jd_to_gd
1	jdbc
1	jdi
1	jekyll
1	jerry=
1	jetstream
1	jexit
1	jfactory
1	jgit
1	jgrep
1	jikkan_in
1	jira_baseurl
1	jira_subdomain
1	jironimo
1	jitbuffer
1	jm_profit
1	jnlp
1	job=
1	job_counts_by_type
1	job_dir
1	job_function
1	job_name
1	job_path
1	job_processor=
1	job_profiles
1	job_status=
1	job_type
1	jobs_config_dir=
1	jobs_enabled
1	jobs_get_query_results
1	jobs_query
1	jodconverter
1	join?
1	join_affixed
1	join_array_data
1	join_association
1	join_channel
1	join_files
1	join_ids
1	join_keys
1	join_keys!
1	join_orig
1	join_path
1	join_regexes
1	join_room
1	join_same_state_segments!
1	join_scopes
1	join_tiles
1	join_with_ext
1	join_with_sep
1	joinable?
1	joincat
1	joins_values
1	joint=
1	jolo_api_token
1	jolo_user_id
1	jomp
1	joules_per_kilogram_kelvin
1	journal_entry
1	journal_mode=
1	journal_size_limit=
1	journey_type
1	jpeg?
1	jpeg_dimensions
1	jpegsave
1	jpy
1	jquery_script_declaration
1	jruby?
1	jruby_class_loader
1	jruby_jar=
1	js_acceptance_template=
1	js_allowed
1	js_export
1	js_framework
1	js_framework=
1	js_plugin_options
1	js_promise?
1	js_quote
1	js_runtimes
1	js_text_rails
1	jsdaygreeter
1	json!
1	json2yaxml
1	json=
1	json_adapter
1	json_array
1	json_body
1	json_data
1	json_decode_one
1	json_dict
1	json_dict=
1	json_encode
1	json_encode_one
1	json_engine
1	json_key_path
1	json_logic_truthy
1	json_mapping
1	json_options
1	json_pull
1	json_report
1	json_rpc_methods
1	json_scalar?
1	json_serialization?
1	json_to_hash
1	json_to_xml
1	jsonableClassName
1	jsonb
1	jsonb_accessor
1	jsonb_contains
1	jsonifiable
1	jsonified_set
1	jsonify_url
1	jsonrpc=
1	jstatic
1	jts_port
1	judge_next
1	julian_ephemeris_day
1	jump
1	jumpToNode
1	jump_proxies
1	jumped?
1	juso
1	just
1	just_copy
1	just_expired
1	just_uploaded?
1	justification
1	jv_taguri
1	jvm_arguments=
1	jvyaml_as
1	jvyamlb
1	jwe_encrypted_key
1	jwt
1	jwt_base64_decode
1	jwt_base64_encode
1	jwt_revoked?
1	jwt_token
1	jyuniunsei_energy
1	k2t2r
1	kCFAbsoluteTimeIntervalSince1970
1	kCFNull
1	kCFPreferencesAnyHost
1	kCFPreferencesAnyUser
1	kCFPreferencesCurrentHost
1	kCFPreferencesCurrentUser
1	kafka_health
1	kakadu_enabled
1	kakasi
1	kana2romaji
1	kanji
1	kanji?
1	kannel_url
1	kanshi_array
1	kanshi_hash
1	kansi_analyze
1	kansi_comment
1	kansi_organize
1	kansuji
1	kase
1	katakana
1	katakana=
1	kaui_tenants
1	kb
1	kb_held_delay=
1	kb_held_interval=
1	kb_session_id
1	kb_username
1	kbddriver
1	kcode
1	kconv
1	kcv
1	kcvconfig=
1	kddi
1	kdfConfig=
1	kdf_config
1	kdf_config=
1	ke2dairanize
1	keepDependencies
1	keep_above=
1	keep_alive?
1	keep_back
1	keep_backups
1	keep_drop
1	keep_end
1	keep_files
1	keep_original_log
1	keep_original_rails_log
1	keep_original_rails_log=
1	keep_releases
1	keep_start
1	keep_with_nexts
1	kekkak
1	kelime_cozumle
1	kelvin
1	kem
1	kem_id
1	kenny
1	kernel
1	kernel_id
1	kernel_image
1	kernel_show
1	keyBits
1	keyConfig
1	keyConfig=
1	keyConfigs
1	keyConfigs=
1	keyPath
1	keySetOnServer
1	keyValue
1	key_attributes_for
1	key_by
1	key_bytes
1	key_code
1	key_defined?
1	key_delimiter
1	key_exists
1	key_exists?
1	key_field
1	key_fingerprint
1	key_for!
1	key_format
1	key_formatter
1	key_from_root
1	key_generator
1	key_hash_as_symbols
1	key_init_date
1	key_label=
1	key_list
1	key_management_service
1	key_map
1	key_prefix
1	key_present?
1	key_repeat
1	key_schema
1	key_seq
1	key_serializer_type
1	key_share
1	key_share=
1	key_sort_order
1	key_to_degree
1	key_transform=
1	key_transformer
1	key_type
1	key_types
1	key_value_map
1	key_value_name_spec=
1	key_value_table
1	key_values
1	key_var
1	key_versions=
1	keyboard
1	keyboard_input
1	keyboards
1	keychain
1	keycloak_auth_client_realm_name
1	keycloak_create_client
1	keycloak_errmsg
1	keycloak_jwt_get_claim
1	keycloak_refresh_token
1	keycloak_server_url
1	keyfile=
1	keyid
1	keyid=
1	keyid?
1	keymap
1	keymap=
1	keyname
1	keypair
1	keypair_from_seed
1	keypairs
1	keyrest_name
1	keyrest_type
1	keys=
1	keys_array
1	keys_call_for_object?
1	keys_map
1	keys_sorted?
1	keys_to_list
1	keys_values
1	keyset
1	keysize
1	keysize=
1	keyspaces
1	keystroke
1	keytype=
1	keyutils_version_string
1	keyword=
1	keyword?
1	keyword_hash
1	keyword_id_command_handler
1	keywords?
1	keywords_files
1	keywords_intro
1	keywords_or
1	kickstart
1	kid
1	kid_birthday
1	kids
1	kill_all
1	kill_buffer
1	kill_inactive
1	kill_pids
1	kill_tree
1	kilograms_per_second
1	kilojoules_per_kilogram
1	kilojoules_per_kilogram_kelvin
1	kind_info
1	kind_to_reason
1	kinder
1	kinder=
1	kindlegen_available?
1	kinds
1	king?
1	kiss_controller=
1	kiss_model_cache
1	kiss_model_cache=
1	kitchen_root
1	kitgrawler_dir
1	klass_for
1	klass_join_scope
1	klass_names
1	km_to_degree_lat
1	km_to_degree_lon
1	kmin
1	kms_cmk_id=
1	kms_key
1	kms_keys
1	knapsack__deprecated_run_all_when_everything_filtered_enabled?
1	knapsack__error_exit_code
1	knapsack__exit_early
1	knapsack__run_specs
1	knapsack__seed
1	knapsack__setup
1	knapsack__wants_to_quit?
1	knb
1	knifeReady
1	knife_config
1	knife_file
1	knight
1	knight?
1	knock
1	knock=
1	known_cookie_names
1	known_extensions=
1	known_keys
1	known_names
1	known_recovery_point?
1	known_type_params
1	knows?
1	kohyo
1	komadai?
1	korean?
1	kqueue
1	kqueue?
1	krl
1	kruskalwallis_test
1	ks2test
1	ks_error_messages
1	ks_open
1	ks_strerror
1	ksort
1	ktime
1	ktoc
1	ktof
1	kube_api_ca_path
1	kube_api_token
1	kube_api_url
1	kubeclient_builder
1	kubernetes_running
1	kwarg_types
1	kwargs
1	kwbegin_type?
1	ky_configuration
1	l1_normalize
1	l2_normalize
1	l_anchor
1	lab_count
1	label_height
1	label_index
1	label_language
1	label_margin
1	label_name_map
1	label_names
1	label_private_key=
1	label_split
1	labelled_autonum
1	labor_id
1	laborlieferdatum
1	laborname
1	laborrechnungsnummer
1	laborsoftware
1	laborsoftwarehersteller
1	laborsoftwareversion
1	labware_item
1	ladj
1	laguerre
1	lambda
1	lambda_context
1	lambda_event
1	lambda_functions_keys
1	lambda_literal?
1	lambda_mock_resolve=
1	lambda_or_proc?
1	lambdas
1	lame_close
1	lame_encode_buffer
1	lame_encode_buffer_ieee_float
1	lame_encode_buffer_interleaved
1	lame_encode_flush
1	lame_init
1	lame_init_params
1	lame_set_VBR
1	lame_set_VBR_q
1	lame_set_brate
1	lame_set_highpassfreq
1	lame_set_in_samplerate
1	lame_set_lowpassfreq
1	lame_set_mode
1	lame_set_num_channels
1	lame_set_out_samplerate
1	lame_set_quality
1	landscape
1	lane_context
1	lang_code
1	lang_default
1	languageData
1	languageDirections
1	language_code
1	language_code=
1	language_codes
1	language_encoding=
1	language_locale=
1	language_preference
1	languages_of
1	laravel
1	large_image
1	large_image_public_url=
1	large_table?
1	large_text
1	largest_cities_link
1	larry
1	last?
1	lastBuildDate
1	lastChild
1	lastName=
1	lastTimestamp=
1	last_accessed
1	last_accessed=
1	last_arc?
1	last_article
1	last_change_timestamp
1	last_character
1	last_class
1	last_class=
1	last_color_code
1	last_comment
1	last_commit
1	last_commit_message
1	last_contact_time
1	last_description
1	last_description=
1	last_effective_url
1	last_element_child
1	last_email_sent_at
1	last_email_sent_at=
1	last_entry
1	last_evaluated_key
1	last_event
1	last_event_status
1	last_exception
1	last_exspec_value
1	last_generation_timestamp
1	last_heartbeat_at
1	last_index
1	last_insert_id
1	last_inserted_id
1	last_instruction
1	last_invoice_for_client
1	last_isearch_string
1	last_known_file_type=
1	last_line_parsed
1	last_logged
1	last_method
1	last_method=
1	last_migration
1	last_minute
1	last_modified_artifact_time
1	last_modified_filename
1	last_modified_src_file
1	last_modified_src_time
1	last_modified_time
1	last_modofied
1	last_move_x
1	last_move_x=
1	last_n_days
1	last_n_weeks
1	last_option
1	last_page?
1	last_patch=
1	last_ping_time=
1	last_played_at=
1	last_port
1	last_port=
1	last_referer
1	last_render=
1	last_request
1	last_request=
1	last_request_time
1	last_request_time=
1	last_response=
1	last_result
1	last_saved_log_file_at=
1	last_seen
1	last_things
1	last_timestamp
1	last_timestamp=
1	last_token_refresh=
1	last_unended
1	last_update=
1	last_updated=
1	last_value
1	last_value=
1	last_versioned_at
1	last_weekday_of_month?
1	last_word
1	last_write
1	lastc
1	lastname
1	lastsave
1	latLonList
1	lat_to_ny
1	latency_models
1	latestPublishedAt
1	latest_activity_date
1	latest_bmkt_rates
1	latest_build
1	latest_build_processed?
1	latest_cbn_rates
1	latest_file_update
1	latest_mod_activity
1	latest_notes
1	latest_notifications
1	latest_release
1	latest_release_archive_link
1	latest_release_branch_url
1	latest_revision
1	latest_revnum
1	latest_run_status
1	latest_run_sub_status
1	latest_stories
1	latest_tag
1	latest_version
1	latest_wu_rates
1	latex_file
1	latex_template
1	lathe
1	latin?
1	latinish?
1	latlng
1	latlon
1	launch_action
1	launch_configuration
1	launch_configuration_name
1	launch_configurations
1	launch_date
1	launch_default_for_uri
1	launch_instance
1	launch_instances
1	launch_job
1	launch_time
1	lawngreen
1	lax
1	lay_master_window
1	lay_remaining_windows
1	layer=
1	layer_extension_installed?
1	layer_id
1	layer_name
1	layoutHints
1	layoutHints=
1	layout_defined?
1	layout_name=
1	layout_object_id
1	layout_options
1	layout_path
1	layout_properties
1	layout_split
1	layouts_path
1	lazy2
1	lazy?
1	lazy_attr
1	lazy_initialize
1	lazy_map
1	lazy_subcommand
1	lb_backends
1	lb_name
1	lb_port
1	lb_port=
1	lb_proto
1	lb_proto=
1	lbeta
1	lc_name_generator
1	lca
1	lcs
1	ld
1	ldap_config
1	le_to_ui
1	lead_data
1	lead_time
1	leader=
1	leading
1	league_season
1	leaped
1	learndash_password
1	learndash_url
1	learndash_username
1	lease_connection
1	lease_duration
1	lease_tasks
1	leave
1	leaveFeedback
1	leaveRawFile
1	leave_at
1	leave_heartbeat
1	leave_pathnames
1	leaves
1	led
1	led=
1	ledger=
1	ledger_entries
1	left?
1	leftChild
1	left_arm
1	left_child
1	left_curly?
1	left_diff
1	left_down_corner
1	left_exclusive
1	left_join
1	left_membrane_ids
1	left_menu
1	left_parens?
1	left_point
1	left_siblings
1	left_square?
1	left_up_corner
1	legacy?
1	legacy_api_base
1	legacy_api_key
1	legacy_compression_methods
1	legacy_compression_methods=
1	legacy_loose_object?
1	legacy_postfix
1	legacy_root_branch?
1	legacy_session_id
1	legacy_session_id=
1	legal_move?
1	legendre
1	legislature
1	legitimate_request?
1	leichtfactory
1	lemma
1	length_for_pubkey
1	length_unit
1	length_utf8
1	length_without_color
1	lerp
1	less_sec
1	let_it_be_name
1	let_name
1	letter
1	letter?
1	letter_image
1	level?
1	level_info
1	level_message
1	level_string
1	level_tag
1	level_to_int
1	levels
1	levenshtein
1	levenshtein_distance
1	levenshtein_similar
1	lex_file
1	lex_state=
1	lex_value
1	lex_values
1	lexeme
1	lexeme_id
1	lexer=
1	lexical_diversity
1	lexical_scope
1	lext
1	lflag=
1	lft
1	lge
1	li=
1	lib=
1	lib_bundled_path
1	lib_dir
1	lib_path
1	liberate!
1	liberty_count_at
1	libexec_dir
1	libofx_free_context
1	libofx_get_new_context
1	librarians
1	libraries
1	library=
1	library_mode=
1	library_name
1	library_names
1	library_version=
1	libraryname
1	librarysoup
1	libs=
1	libs_only_L
1	libs_only_l
1	libv8_arch
1	license_info
1	licensed_to
1	licenses=
1	life=
1	life_span
1	lifecycle_hook_method?
1	lifespan
1	lifetime
1	lift
1	light
1	light?
1	light_mode=
1	light_purple
1	lighten
1	lighthouse_message
1	lighthouse_message=
1	lighthouse_state=
1	lightness=
1	lights
1	likes
1	limbs
1	limit_characters
1	limit_count
1	limit_pair
1	limit_records
1	limit_sec
1	limit_to_one_line
1	limits
1	line!
1	line_break
1	line_by_name
1	line_cap=
1	line_character
1	line_col
1	line_column
1	line_commits
1	line_count
1	line_csrf_check
1	line_end
1	line_endings=
1	line_erase_to_end
1	line_erase_to_start
1	line_for_offset
1	line_gap
1	line_head_washer
1	line_height=
1	line_id
1	line_intermediate
1	line_intermediuate
1	line_length
1	line_length=
1	line_nameum
1	line_num
1	line_number_original_file
1	line_of
1	line_offset_amount
1	line_separator
1	line_string
1	line_string_wkt
1	line_to_parent
1	linear
1	linear_memory_limit_hit?
1	linear_scale
1	linear_time?
1	linearized?
1	linearized_parents
1	linecount
1	lineplot!
1	lines_between_count
1	lines_of_code
1	lines_pretty_print
1	lines_to_validate
1	linescore
1	linespace
1	linestyle=
1	link_annotation
1	link_browser
1	link_color
1	link_index
1	link_path
1	link_placement
1	link_placement=
1	link_to_remote
1	linkages
1	linkedin
1	linker
1	linking_page_titles
1	links_from
1	links_in_count=
1	links_pdf
1	links_plain
1	links_xml
1	lint=
1	lint_package_todo_yml_files!
1	lint_package_yml_files!
1	lint_paths
1	linter_names
1	linux_output_dir=
1	liqrrd_match
1	liqrrd_score
1	liquid
1	liquid_lookup
1	liquid_variable
1	liquidity_pool
1	lisc_do
1	list2hash
1	listCookbooks
1	listFileHashLines
1	listPostsByUsername
1	listStatus
1	list_access_keys
1	list_account_aliases
1	list_address_historical_balance
1	list_address_transactions
1	list_aggregated_instances
1	list_aliases
1	list_all_by_group
1	list_all_characters
1	list_all_documents
1	list_all_groups
1	list_all_groups_in_proj_aka
1	list_all_quotes_for_character
1	list_all_refs
1	list_append
1	list_apps
1	list_arbitrary_node
1	list_asset
1	list_attributes
1	list_backups_for
1	list_best_sellers
1	list_blobs
1	list_books
1	list_branches
1	list_caches
1	list_carriers
1	list_client_docs
1	list_clients
1	list_compartments
1	list_confirm!
1	list_containers
1	list_days
1	list_defined_domains
1	list_deployments
1	list_dicts
1	list_directories
1	list_distributions
1	list_entities
1	list_event_source_mappings
1	list_exports
1	list_feeds
1	list_flags
1	list_for
1	list_formatter
1	list_functions
1	list_gems
1	list_hosted_zones_by_name
1	list_images
1	list_invalidations
1	list_ip_sets
1	list_ips
1	list_item_all_fields
1	list_item_elements
1	list_labels
1	list_meterpreter_dirs
1	list_mfa_devices
1	list_model_names
1	list_models
1	list_modes
1	list_modules
1	list_node_pools
1	list_of_open_squares
1	list_of_strings
1	list_path_srt_files
1	list_payload_signatures
1	list_prepend
1	list_project_files_all
1	list_project_files_archive
1	list_project_files_working
1	list_records
1	list_remotes
1	list_reusable_delegation_sets
1	list_right_options
1	list_select
1	list_selection_events
1	list_series
1	list_servers
1	list_services_response=
1	list_sessions
1	list_size
1	list_size=
1	list_snapshots_for
1	list_source_docs
1	list_sources
1	list_stacks
1	list_start
1	list_state
1	list_suppressed_destinations
1	list_tags_for_resource
1	list_templates
1	list_to_run
1	list_to_table
1	list_tokens
1	list_trades
1	list_transfers
1	list_user_messages
1	list_user_policies
1	list_valid
1	list_value
1	list_value=
1	list_vcls
1	list_worktrees
1	list_zone
1	listed?
1	listen!
1	listen_address
1	listen_loop
1	listen_port
1	listen_to
1	listener=
1	listener_array
1	listenerf
1	listeners_for
1	listening?
1	listify
1	listing
1	listings
1	listreceivedbyaddress
1	listsinceblock
1	listtransactions
1	listxattr
1	lite
1	lite_mode=
1	literal!
1	literal_append
1	literal_blob_append
1	literal_literal_string_append
1	literal_predicted_args
1	literal_string_append
1	literal_symbol
1	literal_symbol_append
1	literal_symbol_set
1	literals
1	litleTxnId=
1	live
1	live?
1	live_action_token
1	live_id
1	live_key
1	live_path
1	live_path=
1	live_url
1	lives
1	ljust_with_color
1	ll
1	llama_bot_rails
1	llamar
1	llm
1	llm_generate
1	llm_mode
1	llm_providers_config
1	llm_response
1	lmap
1	lnb
1	lnd
1	lng_to_nx
1	lnums_for_str
1	lnurl
1	lo
1	loadAmount=
1	loadBaseRulz
1	loadComponentFromTemplate
1	loadComponentFromURL
1	loadJson
1	loadLibrary
1	loadLookupTable
1	loadPage
1	loadRemoteSolrServer
1	loadRequest
1	loadStrictMode
1	load_a_table
1	load_address
1	load_all_categories
1	load_all_from
1	load_all_models
1	load_and_extract_author
1	load_and_extract_book
1	load_and_extract_publisher
1	load_and_substitute
1	load_api_mailing_or_fail_loud
1	load_app_config!
1	load_app_config_params
1	load_app_kadim_consts
1	load_array
1	load_associations
1	load_authorization_credentials
1	load_available
1	load_backends
1	load_backup
1	load_balancer_arn
1	load_betas
1	load_bridge_support_file
1	load_browsers!
1	load_by_name
1	load_byebug
1	load_byebug!
1	load_cache
1	load_cached_partial
1	load_cdf
1	load_certs
1	load_classes_in_dir
1	load_classes_in_rails_dirs
1	load_code_files
1	load_colors
1	load_commands_by_aggregate_id
1	load_component_template
1	load_config_raw
1	load_config_user
1	load_configuration!
1	load_conversation
1	load_cookiestxt
1	load_core_ext
1	load_coverage_data
1	load_cpi
1	load_creds!
1	load_css_properties
1	load_cucumber
1	load_custom
1	load_custom_data
1	load_custom_extensions
1	load_cv
1	load_data_source
1	load_db
1	load_db!
1	load_db_dump
1	load_dc_config
1	load_default
1	load_descriptors
1	load_dictionary!
1	load_dll
1	load_document
1	load_drawing
1	load_driver
1	load_emojis
1	load_endings
1	load_enum_data
1	load_enviroment
1	load_environment
1	load_events_by_aggregate_id
1	load_extensobr_settings
1	load_factories
1	load_factory
1	load_ffi
1	load_file_data
1	load_filter
1	load_first_found
1	load_flags
1	load_for
1	load_for_configuration
1	load_frame_subclass
1	load_from_config
1	load_from_directory
1	load_from_filename
1	load_from_files
1	load_from_hash
1	load_from_id
1	load_from_name_list
1	load_from_scraper
1	load_from_xml
1	load_from_yaml
1	load_from_yml
1	load_fs
1	load_fx_annual_fallback
1	load_fx_year
1	load_gemfile
1	load_gemspec_uncached
1	load_generators
1	load_glade
1	load_handlers!
1	load_hash_for_serialize
1	load_hatts_using_configuration
1	load_houses
1	load_html
1	load_ignores
1	load_images
1	load_input
1	load_inputs
1	load_instance
1	load_integration
1	load_integrations
1	load_isolated
1	load_jar
1	load_jars!
1	load_java_part
1	load_kerbifile
1	load_layout
1	load_lexer
1	load_lexicals
1	load_library
1	load_libs_here
1	load_local_libs
1	load_local_libs=
1	load_locale_file
1	load_logger
1	load_logs
1	load_magick
1	load_manifest
1	load_memory
1	load_method
1	load_missing_constant
1	load_model
1	load_models_for
1	load_name
1	load_node
1	load_oauth_tokens
1	load_options=
1	load_options_from_yaml
1	load_orig
1	load_oses!
1	load_outputs
1	load_patch
1	load_people_hash
1	load_phasefile!
1	load_plugin_reviews
1	load_prepares
1	load_problem
1	load_profiles_raw
1	load_projects
1	load_properties
1	load_protobufs
1	load_rails
1	load_rails!
1	load_rakefile
1	load_raw
1	load_rcfiles
1	load_rdoc
1	load_registry_patterns
1	load_request
1	load_resources
1	load_reversal
1	load_reviews
1	load_roads
1	load_rows
1	load_rules_from_file
1	load_runtime_preferences
1	load_safe_marshal
1	load_schema_current
1	load_schema_if_pending!
1	load_schemas!
1	load_secret
1	load_secret_secrets_into_secrets
1	load_secrets?
1	load_seed
1	load_serializer
1	load_setup
1	load_shared!
1	load_shared_config
1	load_shell
1	load_source
1	load_sources
1	load_specification
1	load_state
1	load_state_dict
1	load_state_dict_from_url
1	load_states_or_suffixes
1	load_stdlib
1	load_storage
1	load_svc_hash
1	load_table
1	load_table_config
1	load_tagged_requests
1	load_target
1	load_templates
1	load_time=
1	load_timezone_data
1	load_tlds
1	load_tmx
1	load_to_db
1	load_token
1	load_tracking_number_data
1	load_type_data
1	load_types_config
1	load_url
1	load_user_config
1	load_uuid
1	load_value
1	load_veracross
1	load_versions
1	load_whitelist
1	load_widget_extensions
1	load_xml
1	load_yaml_file!
1	load_yaml_with_tags
1	load_yml
1	load_yml_data
1	load_ys_to_json
1	loadconfig
1	loaded_cancan_resources
1	loaded_config=
1	loaded_files
1	loaded_from
1	loaded_map
1	loaded_notifiers
1	loaded_plugins
1	loaded_schemas
1	loaded_types
1	loaded_urls
1	loader!
1	loader_pattern_load_from_dir
1	loaders=
1	loadfile
1	loading
1	loads
1	loadview
1	loadviews
1	loan
1	loan_paid
1	loc2xy
1	loc?
1	local=
1	local_authority_name
1	local_branch
1	local_bundle_path=
1	local_cache_negative_ttl
1	local_cache_ttl
1	local_color_table
1	local_color_table_size
1	local_entry_count
1	local_fiber_variables
1	local_file_path
1	local_filename
1	local_fragment_cache
1	local_gems
1	local_header_offset
1	local_images
1	local_maxima
1	local_message_type
1	local_message_type=
1	local_mode
1	local_net
1	local_net=
1	local_overrides=
1	local_params_string
1	local_path=
1	local_repository=
1	local_root
1	local_set
1	local_sha
1	local_stage?
1	local_table
1	local_theme_dir
1	local_time
1	local_time_zone
1	locale_code
1	locale_country_codes
1	locale_delimiter
1	locale_description
1	locale_dir
1	locale_escaped
1	locale_from_args
1	locale_head_number
1	locale_id
1	locale_key
1	locale_param_key
1	locale_param_present?
1	locale_path=
1	locale_text
1	localities_dataset
1	localization
1	localizations=
1	localize_path
1	localized_language_select
1	localized_name=
1	locally_available?
1	localname
1	locals=
1	localstate_default_directory
1	locate_directories
1	locate_include_file
1	locate_rails_root
1	locate_signed
1	locate_versions
1	locationPeriod=
1	locationType=
1	location_
1	location_1
1	location_1=
1	location_2=
1	location_check_rule_access
1	location_details_url
1	location_ids=
1	location_list
1	location_list_add
1	location_list_check_rule_access
1	location_list_delete
1	location_list_edit
1	location_list_list
1	location_list_location_add
1	location_list_location_delete
1	location_list_location_list
1	location_list_resolve_name
1	location_of_custom_rules
1	location_propagation_store=
1	location_type
1	location_uri
1	location_uri=
1	lock=
1	lock_apps_and_versions
1	lock_class=
1	lock_expiry_time
1	lock_filename
1	lock_held?
1	lock_interval=
1	lock_key
1	lock_manager
1	lock_max_wait_time
1	lock_next
1	lock_on_sleep=
1	lock_or_find
1	lock_path
1	lock_retry_delay
1	lock_smith_files
1	lockbox_attachments
1	lockbox_attributes
1	lockdown
1	locked_by
1	locked_deps
1	lockf
1	lockkey_use_value
1	locks
1	lockup
1	log2
1	log?
1	logActualResult
1	logComment
1	logEndTest
1	logException
1	logExpectedResult
1	logFree
1	logRotator
1	logStep
1	logWarn
1	log_access
1	log_arguments?
1	log_as
1	log_assignment
1	log_at
1	log_bad_associations
1	log_bandit_action
1	log_base
1	log_body
1	log_class_name
1	log_class_name=
1	log_colorize
1	log_command
1	log_configuration
1	log_connection
1	log_connection_yield
1	log_correlation
1	log_debug_message
1	log_deprecation
1	log_device
1	log_dir=
1	log_directory
1	log_directory=
1	log_down
1	log_driver
1	log_dsl
1	log_each
1	log_emphasis
1	log_event
1	log_fact
1	log_fatal
1	log_file_entry
1	log_file_path=
1	log_file_status
1	log_filepath
1	log_files=
1	log_fn
1	log_formatter=
1	log_gamma
1	log_gems!
1	log_group_name
1	log_groups
1	log_handler=
1	log_heading
1	log_host_for
1	log_host_key
1	log_host_key_for
1	log_hosts
1	log_http
1	log_input
1	log_instance
1	log_json
1	log_kv
1	log_level_int
1	log_level_setup
1	log_lines
1	log_manager
1	log_move
1	log_name=
1	log_noise_filters
1	log_notification
1	log_ok
1	log_only
1	log_out
1	log_page_views
1	log_path_holder
1	log_paths=
1	log_pipe
1	log_posts
1	log_progress
1	log_puts
1	log_shift_age
1	log_shift_size
1	log_sidekiq
1	log_sms
1	log_sql
1	log_status
1	log_stream_name
1	log_table_row
1	log_tags
1	log_tags=
1	log_task
1	log_to
1	log_transfer
1	log_twirp_calls
1	log_type=
1	log_unk
1	log_unknown_cookies
1	log_up
1	log_values
1	log_warning
1	log_warnings=
1	log_with_severity
1	log_writer=
1	logback
1	logd
1	logdev
1	logdevice
1	loge
1	logfile_path
1	loggable?
1	loggedInUser=
1	logged_define_method
1	logged_in
1	logged_in_agent
1	logged_models
1	loggedin
1	loggem
1	logger?
1	logger_context
1	logger_names
1	logger_provider=
1	logger_topic
1	logger_without_tag
1	loggerman
1	logging_enabled
1	logging_level
1	loggit
1	logic
1	logical_resource_id
1	logical_volumes=
1	loginName
1	login_authentication_method
1	login_authentication_method=
1	login_exclusive=
1	login_path
1	login_process
1	login_response
1	login_to_moodle
1	login_token
1	login_token_exp_time
1	login_uri
1	login_with_auth_code
1	logistic_floor
1	logit
1	logjoy
1	logmask
1	logmask=
1	logname
1	logo=
1	logo_url
1	logo_url=
1	logonReturn
1	logop
1	logout_other_sessions
1	logout_path
1	logout_url
1	logs_url
1	logw
1	lol_boolean?
1	lol_float?
1	lol_identifier?
1	lol_integer?
1	lol_string?
1	lon=
1	long?
1	longName
1	long_access_token
1	long_access_token=
1	long_detail
1	long_help?
1	long_id
1	long_key
1	long_name
1	long_name=
1	long_option
1	long_poll_interval
1	long_press
1	long_query
1	long_switch?
1	long_url
1	long_url=
1	long_value
1	longest_alias
1	longest_day=
1	longest_element
1	longest_prefix
1	longest_streak
1	longitude_of_ascending_node
1	lookAheadFor
1	lookBehindFor
1	look_back
1	look_for_chars_in
1	lookbook_preview_url
1	lookup!
1	lookup=
1	lookupData=
1	lookup_by_kind
1	lookup_by_location
1	lookup_cast_type
1	lookup_cast_type_from_column
1	lookup_columns
1	lookup_data
1	lookup_delivery_method
1	lookup_domain_by_name
1	lookup_equivalent_vaccines=
1	lookup_generalized_vaccines=
1	lookup_gguf_path
1	lookup_key
1	lookup_lines
1	lookup_list
1	lookup_namespace_in
1	lookup_paths
1	lookup_vaccine_by_code=
1	lookup_with
1	lookupdev
1	lookups
1	loop_interval
1	loop_once
1	loopback
1	lorem
1	loss
1	loss_function
1	loss_time
1	losses_until_below_target
1	lost
1	loud=
1	low_sd_message
1	low_sleep
1	lower
1	lower=
1	lower?
1	lower_bound
1	lower_entry
1	lowercase
1	lowercase!
1	lowercase?
1	lowercase_chars
1	lowest_rec_ppem
1	loyalty
1	lp
1	lparen_loc
1	ls_files
1	ls_files=
1	ls_issues
1	ls_tree
1	lsi_norm
1	lsn
1	lsp
1	lstrip_by
1	lt=
1	lt_or_eq_type
1	lt_or_eq_value
1	lte
1	lteq=
1	lucene_escape_query
1	lucky_find
1	lugarExpedicion=
1	luhn
1	lumberyak
1	lunch_at
1	lval
1	lvalue
1	lvm_version=
1	lx
1	lxc
1	lyric
1	lyric=
1	lyrics
1	lyrics_body
1	lzma_code
1	lzma_easy_encoder
1	lzma_end
1	lzma_stream_decoder
1	m=
1	mProbers
1	m_return
1	ma
1	ma_filter
1	ma_response
1	mac=
1	mac_address
1	mac_file_url
1	mac_style
1	mac_threshold
1	mac_threshold=
1	mac_to_num
1	mac_valid
1	machine_info
1	machines
1	macos?
1	macosx?
1	macros
1	made_nil
1	made_resourceful=
1	mae
1	mage
1	magic
1	magic_header_name
1	magic_header_name=
1	magic_number
1	magic_without_tears
1	magicdescr
1	magicksave
1	maglev_nil_references
1	magnet_link
1	magnitude
1	mail=
1	mail_service
1	mail_to
1	mail_with_picture
1	mailchimp_api_key=
1	mailchimp_merge_fields
1	mailchimp_ses_key=
1	maildir
1	mailer_class=
1	mailer_name
1	mailer_recipients
1	mailer_sender
1	mailers
1	mailfrom
1	mailing_list=
1	mailing_sequence_owner_description
1	maillist
1	main!
1	main=
1	mainFrame
1	main_app
1	main_app_module_name=
1	main_bucket_name=
1	main_classes
1	main_code
1	main_command
1	main_context
1	main_cql_library=
1	main_f
1	main_filename?
1	main_index
1	main_java_file=
1	main_menu_items
1	main_menu_items=
1	main_menu_option
1	main_pool
1	main_room
1	main_ruby_file=
1	main_studio_contact
1	mains
1	maintain_mode_stack
1	maintain_test_schema!
1	makeCurrent
1	makeDirTree
1	makeGitFile
1	makeID
1	makePositionVisible
1	makeUpdateArgs
1	make_a_hash
1	make_alias
1	make_array
1	make_backtick_action
1	make_basic
1	make_bin_data
1	make_commit
1	make_compare_links
1	make_compatible
1	make_conn_params
1	make_context_current
1	make_creditcard_payment
1	make_data_field
1	make_date
1	make_db_ref
1	make_dbconfig_path
1	make_definition
1	make_dsk_from_nibbles
1	make_empty_array
1	make_empty_object
1	make_events
1	make_example_group_header_red
1	make_example_group_header_yellow
1	make_example_name_from
1	make_file_from
1	make_file_from_struct
1	make_first
1	make_flag_set
1	make_folders
1	make_forrest
1	make_frame_struct_tab
1	make_generator
1	make_hash_from_stock
1	make_hash_html_safe
1	make_header_red
1	make_header_yellow
1	make_http_call
1	make_identifier
1	make_it_fit
1	make_key
1	make_list
1	make_log_path
1	make_map
1	make_max_key
1	make_methods
1	make_metods
1	make_min_key
1	make_modifiers
1	make_move_imported_data_sql
1	make_null
1	make_number
1	make_number_as_string
1	make_number_decimal
1	make_number_long
1	make_numeric_string
1	make_object
1	make_object_from_data
1	make_object_id
1	make_objects=
1	make_options_from_uri
1	make_page
1	make_pair
1	make_paths
1	make_pk
1	make_planner_thread_safe_supported?
1	make_ref
1	make_reference_db
1	make_report
1	make_request_contents
1	make_round_number
1	make_string
1	make_subclass
1	make_subgraph
1	make_switch
1	make_table
1	make_template
1	make_time
1	make_timestamp
1	make_undefined
1	make_unknown_types=
1	make_update_mode_append_sql
1	make_update_mode_replace_sql
1	make_update_mode_update_sql
1	make_url
1	make_validator
1	make_value
1	makepasv
1	makeport
1	maker
1	makesure_in_git
1	male_first_name
1	mallctl
1	malloc_stats_print
1	manage_gems
1	manage_guest=
1	manage_host=
1	managed_bot
1	managed_bot_created
1	managed_files
1	management_certificiate=
1	manages_key?
1	mandates
1	mandato=
1	mandatory?
1	mandatory_field?
1	manga_id
1	manifestUrl
1	manifest_countries
1	manifest_digest
1	manifest_paths
1	manifest_public_url=
1	manifest_uuid_path
1	manifests
1	manipulate!
1	manual=
1	manual_callouts
1	manual_class
1	manual_environment_set?
1	manual_start
1	many
1	map=
1	mapTypeToPrims
1	map_by_ids
1	map_by_score
1	map_captures
1	map_class
1	map_close
1	map_column_value
1	map_current_page
1	map_custom_fields
1	map_deferred_result
1	map_each_alignment
1	map_eng_to_thai
1	map_entries
1	map_entry
1	map_error
1	map_expanded_rows
1	map_file_versions
1	map_files
1	map_fns
1	map_for
1	map_hash
1	map_int
1	map_it_id
1	map_json
1	map_numeric
1	map_open
1	map_param_if_exist
1	map_project_files_archive
1	map_project_files_working
1	map_queue_weights
1	map_rec
1	map_record
1	map_reference
1	map_rgba
1	map_route
1	map_search_by_email
1	map_state
1	map_template
1	map_thai_to_eng
1	map_to_hash
1	map_type
1	map_type_name
1	map_view_of_file
1	mapbox_access_token
1	mapify
1	mapkeyvalue
1	mapnik_reference_version_override
1	mapped?
1	mapped_hmget
1	mapped_hmset
1	mapped_msetnx
1	mapped_response_body
1	mapping_error
1	mapping_key?
1	mapping_value
1	mappings=
1	mappings_provider
1	marc
1	margin=
1	margin_left
1	margin_right
1	margins
1	margins_pt
1	mariadb?
1	mark_all
1	mark_as_crawled
1	mark_as_finished
1	mark_as_paid_enabled
1	mark_as_started
1	mark_as_used
1	mark_attribute_temporarily_safe
1	mark_day
1	mark_dirty!
1	mark_natural_stop
1	mark_only_orig_relation_delete_all
1	mark_only_orig_relation_destroy_all
1	mark_pending!
1	mark_set
1	mark_tile
1	mark_trees_for_export
1	mark_uncovered_lines_with_context
1	markdown_extnames
1	markdown_filters
1	markdown_lib
1	markdown_lib=
1	markdown_lib_defaults
1	markdown_libs
1	markdown_link
1	markdown_renderer
1	markdown_renderer=
1	markdown_table_body_line
1	markdown_table_header_line
1	markdown_to_compact_html
1	markdown_to_html_method
1	markdown_to_latex
1	markdown_value
1	markdown_version_method
1	markdowns_read
1	marked?
1	marked_as_bomb?
1	marked_for_destruction?
1	marker
1	marker_end
1	marker_error
1	markers
1	market
1	market_days_between
1	market_days_from
1	market_for
1	market_open
1	market_work_in_job_dollars
1	marketplace_endpoint
1	marketplace_id
1	marking_confirm
1	marking_refuse
1	marks
1	markup
1	markup?
1	markup_context
1	markup_for_file
1	markup_level
1	markup_width
1	marquise_close
1	marquise_connect
1	marquise_consumer_new
1	marquise_consumer_shutdown
1	marshal_raw
1	marshal_string
1	marshall
1	marshaller
1	marshallers
1	masculine_coded_word_counts
1	mash_stringify_keys!
1	mask48
1	mask_image
1	mask_payload
1	mask_position
1	mask_saturated_threshold
1	masquerade_storage_method
1	mass=
1	mass_assign
1	mass_assignment?
1	mass_assignment_models
1	mass_assignment_safe
1	mass_delete_message
1	mass_product
1	master=
1	master_data
1	master_data_dir
1	master_data_dir=
1	master_from_seed
1	master_ref
1	master_root
1	masterpass_logo_url
1	masterpass_logo_url=
1	mastery_pages
1	mat
1	mat_controller
1	matchTypes
1	match_add_regex
1	match_check_event
1	match_clauses
1	match_colour
1	match_found
1	match_graphs
1	match_handsets
1	match_hash
1	match_level=
1	match_name
1	match_newlines
1	match_one!
1	match_path
1	match_pattern_in_text
1	match_patterns
1	match_rate
1	match_records
1	match_ruby_owners
1	match_score
1	match_template
1	match_text_color
1	match_threshold=
1	match_with_result
1	match_yaml_owners
1	matchable=
1	matched_dn
1	matched_page
1	matched_schema_paths
1	matchee
1	matchers
1	matches=
1	matches_spec?
1	matches_url?
1	matching_encoding
1	matching_first_names
1	material
1	material=
1	materialize_halt_payload
1	materialize_view
1	math
1	matmul
1	matome_updated
1	matrix2hash
1	matrix=
1	matrix_class
1	matrix_cols
1	matrix_mode
1	matte_floodfill
1	matte_replace
1	mattr
1	mattr_writer
1	maturity
1	maturity=
1	matviewname
1	maxItems
1	maxResults=
1	maxRows
1	maxRows=
1	maxViolation
1	max_age=
1	max_alert_display_count
1	max_alert_display_count=
1	max_api_retries
1	max_arity
1	max_array_length=
1	max_attempts
1	max_circular_depth
1	max_code_lines_in_class
1	max_code_lines_in_method
1	max_color_tolerance=
1	max_compressed_length
1	max_concurrency
1	max_concurrent_requests=
1	max_connection_attempts=
1	max_connects=
1	max_credits
1	max_debt_per_module
1	max_delay
1	max_discovery_depth
1	max_distance
1	max_early_data_size
1	max_early_data_size=
1	max_elapsed_time
1	max_execution_time
1	max_field_height
1	max_field_height=
1	max_file_buffer
1	max_file_buffer=
1	max_generations
1	max_index
1	max_installs=
1	max_integer
1	max_integer=
1	max_interval
1	max_interval=
1	max_items_per_association
1	max_lat
1	max_limit
1	max_line_height
1	max_line_height=
1	max_linear_memory_consumed
1	max_lng
1	max_locations_per_table
1	max_module
1	max_page_size
1	max_pagedown
1	max_per_page=
1	max_population_history
1	max_prediction
1	max_quantity
1	max_queue_length=
1	max_randomness_offset
1	max_rate_value
1	max_rating
1	max_reputation
1	max_requests=
1	max_retry=
1	max_rows
1	max_rows=
1	max_rules_amount
1	max_scopes_per_association
1	max_sessions
1	max_size_reached
1	max_stale
1	max_thinking_tokens
1	max_token_retry
1	max_toot_chars
1	max_tries
1	max_tuple
1	max_turns
1	max_usage=
1	max_value
1	max_version=
1	max_wait_seconds
1	max_width=
1	max_words
1	max_x=
1	max_y=
1	max_zoom
1	maxbid=
1	maxima
1	maximum_integer?
1	maximum_message_length=
1	maximum_temperature_at_humidity
1	maximum_unicode_length=
1	maximum_weighted_matching
1	maxpool2d
1	maxrows
1	maxsize
1	maxsize=
1	may_nil_missing_source
1	maybe
1	maybe_coerce_time
1	maybe_configure
1	maybe_escape
1	maybe_output_structured_format?
1	maybe_reraise_error
1	maybe_spec
1	maybe_stream
1	mbid=
1	mbox
1	mcall
1	mch_id
1	mcp_servers
1	mcp_tools
1	mcpp_lib_main
1	md
1	md5_checksum
1	md5_password_for
1	md5_sign
1	md_files
1	md_to_html
1	me_play
1	me_stop
1	mean_anomaly
1	mean_motion
1	mean_obliquity_of_ecliptic
1	mean_rate
1	mean_square
1	measureRequest
1	measure_attributes=
1	measure_definitions
1	measure_definitions=
1	measure_id
1	measure_id=
1	measure_instances
1	measure_instances=
1	measure_logic
1	measure_logic=
1	measure_padding
1	measure_period=
1	measurements
1	measures=
1	mechanism
1	mechanize
1	med25519
1	med25519!
1	media?
1	mediaFile
1	media_box=
1	media_collections
1	media_create
1	media_meta_hash
1	media_queries
1	mediabox
1	median!
1	median_index
1	medium
1	medium=
1	mediumProxyOrigin
1	meeting_id
1	megabyte
1	megapascals
1	megawatts
1	mehrwertsteuer_gesamt
1	mehrwertsteuerbetrag
1	mehrwertsteuersatz
1	melody
1	melody!
1	mem2
1	mem=
1	member_actions
1	member_class_name
1	member_count
1	member_decisions
1	member_profile
1	membership_card_class_name
1	membership_directory_class_name
1	membrane_ids
1	membranes
1	memcache_servers
1	meme=
1	meme_top_bottom
1	memmap
1	memo
1	memoization_observers
1	memoize!
1	memoized
1	memoized_modules
1	memoizing
1	memorySizeMB
1	memory_backend
1	memory_defval
1	memory_usage_kb
1	memoy=
1	memsize_of
1	men_formula
1	mend
1	menge
1	mensaje_sumary_before_export
1	mental_traits
1	mention
1	mention_by_email
1	mentioning_entity
1	mentorship_bulk_group_class_name
1	mentorship_group_class_name
1	mentorship_registration_class_name
1	menu=
1	menu_action
1	menu_create
1	menu_delete
1	menu_items
1	menu_router
1	menu_screen
1	menuconfig
1	merch_to_julian
1	merchant
1	merchantData=
1	merchantId=
1	merchantSdk=
1	merchant_account
1	merchant_acquirer
1	merchant_acquirer_brand
1	merchant_acquirer_brand=
1	merchant_category_code
1	merchant_checkout_id
1	merchant_checkout_id=
1	merchant_city_alternate_language
1	merchant_domain_name
1	merchant_key
1	merchant_key=
1	merchant_name_alternate_language
1	merchant_pos_id
1	merchant_response_record
1	merchant_transactions
1	merge?
1	mergeArea
1	merge_abbrv
1	merge_and_create_temp_directory
1	merge_answer
1	merge_attributes
1	merge_attributes!
1	merge_automatic_fields
1	merge_base_sha
1	merge_branch_into_master
1	merge_collect
1	merge_commit
1	merge_commit_sha
1	merge_commits
1	merge_config
1	merge_config=
1	merge_credentials!
1	merge_data!
1	merge_default
1	merge_error
1	merge_flags
1	merge_from_master
1	merge_hash!
1	merge_hashinf!
1	merge_in_place
1	merge_lidsa
1	merge_location
1	merge_map=
1	merge_messages
1	merge_options
1	merge_options_from_reflection!
1	merge_opts
1	merge_package_file
1	merge_partials!
1	merge_policy=
1	merge_project_rc
1	merge_range
1	merge_recursive!
1	merge_report
1	merge_request
1	merge_requests
1	merge_results
1	merge_results!
1	merge_ruby
1	merge_ruby_requires
1	merge_ruby_with_reviewed_nested_outputs
1	merge_ruby_with_reviewed_nested_outputs_from_replay_bundle
1	merge_ruby_with_reviewed_nested_outputs_from_replay_bundle_envelope
1	merge_ruby_with_reviewed_nested_outputs_from_review_state
1	merge_ruby_with_reviewed_nested_outputs_from_review_state_envelope
1	merge_template
1	merge_timeout
1	merge_top_level_dsl_entries
1	merge_verified_signatures
1	merge_yaml_with_parser
1	merged_branches
1	meridian_arc
1	merit
1	merit=
1	mermaid_config
1	message?
1	message_attributes
1	message_bus_channel_scope
1	message_categories
1	message_class
1	message_container
1	message_format
1	message_goodbie
1	message_handlers
1	message_kwd5
1	message_limit
1	message_mapping
1	message_pump
1	message_string
1	message_sumary_imported
1	message_template
1	message_thread_id
1	message_type=
1	message_verifier
1	messageid_or_error_code
1	messages=
1	messages_to_send
1	messaging=
1	messaging_adapter
1	messenger
1	met
1	met!
1	met?
1	met_scraper
1	meta=
1	meta?
1	meta_charset
1	meta_data
1	meta_data=
1	meta_data_length=
1	meta_delete
1	meta_eval
1	meta_get_with_metadata
1	meta_get_with_value
1	meta_get_with_value_and_cas
1	meta_get_without_value
1	meta_init
1	meta_insert_point
1	meta_map
1	meta_noop
1	meta_set
1	meta_set_append_prepend
1	meta_set_with_cas
1	meta_tags
1	meta_type
1	metacmds
1	metadata?
1	metadata_adapter
1	metadata_closure
1	metadata_dataset
1	metadata_fields
1	metadata_files
1	metadata_from_file
1	metadata_ics
1	metadata_id
1	metadata_status
1	metadata_version
1	metal
1	metal_spec
1	metalink
1	metanorma
1	metasaurus_url
1	metaschema
1	metascore
1	metaurl
1	meter
1	meth_name
1	meth_names
1	methodCall
1	method_
1	method_added
1	method_added_without_rconditions
1	method_blocks
1	method_count_multiplier
1	method_defs
1	method_for_property
1	method_hashes
1	method_interceptor_module_name
1	method_mapper
1	method_mapper=
1	method_missing_assign
1	method_missing_without_livereload
1	method_missing_without_roles
1	method_not_allowed
1	method_not_implemented
1	method_option
1	method_overloads
1	method_owner
1	method_rdoc
1	method_stack
1	method_table
1	method_to_use
1	method_type
1	method_types
1	methodize!
1	methods=
1	methods_count
1	methods_for
1	methods_hash
1	metodoDePago=
1	metric_collector_name
1	metric_d
1	metric_f
1	metric_header
1	metric_header_entries
1	metric_lookup_class
1	metric_sint64
1	metricfy
1	metrics_counter
1	metrics_enabled?
1	metrics_for_monitoring
1	metrics_reporter
1	mf_get_default_param
1	mf_load_model
1	mf_save_model
1	mfa_devices
1	mfa_uri
1	mfenced
1	mgmt_domain
1	mgmt_pass
1	mgmt_user
1	mgsub
1	mht_cache_get
1	mht_leaf_hash
1	mi
1	microsoft_symbol?
1	mid_
1	middle_initial
1	middle_name
1	middle_name=
1	middleware_dependencies
1	middleware_exec
1	middleware_stack
1	middlewares
1	midline=
1	migrate_from_old_db_format
1	migrate_legacy_support
1	migrate_to_sso
1	migrated_users_file=
1	migrating
1	migrating?
1	migration_connection_pool
1	migration_exists?
1	migrations_directory
1	migrations_folder
1	migrations_rootpath
1	migrations_status
1	migrator
1	miller_rabin_bases
1	miller_rabin_test
1	millimeters
1	millions=
1	millions_btu_per_hour
1	mime_type_from_extension
1	mime_types_path
1	mime_version=
1	minItems
1	min_arity
1	min_array_length=
1	min_color_tolerance=
1	min_context_slot
1	min_delay
1	min_field_height
1	min_field_height=
1	min_free=
1	min_grade
1	min_height
1	min_index
1	min_installs=
1	min_integer=
1	min_lat
1	min_lng
1	min_max_loc
1	min_note_spacing
1	min_orphan_lines_allowed
1	min_orphan_sentences_allowed
1	min_prediction
1	min_quantity
1	min_salary
1	min_sha_size
1	min_size
1	min_size_reached
1	min_speed=
1	min_widow_lines_allowed
1	min_widow_sentences_allowed
1	mineral_paths
1	mines
1	minfo
1	mingw32_software?
1	minidbc_init
1	minimagick_enabled=
1	minimal_profile
1	minimal_width
1	minimum?
1	minimum_integer?
1	minimum_severity
1	minimum_temperature_at_humidity
1	minimum_windows_jvm_version=
1	minimum_x_value=
1	minitest_version_gte_5?
1	mins_till
1	minus_without_duration
1	minute_of_hour
1	minutely
1	minutely=
1	minutes_configured?
1	minutes_in_seconds
1	mirror=
1	mirror_both?
1	mirror_gems
1	mirror_x?
1	mirror_y?
1	miss?
1	missed?
1	misses
1	missing?
1	missing_args
1	missing_arguments
1	missing_configuration
1	missing_contexts
1	missing_contexts?
1	missing_count
1	missing_data
1	missing_decrypted_version
1	missing_encrypted_version
1	missing_entries_found
1	missing_files_count_query!
1	missing_files_delete
1	missing_files_delete_all
1	missing_files_delete_renamed_files
1	missing_files_select_all_filenames
1	missing_fk_constraints
1	missing_fk_indexes
1	missing_hash_key
1	missing_needs
1	missing_params
1	missing_props
1	missing_qty
1	missing_receipt_transactions
1	missing_resource
1	missing_resources
1	missing_strapi_server_uri
1	missing_strapi_token
1	missing_suggestions
1	missing_variables
1	missings
1	mission_control_job_path
1	mitie_binary_relation_detector_name_string
1	mitie_binary_relation_trainer_num_negative_examples
1	mitie_binary_relation_trainer_num_positive_examples
1	mitie_classify_binary_relation
1	mitie_create_binary_relation_trainer
1	mitie_create_ner_trainer
1	mitie_create_ner_training_instance
1	mitie_create_text_categorizer_trainer
1	mitie_entities_overlap
1	mitie_extract_binary_relation
1	mitie_extract_entities
1	mitie_load_binary_relation_detector
1	mitie_load_named_entity_extractor
1	mitie_load_text_categorizer
1	mitie_ner_get_detection_length
1	mitie_ner_get_detection_position
1	mitie_ner_get_detection_score
1	mitie_ner_get_detection_tagstr
1	mitie_ner_get_num_detections
1	mitie_ner_trainer_size
1	mitie_ner_training_instance_num_tokens
1	mitie_overlaps_any_entity
1	mitie_text_categorizer_trainer_size
1	mitie_tokenize_with_offsets
1	mix!
1	mix=
1	mixGen
1	mix_in_comparable?
1	mix_with
1	mixed?
1	mixed_content
1	mixed_syntax?
1	mixer
1	mixes_in_class_methods?
1	mixin_bot_from_keystore
1	mixin_configuration=
1	mixout
1	mk_const
1	mk_time_interval
1	mk_wcwidth
1	mkdir_common
1	mkdir_service_default
1	mkdir_service_full
1	mkey
1	mkfifo
1	mkt_cap
1	mktime
1	ml_sem_estimate
1	mm2pts
1	mmap_size=
1	mmheight
1	mmwidth
1	mn
1	mname
1	mo
1	mobile=
1	mobileNo=
1	mobile_carrier_check_rule_access
1	mobile_connection_type_check_rule_access
1	mobile_make_check_rule_access
1	mocha_setup
1	mocha_teardown
1	mocha_verify
1	mock?
1	mock_all_requests
1	mock_backends
1	mock_gem_indexer
1	mock_request?
1	mock_variation_call?
1	mocking=
1	mocking?
1	mod_div
1	mod_id
1	mod_name
1	mod_object
1	modal
1	modal?
1	modalities
1	mode?
1	modeOfPay=
1	mode_is_code?
1	modelDefinition
1	model_class=
1	model_creator_enabled?
1	model_deleter_enabled?
1	model_for
1	model_info
1	model_klass
1	model_klass_name
1	model_listening_caches=
1	model_metadata_file=
1	model_namespace=
1	model_params
1	model_params=
1	model_paths
1	model_registry
1	model_settings_file=
1	model_updated
1	model_updater_enabled?
1	model_updating
1	model_valid?
1	modelerDescription
1	modeler_description
1	models2hash
1	models_dir
1	models_exist?
1	models_path
1	models_with_templates
1	moderate_sd_message
1	modern_ie?
1	modf
1	modifiable
1	modificationMetadata
1	modification_date
1	modified_at=
1	modified_by
1	modifieddate=
1	modifiers
1	modifyNicknameByUid
1	modifyPassword
1	modifyPasswordDirectly
1	modifyPersonalSignatrue
1	modify_ack_deadline!
1	modify_attribute
1	modify_backtrace
1	modify_db_instance
1	modify_db_parameter_group
1	modify_escrow
1	modify_font
1	modify_instance_attribute
1	modify_members
1	modtime
1	modularity
1	modulate
1	module_count
1	module_dir
1	module_extends_activesupport_concern?
1	module_homes
1	module_init!
1	module_initialize_state_methods
1	module_name=
1	module_options
1	module_type=
1	modules_hash
1	modules_root=
1	molecule_ports
1	moma_scraper
1	moneda=
1	moneris
1	moneris_checkout
1	monetary_totals
1	money
1	money?
1	money_with_currency_format
1	mongo
1	mongo_db_version=
1	mongo_detected?
1	mongo_id?
1	mongoid_root_class
1	monitor_blocking
1	monitor_locks
1	monitor_spans
1	monitoring
1	monkey_sort
1	monotonic_clock
1	monotonic_time
1	month?
1	month_carry
1	month_day
1	month_days?
1	month_of_year
1	month_title
1	months_configured?
1	months_of_year
1	mood?
1	moodle_password
1	moodle_password=
1	moodle_server
1	moodle_server=
1	moodle_username
1	moodle_username=
1	moon_apparent_ecliptic_longitude
1	moon_argument_of_latitude
1	moon_argument_of_latitude_high_precision
1	moon_coords
1	moon_declination
1	moon_ecliptic_latitude
1	moon_ecliptic_longitude
1	moon_elongation_from_sun
1	moon_heliocentric_distance
1	moon_heliocentric_latitude
1	moon_heliocentric_longitude
1	moon_illuminated_fraction
1	moon_illumination
1	moon_mean_anomaly
1	moon_mean_anomaly_high_precision
1	moon_mean_elongation_from_sun
1	moon_mean_elongation_from_sun_high_precision
1	moon_mean_longitude
1	moon_phase_angle
1	moon_position
1	moon_position_angle_of_bright_limb
1	moon_right_ascension
1	moon_times
1	more_expressions
1	more_menu
1	more_order_results_available
1	more_pages?
1	morph_attributes
1	morph_to
1	morpheme_at
1	mosaic
1	most_important_point
1	most_important_point=
1	most_recent_step
1	most_recently_expired_time
1	most_similar
1	most_tagged_with
1	most_used_colors
1	most_used_methods
1	mould_counter=
1	mount_conductor
1	mount_path
1	mountable?
1	mountpoint?
1	mountpoints
1	mouseMove
1	mouse_autohide_switch
1	mouse_event
1	mouse_x=
1	mouse_y=
1	mouseclick
1	mov_info
1	moveSellingManagerInventoryFolder
1	move_all_files
1	move_by
1	move_css_files
1	move_diffs
1	move_dirs
1	move_email
1	move_file
1	move_files
1	move_font_files
1	move_images
1	move_imported_data
1	move_instructions
1	move_is_valid?
1	move_js_files
1	move_left
1	move_list
1	move_logs
1	move_node
1	move_piece!
1	move_right
1	move_task_to_list
1	move_tmp
1	move_to_board
1	move_to_done
1	move_to_first_row
1	move_to_list
1	move_to_next_row
1	move_to_trash
1	mover
1	moves=
1	moves_count
1	moving_average
1	mp3nize
1	mplevel=
1	mpos=
1	mpq_to_bpm
1	mpu
1	mpu_list
1	mqtt_receive
1	mrow
1	mrt_colour_to_hex
1	mruby_directory
1	ms_list
1	ms_teams_webhook
1	mscan
1	mseth
1	msg_keys
1	msg_lev=
1	msg_out
1	msgctxt
1	msgget
1	msgid=
1	msgpack_each
1	msgpack_factory
1	msgs
1	msgstr
1	msgstr=
1	msgtype
1	msie?
1	msisdn!
1	msub
1	msubsup
1	msum
1	msup
1	mt=
1	mtable
1	mtext
1	mti=
1	mtime_movie
1	mtime_movie_info
1	mtime_movie_posters
1	mtime_movie_stills
1	mtime_nsec=
1	mtime_search_movies
1	mu
1	mu_pp
1	mu_sigma
1	much_slug_has_slug_registry
1	much_slug_has_slug_update_slug_values
1	mul!
1	multiSignatures=
1	multi_app_model
1	multi_block?
1	multi_cell
1	multi_choice
1	multi_choices
1	multi_choices_with_number
1	multi_choices_with_text
1	multi_cloud_image
1	multi_group_by
1	multi_indexes
1	multi_line_string
1	multi_pass
1	multi_point
1	multi_polygon
1	multi_send
1	multi_send_via_gateway
1	multi_send_via_http
1	multi_valid_param?
1	multiary
1	multiary?
1	multicall_async
1	multicast?
1	multichart
1	multification_table
1	multiglob
1	multiglob_r
1	multihosting
1	multiline
1	multiline=
1	multiline_start?
1	multipart
1	multipart=
1	multiple
1	multipleOf
1	multiple_allowed?
1	multiple_from_string
1	multipliar
1	multiply_with_units
1	multipv
1	multisearch
1	multistatus
1	multistream_target=
1	multivalue
1	munch
1	munch_agnostic
1	munder
1	munderover
1	municipality
1	murmur3_32_str_hash
1	music
1	music_token
1	must_be
1	must_be_any_of!
1	must_be_taken_after?
1	must_be_taken_before?
1	must_because
1	must_complete?
1	must_equal
1	must_not
1	must_only_contain
1	must_only_ever_contain
1	must_supports
1	mustache
1	musts_run
1	mutable_tags
1	mutants
1	mutate_csv
1	mutate_file
1	mutate_rows
1	mutationType
1	mutations
1	mutator_flags
1	mutator_flush_interval
1	mute
1	mutex
1	mutex_key
1	mux_parse_raw_data
1	mvprintw
1	mx_to_lng
1	mx_to_nx
1	my_chat_member
1	my_class_file_path
1	my_clients
1	my_collect
1	my_ip
1	my_list
1	my_projects
1	my_to_lat
1	my_to_ny
1	my_workspaces
1	mylist
1	mylog
1	mysql_gaplock_protection?
1	mysql_online_migrations=
1	mysqldump
1	mzXML
1	n1_bind_to?
1	n1_loaders
1	n_h
1	n_k
1	n_loaded_records
1	n_n
1	n_of
1	n_pages
1	n_pk
1	n_plus
1	n_rows
1	n_secret
1	n_sk
1	nack
1	naive_bayes
1	naked_file
1	namePattern=
1	name_
1	name_args=
1	name_for
1	name_for_opcode
1	name_id=
1	name_length
1	name_lower
1	name_mapping
1	name_minus_mod
1	name_of_last_test
1	name_or_store_name_or_description_like
1	name_parser
1	name_prefix
1	name_scope
1	name_seo
1	name_seo=
1	name_starts_with=
1	name_str
1	name_to_ns
1	name_var_at_index
1	name_with_args
1	name_with_namespace=
1	name_with_owner
1	name_with_owner_from
1	named?
1	named_args
1	named_inspect
1	named_inspect=
1	named_instance_attribute_helpers
1	named_procs
1	named_tagged
1	named_tags
1	named_variables
1	named_variants
1	namelists
1	names_old_overriden
1	names_overriden
1	names_to_s_delim
1	names_weights
1	nameserver
1	nameserver_port
1	nameservers=
1	namespace?
1	namespace_inheritance=
1	namespaces_from_class
1	nameusage_search
1	naming
1	namingSystem
1	namingSystem=
1	naming_convention
1	nan
1	nand
1	nanoTime
1	nano_second_fudge
1	nano_time
1	nanos_backend
1	nanos_mono_repos
1	narrate
1	nat_driver
1	nat_ip
1	national_defined?
1	native_asset
1	native_enabled
1	native_file_types_possible_on_file_system
1	native_functions
1	native_get
1	native_info
1	native_set
1	native_type
1	natives
1	natural_xrefs=
1	nature
1	nature=
1	nav
1	nav_items_in_locale
1	nav_type?
1	navbar
1	navigate_to
1	navigate_to_node
1	navigation_action
1	navigator
1	nb_emails
1	nbf
1	nbsp_strip
1	nc
1	nc!
1	nchannels
1	ncode_to_i
1	ncx
1	ndc
1	ndxExecutableActions
1	near
1	need_bower?
1	need_bundle_install?
1	need_cache!
1	need_dotenv?
1	need_ecto_migrate?
1	need_ecto_seed?
1	need_later
1	need_migrate?
1	need_mix?
1	need_npm?
1	need_pod?
1	need_revision!
1	need_sign_out
1	need_skip_table?
1	need_to_specify_a_directory
1	need_to_update_repo?
1	need_yarn?
1	needs=
1	needs_descriptor
1	needs_patching?
1	needs_to_recompute
1	neg_rating
1	negate_condition_at_index!
1	negated
1	negationRationale=
1	negative_child
1	negative_child=
1	negative_child_growable?
1	negative_delta
1	negative_span
1	neighbor_distance
1	neighbors
1	neighbourhood
1	neighbours
1	neighbours_of
1	neofiles
1	neq
1	nest=
1	nested?
1	nested_attr_for
1	nested_box_fill
1	nested_dispatches
1	nested_models
1	nested_set_options=
1	nested_under_indifferent_access
1	net_connect_allowed?
1	net_ldap
1	net_total
1	netblocks_file=
1	netto_shaped_lines
1	network?
1	network_adapters
1	network_bindings
1	network_error=
1	network_id
1	network_ip
1	network_requests=
1	network_type
1	neurons
1	neutral_description
1	neutralize!
1	never_delete
1	neverblocking?
1	new0
1	new1
1	new=
1	newAreaInstance
1	newCachedThreadPool
1	newDateFormatInstance
1	newDefinition
1	newFile
1	newHazelcastClient
1	newInputStream
1	newInstance
1	newLenghtInstance
1	newMassInstance
1	newMusic
1	newObjectInserter
1	newRoot
1	newTestName
1	newTimeFormatInstance
1	newTimeInstance
1	newTimeout
1	newTimer
1	newVolumeInstance
1	new_attribute
1	new_auto_fields
1	new_backend=
1	new_basic_root
1	new_body
1	new_browser_at
1	new_buffer
1	new_by_attributes
1	new_call
1	new_cat
1	new_channel
1	new_cipher
1	new_class
1	new_cmap_table
1	new_code
1	new_compstmt
1	new_configuration
1	new_criteria
1	new_current_league
1	new_dReal_array
1	new_day
1	new_default_file_utils_proxy
1	new_definition
1	new_digests_insert
1	new_digits
1	new_document?
1	new_document_builder
1	new_domains
1	new_engine
1	new_entry
1	new_file_path
1	new_files_count_query!
1	new_files_insert
1	new_from_api_response
1	new_from_article_element
1	new_from_binary
1	new_from_block
1	new_from_fd
1	new_from_person_ident
1	new_from_query
1	new_from_rack_env
1	new_from_response
1	new_from_scrape
1	new_from_string
1	new_from_uri
1	new_from_url
1	new_from_xml
1	new_game
1	new_generator
1	new_glue
1	new_hash_of_arrays
1	new_id
1	new_if
1	new_innovation
1	new_instance_of
1	new_iter
1	new_klass_ptr
1	new_masgn
1	new_matrix
1	new_mbx_local_ip_regex=
1	new_memory
1	new_message
1	new_museum_scraper
1	new_nodes=
1	new_object=
1	new_object_reader
1	new_ones
1	new_op_asgn
1	new_opsworks_client
1	new_order_params
1	new_parser
1	new_payment_endpoints_renderers
1	new_pg_checksum_by_str
1	new_pod
1	new_private
1	new_products
1	new_public
1	new_raw_private_key
1	new_raw_public_key
1	new_record
1	new_recorded_interactions
1	new_remote
1	new_remote_replica
1	new_repo_name
1	new_resource
1	new_rest
1	new_rev
1	new_roman
1	new_s3_client
1	new_s3tables
1	new_series
1	new_service
1	new_sheet
1	new_sms
1	new_socket
1	new_source
1	new_source=
1	new_sql
1	new_static_library
1	new_store
1	new_string
1	new_subject
1	new_super
1	new_synced
1	new_tag
1	new_temp_local
1	new_temp_statement
1	new_text
1	new_thread_pool_executor
1	new_title
1	new_tmp_path
1	new_token
1	new_topic
1	new_trace_id_value
1	new_undef
1	new_units
1	new_until
1	new_uri
1	new_user
1	new_value
1	new_ver
1	new_version=
1	new_while
1	new_window
1	new_window_init
1	new_with
1	new_with_data_and_format
1	new_with_name
1	new_with_symbolic_weight
1	new_with_value
1	new_without_gridfs
1	new_words
1	new_xml
1	new_yield
1	new_zero
1	newdestination
1	newer_facet_txs
1	newfunction_without_newrelic
1	newickStrings
1	newline?
1	newly_expired
1	news_creator
1	news_file
1	news_string
1	newscope
1	newsitems
1	nextBytes
1	nextId
1	nextSibling
1	next_
1	next_bundle
1	next_bus
1	next_character_count_reset_unix
1	next_cursol
1	next_cursol=
1	next_date=
1	next_document
1	next_entry
1	next_episodes
1	next_expression
1	next_factor
1	next_file
1	next_float
1	next_git_tag
1	next_id
1	next_id=
1	next_in=
1	next_instance
1	next_item
1	next_iteration
1	next_marker
1	next_move
1	next_node=
1	next_note
1	next_plan
1	next_position=
1	next_prime
1	next_recipient
1	next_result
1	next_rolls
1	next_run_time
1	next_season
1	next_sibling=
1	next_step_finishes?
1	next_step_id
1	next_step_name
1	next_stop
1	next_streak
1	next_symbol
1	next_tag
1	next_talk
1	next_tasks
1	next_tick!
1	next_trains
1	next_update
1	next_update=
1	next_url
1	nflog_bind_group
1	nflog_bind_pf
1	nflog_callback_register
1	nflog_close
1	nflog_fd
1	nflog_get_indev
1	nflog_get_outdev
1	nflog_get_packet_hw
1	nflog_get_physindev
1	nflog_get_physoutdev
1	nflog_handle_packet
1	nflog_open
1	nflog_set_mode
1	nflog_unbind_group
1	nflog_unbind_pf
1	nformattag
1	nfq_bind_pf
1	nfq_close
1	nfq_create_queue
1	nfq_destroy_queue
1	nfq_fd
1	nfq_get_indev
1	nfq_get_msg_packet_hdr
1	nfq_get_outdev
1	nfq_get_packet_hw
1	nfq_get_payload
1	nfq_get_physindev
1	nfq_get_physoutdev
1	nfq_handle_packet
1	nfq_open
1	nfq_set_mode
1	nfq_unbind_pf
1	nft_memo
1	ng
1	ngt_clear_error_string
1	ngt_create_error_object
1	ngt_get_error_string
1	ngt_is_property_object_type_float
1	ngt_is_property_object_type_float16
1	nice_length_amk
1	nics_with_pci_info
1	nielsen_campaign_placement_exposure_list
1	nielsen_demographic_list
1	nielsen_ocr_campaign_list
1	nightlies
1	nihongo
1	nil_assertion
1	nil_probability=
1	nil_refutation
1	nil_selected
1	nil_value
1	nilable_is_optional=
1	nilc
1	nill
1	nis2png
1	nist_auth_level=
1	nlink
1	nlopt_algorithm_from_string
1	nlopt_create
1	nlopt_get_dimension
1	nlopt_result_to_string
1	nlopt_srand
1	nlopt_srand_time
1	nlopt_version
1	nng_fini
1	nng_msg_alloc
1	nng_msg_len
1	nng_send
1	nng_setopt_ms
1	nng_socket_id
1	nng_strerror
1	nng_version
1	noCertificado=
1	noCertificadoSAT
1	noMoreCommentSyncAlert
1	noMoreFavoriteSyncAlert
1	no_color=
1	no_colors
1	no_config
1	no_conflict?
1	no_content?
1	no_content_response
1	no_debug_parse=
1	no_double_dash
1	no_embed?
1	no_has_many?
1	no_index
1	no_lock=
1	no_matches
1	no_parse
1	no_partial
1	no_rate
1	no_rockette_dir
1	no_special_chars
1	no_stderr_redirect
1	no_suffix?
1	no_vary
1	nodash
1	node!
1	nodeName
1	nodeNeedingSuffixLink
1	node_assign
1	node_by_id
1	node_changed?
1	node_children
1	node_code_names
1	node_const
1	node_count
1	node_count_text
1	node_default
1	node_for
1	node_height
1	node_id
1	node_id_for_backtrace_location
1	node_method
1	node_namespaces
1	node_number
1	node_parent
1	node_repository
1	node_store=
1	node_value
1	node_values
1	nodejs_detected?
1	nodelist
1	nodesToAncestor
1	nodetype
1	nodule_path
1	noembed
1	nok
1	nom_type
1	nomatch
1	nomatch=
1	nomatches
1	nomatches=
1	nombres
1	nome=
1	nominal_subtype_rel?
1	nonIndexable=
1	nonOfferedSale
1	nonVegSale
1	non_cascading_delete_at
1	non_deferrable_constraints
1	non_example_failure
1	non_js_css_logical_paths
1	non_negatives
1	non_rails_initialize
1	non_recordable_attributes
1	non_recording_span
1	non_sends
1	non_standard_options
1	non_test_data_dump_full_path
1	non_transitive
1	non_translatables
1	noname
1	nonce?
1	nonce_bytes
1	nonce_parameter_generator
1	noncharacter?
1	nondevelopment_dependencies
1	none_s?
1	nonstandard_separator?
1	nonstop
1	nonterm2production
1	nonterminal?
1	nonzero_column?
1	noop
1	noop?
1	nor
1	normDistTest
1	norm_p1h
1	norm_p2h
1	normal=
1	normal?
1	normalForeColor=
1	normalText=
1	normal_check_box
1	normal_cookies_for_ie_in_iframes?
1	normal_log
1	normal_radio_button
1	normal_result
1	normal_sleep
1	normalise
1	normalisedDir
1	normalize_address
1	normalize_agg_json
1	normalize_association_name
1	normalize_bank_account
1	normalize_boolean
1	normalize_city_code
1	normalize_data_pointer
1	normalize_digest
1	normalize_document
1	normalize_double_n
1	normalize_double_n!
1	normalize_encoding
1	normalize_ending
1	normalize_entity
1	normalize_error
1	normalize_filter
1	normalize_gender
1	normalize_generate_options
1	normalize_headers
1	normalize_headers!
1	normalize_issue_records
1	normalize_item
1	normalize_number_e_164
1	normalize_palette_name
1	normalize_position
1	normalize_priv_key
1	normalize_query_values
1	normalize_rakefile_default_task_scaffold
1	normalize_responses
1	normalize_resultset_path
1	normalize_sender
1	normalize_territory_code
1	normalize_tweet
1	normalize_type
1	normalize_values
1	normalize_vars
1	normalize_web_path
1	normalize_zen_han
1	normalized?
1	normalized_attributes
1	normalized_authority
1	normalized_date
1	normalized_distance
1	normalized_encode
1	normalized_ends_on
1	normalized_fragment
1	normalized_host
1	normalized_scheme
1	normalized_scope
1	normalized_site
1	normalizer
1	normalizer=
1	normalizer_block
1	normalizers
1	noscript_domain
1	nosh
1	nosslverify
1	notAllAssignedWithVariable
1	not_
1	not_authorized_url=
1	not_code
1	not_db_model_error
1	not_end_point
1	not_found_response
1	not_implemented_config
1	not_implemented_error!
1	not_implemented_method
1	not_in
1	not_merged
1	not_modified?
1	not_nested
1	not_stale
1	not_valid_after=
1	not_valid_before=
1	notation
1	notation_id
1	notatomic
1	note_added_variable
1	note_fields
1	note_name
1	note_removed_variable
1	note_store
1	note_type
1	note_types
1	notebook
1	notempty?
1	noteplot
1	noteq
1	notes?
1	notes_file
1	notes_file=
1	notes_page
1	notfound
1	nothing_to_commit?
1	nothugly
1	notice=
1	notice_error
1	notifiable_noisy_environments=
1	notifiable_notification_level=
1	notifiable_silent_exceptions=
1	notifiable_verbose=
1	notification?
1	notification_arns
1	notification_collector
1	notification_gateway
1	notification_handler=
1	notification_id
1	notification_settings
1	notification_store_limit
1	notification_subject
1	notification_type
1	notifications=
1	notifications_command=
1	notifications_present?
1	notifier_class
1	notify=
1	notify_at
1	notify_changes
1	notify_dependent_reschedule
1	notify_error
1	notify_if
1	notify_list
1	notify_ok
1	notify_or_ignore
1	notify_s3_upload
1	notify_task_enqueue
1	notify_task_retry
1	notify_task_skip
1	notify_throttle_release
1	notify_url
1	notify_verify?
1	notis_rendered
1	noun
1	now!
1	now=
1	nowVersion
1	now_playing
1	now_proc
1	now_without_mock_time
1	nowhere?
1	np
1	npm
1	nql_filter_condition_strategy
1	nrHits
1	nrSubPages
1	nrows
1	ns=
1	ns_query_concurrency
1	ns_resource_records
1	ns_rwset
1	nss_base64_decode_buffer
1	nss_init
1	nt_to_array
1	nth_wday_in_year_month
1	nth_weekday_of_month?
1	ntlm
1	nucleon_require
1	nud
1	nuget_gem_exe
1	null_object
1	null_relation?
1	nullable
1	nullable=
1	nullable_or_optional?
1	nullification_list
1	nullification_proc_scopes
1	nullification_proc_scopes_per_class_name
1	nullify_batch_size
1	nulls
1	num?
1	numAccountUpdates=
1	numActivates=
1	numAuthReversals=
1	numAuths=
1	numBalanceInquirys=
1	numBatchRequests=
1	numCancelSubscriptions=
1	numCaptureGivenAuths=
1	numCaptures=
1	numColumns=
1	numCpu
1	numCpuThreads
1	numCreatePlans=
1	numCredits=
1	numDeactivates=
1	numEcheckCredit=
1	numEcheckRedeposit=
1	numEcheckSales=
1	numEcheckVerification=
1	numEffectiveHosts
1	numEthernetCards
1	numFields
1	numForceCaptures=
1	numHosts
1	numLoads=
1	numSales=
1	numTokenRegistrations=
1	numTransactions=
1	numUnloads=
1	numUpdateCardValidationNumOnTokens=
1	numUpdatePlans=
1	numUpdateSubscriptions=
1	numVirtualDisks
1	numVmotions
1	num_color
1	num_ctx=
1	num_days_until_cookie_expires
1	num_days_until_cookie_expires=
1	num_fields
1	num_fonts
1	num_full_val_evals
1	num_objects
1	num_of_inputs
1	num_of_layers
1	num_pages
1	num_players
1	num_players=
1	num_ratings=
1	num_redirects
1	num_redirects=
1	num_retrial
1	num_sectors
1	num_segments
1	num_waiting
1	numb=
1	numberWithBool_
1	number_as_fractions
1	number_colors
1	number_content
1	number_format
1	number_like?
1	number_list
1	number_of_backups
1	number_of_branches
1	number_of_capturing_groups
1	number_of_columns
1	number_of_commits
1	number_of_connected_devices
1	number_of_days_to_poll
1	number_of_examples
1	number_of_files
1	number_of_frets
1	number_of_hotfiles
1	number_of_installments
1	number_of_installments=
1	number_of_matching_files
1	number_of_strings
1	number_placeholders
1	number_pool
1	number_sms
1	number_to_bigdecimal
1	number_to_human_size
1	number_to_phone
1	number_to_rounded
1	number_to_words
1	number_with_precision
1	numbered
1	numbers
1	numel
1	numerador
1	numeral=
1	numeric_string?
1	numeric_type?
1	numerify_prod_qcom
1	numfree
1	numlit
1	nummer
1	numo?
1	nums_to_phonemes
1	numtaxa
1	nuspec=
1	nutation_in_longitude
1	nutation_in_obliquity
1	nutritions
1	nx_to_lng
1	ny_to_lat
1	nyse_workday?
1	o_auth_access_token=
1	o_auth_token
1	o_auth_token=
1	o_marker
1	oab_decompress
1	oas
1	oauth2_client
1	oauth_access_token
1	oauth_base=
1	oauth_client
1	oauth_client_for
1	oauth_client_from_schema
1	oauth_configuration=
1	oauth_token
1	oauth_url
1	oauth_version
1	obfuscate!
1	obj1=
1	obj2=
1	obj_checksum
1	object1
1	object1_type
1	object2
1	object2_type
1	object?
1	object_after=
1	object_before=
1	object_class_universal_match
1	object_constraints
1	object_fields
1	object_from_response
1	object_from_row
1	object_id_hex
1	object_id_prop
1	object_ids_update
1	object_key
1	object_kind_of?
1	object_methods
1	object_overwrite_method_missing
1	object_tbl_addr
1	object_to_http_body
1	object_triple
1	object_variable
1	objectify
1	objective
1	objective_c_type_fixture_value
1	objective_repository
1	objective_value
1	objectives_dir=
1	objects_by_uuid
1	objectspace=
1	objstmno
1	obliquity_of_ecliptic
1	observability
1	observable_options=
1	observations=
1	observed_at
1	observed_at=
1	observed_class_inherited
1	observed_utc_offset
1	observer_events
1	observer_hooks
1	observer_method_proc
1	obtain_cookies
1	obtain_token
1	obtained=
1	obx
1	occupied
1	occupied=
1	occurred_at
1	occurrence
1	occurrences_between
1	ocs
1	octave
1	octave_amk
1	octokit
1	ocupacao
1	odata_pool_axi4_A3
1	odbc
1	odd_elements
1	of=
1	ofType
1	of_id
1	of_target
1	off!
1	off_call?
1	off_player_id
1	off_rating
1	offending_node
1	offerPrice
1	offer_handler=
1	offer_type=
1	offeredSale
1	offers
1	office
1	offline_config_update
1	offline_cores
1	offset_diff
1	offset_end
1	offset_left=
1	offset_of
1	offset_right=
1	offset_start
1	offsetlines
1	offsets_up_to
1	oflag=
1	ofmx?
1	ofx_proc_file
1	ofx_set_account_cb
1	ofx_set_transaction_cb
1	og_url
1	og_url=
1	ohai
1	oid=
1	oids
1	oids=
1	okay?
1	ol
1	oldMuic
1	oldValues
1	old_add_counter_cache_callbacks
1	old_and_method4set
1	old_articles
1	old_backend=
1	old_bracket
1	old_class
1	old_click
1	old_connect
1	old_const_get
1	old_const_set
1	old_display_error_message
1	old_div
1	old_do_layout
1	old_downcase_wo_pl
1	old_entry
1	old_eval
1	old_execute
1	old_failed
1	old_get
1	old_gets
1	old_inspect
1	old_instance
1	old_invite_reward_expired_at
1	old_key
1	old_main_cpp_file_txt
1	old_min
1	old_mult
1	old_or_method4set
1	old_p
1	old_passed
1	old_pending
1	old_pow
1	old_push
1	old_read
1	old_read_collections
1	old_render
1	old_render_liquid
1	old_reset
1	old_retrieve_line
1	old_rev
1	old_roman
1	old_run
1	old_send_keys
1	old_set
1	old_site_payload
1	old_sort!
1	old_store
1	old_strftime
1	old_string_index_method_4gstring
1	old_string_lt4set
1	old_string_lte4set
1	old_string_rindex_method_4gstring
1	old_sub
1	old_subcribe
1	old_subtract_method4set
1	old_sum
1	old_tag
1	old_times
1	old_to_h
1	old_to_i
1	old_transfer
1	old_transform
1	old_triple_equal4Set
1	old_upcase_wo_pl
1	old_ver
1	old_verified?
1	old_version
1	old_words
1	old_wren_initialize
1	oldest
1	oldest_uninvited_by_initiation_number
1	ole_classes_detail
1	ole_methods_detail
1	ole_obj
1	ole_respond_to?
1	ole_typelib
1	ollama_generate
1	om
1	omit_docid_prefix
1	omit_hash_value?
1	omit_if
1	omit_source_map_url?
1	omniauth_providers
1	omnom
1	on!
1	on=
1	onClick
1	onNode
1	on_add
1	on_auth_fail
1	on_auth_fail=
1	on_before_request
1	on_behalf_of
1	on_behalf_of=
1	on_benchmark_block
1	on_benchmark_block=
1	on_block
1	on_cache
1	on_call?
1	on_change_callbacks
1	on_compare
1	on_conflict
1	on_connect
1	on_connected
1	on_connection_established
1	on_container
1	on_date
1	on_deepsearch_event
1	on_delete
1	on_deprecated_references_lint_failure
1	on_dispatch=
1	on_emit
1	on_empty
1	on_esc
1	on_event_selected
1	on_expired_session
1	on_extended_data
1	on_failure_strategy
1	on_finish
1	on_finish=
1	on_give_up
1	on_headers_complete
1	on_hook_error
1	on_input
1	on_jruby?
1	on_light_black
1	on_light_cyan
1	on_light_magenta
1	on_log_action_callbacks
1	on_log_callbacks
1	on_message_begin
1	on_message_begin=
1	on_message_complete
1	on_message_complete=
1	on_methods
1	on_mismatch
1	on_missing
1	on_next
1	on_null_object_created
1	on_open_failed
1	on_output
1	on_page_received
1	on_part
1	on_ping
1	on_primary_error
1	on_private_message
1	on_progress
1	on_refresh_cb=
1	on_request_line
1	on_response
1	on_retry
1	on_secondary_error
1	on_setup
1	on_start
1	on_status_line
1	on_tcp_connection_loss
1	on_token_refresh=
1	on_txn_update
1	on_unauthorized
1	on_unknown
1	on_update
1	on_weekend?
1	on_win
1	onclose=
1	ondemand_portal
1	ondemand_title
1	ondemand_version_path
1	one
1	oneOf
1	oneOnRest
1	oneOrMore
1	oneOrMoreOf
1	one_cell_output
1	one_char_to_ebcdic
1	one_extension_type
1	one_new_post
1	one_of
1	oneline?
1	oneofs
1	ones!
1	oneway_anova
1	ongr_setup
1	online?
1	online_since=
1	onload_callback
1	onload_callback?
1	only=
1	only?
1	only_allow_access_to
1	only_at
1	only_deleted
1	only_has_plural_form?
1	only_index
1	only_main_content
1	only_numbers
1	only_output_on_error
1	only_pair?
1	only_zeros?
1	onmessage=
1	onopen
1	onopen=
1	ontola
1	op=
1	op_asgn_type?
1	op_defs
1	op_dir
1	op_explain
1	opal_lib_path
1	opaque
1	opcode_for_small_integer
1	opcode_id
1	openContainer
1	openDirectory
1	openExcelWorkbook
1	openLinks=
1	open_api_spec
1	open_at
1	open_branch
1	open_by_default=
1	open_container
1	open_device
1	open_ended?
1	open_escrow
1	open_file_and_wait_for_exclusive_lock
1	open_file_mapping
1	open_folder
1	open_for_reading
1	open_for_update
1	open_for_writing
1	open_id_complete
1	open_index
1	open_info
1	open_input_files
1	open_interface
1	open_listfile
1	open_page
1	open_passage
1	open_pdf=
1	open_printers
1	open_project_from_path
1	open_public_key_url
1	open_pull_request
1	open_scheduled_fights
1	open_scope
1	open_server
1	open_shell
1	open_state_info
1	open_tag
1	open_tempfile_if_missing
1	open_timeout_sec=
1	open_title_body_editor
1	open_uri_original
1	open_url
1	open_verifyfile
1	open_without_encoding
1	openai
1	openai_api_base
1	openai_api_key=
1	openapi=
1	openapi_additional_properties_value
1	openapi_description
1	openapi_schema
1	opencc_close
1	opencc_open
1	openid
1	openid1_return_to_claimed_id_name
1	openid1_return_to_nonce_name
1	openid_configuration
1	openid_delegate
1	openid_metadata_url
1	openid_server
1	openid_server_certificate
1	openssl_bin
1	openssl_runtime_version_at_least?
1	openuri_original_open
1	openx
1	opera?
1	operate!
1	operate_by_table_cell
1	operate_inspect
1	operationHandle
1	operationHandle=
1	operation_definition
1	operation_failure
1	operation_id
1	operation_info
1	operation_instances
1	operation_name=
1	operation_object
1	operation_type
1	operations=
1	operations_count
1	operator=
1	operator_loc
1	operator_names
1	oplog
1	opp
1	opponent=
1	opposite_direction
1	opposite_position
1	opsi_uri_for_section
1	opt_maybe
1	opt_name
1	opt_parser
1	opt_suffix
1	opt_suffix=
1	optfilter
1	optgroup
1	optimistic
1	optimize!
1	optimize_directory
1	optimize_file
1	optimize_image
1	optimize_images!
1	optimize_indexing=
1	optimize_jumps
1	optimize_rails
1	optimized
1	optimized?
1	option=
1	option_color=
1	option_dryrun=
1	option_exists?
1	option_number=
1	option_quiet=
1	option_selected?
1	option_text=
1	option_topic=
1	option_values
1	optional_attributes
1	optional_data
1	optional_fieldnames
1	optional_fields
1	optional_iso8601_time
1	optional_require
1	optional_string
1	optionally
1	options_config=
1	options_for_safe_load
1	options_insert
1	options_preprocess
1	options_print_left
1	options_to_headers
1	options_type_id
1	options_update
1	optval_get
1	or=
1	or_clauses=
1	or_compare
1	or_criteria
1	orc_schema
1	orderId=
1	orderItems
1	orderSource=
1	order_amount
1	order_amount=
1	order_book
1	order_details
1	order_examples
1	order_id=
1	order_inquiry
1	order_line_add
1	order_line_creative_attach
1	order_line_creative_detach
1	order_line_creative_list
1	order_line_delete
1	order_line_edit
1	order_line_entity_tracker_disabled_delete
1	order_line_entity_tracker_disabled_list
1	order_line_entity_tracker_disabled_set
1	order_line_frequency_delete
1	order_line_frequency_list
1	order_line_frequency_set
1	order_line_integration_list
1	order_line_list
1	order_line_list_max_end_date
1	order_line_list_min_start_date
1	order_line_list_stop
1	order_line_marketplace_attach
1	order_line_marketplace_attach_multi
1	order_line_marketplace_targeting_delete
1	order_line_marketplace_targeting_list
1	order_line_marketplace_targeting_set
1	order_line_network_status_set
1	order_line_publisher_detached_list
1	order_line_publisher_list
1	order_line_publisher_status_set
1	order_line_quick_list
1	order_line_resolve_name
1	order_line_site_attach
1	order_line_site_attach_multi
1	order_line_site_detach
1	order_line_site_detach_multi
1	order_line_staging
1	order_line_targeting_delete
1	order_line_targeting_list
1	order_line_targeting_set
1	order_line_template_delete
1	order_line_template_list
1	order_line_template_set
1	order_line_tracker_add
1	order_line_tracker_delete
1	order_line_tracker_edit
1	order_line_tracker_list
1	order_number_list
1	order_number_resolve_name
1	order_number_resolve_name_from_order
1	order_option
1	order_package_add
1	order_package_archive
1	order_package_delete
1	order_package_edit
1	order_package_frequency_delete
1	order_package_frequency_list
1	order_package_frequency_set
1	order_package_get_vast
1	order_package_integration_list
1	order_package_list
1	order_package_list_stop
1	order_package_quick_list
1	order_package_resolve_name
1	order_package_staging
1	order_result_set
1	order_results
1	order_url
1	order_values=
1	ordered!
1	ordered=
1	ordered?
1	orderers
1	orders=
1	ordinal?
1	ordinal_number
1	org_attrs_simple_parse
1	org_comes_from_env
1	org_id
1	org_repositories
1	org_teams
1	organiation
1	organizationType=
1	organization_id
1	organization_member?
1	organization_public_events
1	organization_repositories
1	organize
1	organized_steps
1	organizer=
1	orgname
1	orgs
1	ori_init
1	orient_inverted
1	origMsg
1	orig_announce
1	orig_call
1	orig_cmd
1	orig_cmd=
1	orig_compile
1	orig_create
1	orig_debug
1	orig_destroy
1	orig_driver_extensions
1	orig_error
1	orig_initialize
1	orig_inspect
1	orig_kind_of?
1	orig_link
1	orig_log_info
1	orig_name
1	orig_new
1	orig_render
1	orig_request
1	orig_send_messages
1	orig_sleep
1	orig_to_json
1	orig_write
1	origin_module_id=
1	origin_pathname
1	origin_site_id=
1	origin_type=
1	origin_url
1	origin_url=
1	original_append_features
1	original_comparator
1	original_error
1	original_extend_object
1	original_file_name
1	original_filename=
1	original_formula=
1	original_index
1	original_key_order
1	original_match_recursive
1	original_message
1	original_model
1	original_new
1	original_open_http
1	original_output
1	original_output=
1	original_platform
1	original_plus
1	original_position
1	original_respond_to?
1	original_set
1	original_size
1	original_slice
1	original_source=
1	original_to_hash
1	original_to_translation
1	original_user_assignment
1	original_userinfo
1	original_validate!
1	original_value
1	original_visit_prop
1	originalassign
1	originalformat
1	originals
1	originalsecret
1	originator
1	origins
1	orphan!
1	orphan_page_titles
1	ortho
1	os2
1	os=
1	os_dependend_assign
1	os_documents_path
1	os_level_connect
1	os_level_preferred_network_password
1	os_name
1	os_type_id=
1	osax
1	oscillate
1	ospeed
1	osqp_cleanup
1	osqp_get_dimensions
1	osqp_set_default_settings
1	osqp_setup
1	osqp_version
1	oss
1	oss_adapter
1	ostack_describe_instance
1	ostreams=
1	ostype
1	osx_output_dir=
1	osx_tags
1	osxdsp_orig_open
1	other=
1	other?
1	other_account
1	other_assignments
1	other_branch_committers
1	other_children
1	other_extensions
1	other_extensions=
1	other_flights
1	other_tags=
1	other_values
1	other_window
1	otp
1	otp_for_confirmation
1	ouput
1	ours
1	out_dir=
1	out_port
1	out_queue
1	out_rotation_groups
1	out_time_real
1	out_transfer_clazz
1	outbound_mailbox
1	outdent
1	outer
1	outerHTML
1	outer_margin
1	outer_radius
1	outfile_location
1	outgoing_call_dir
1	outlines
1	outlying_area
1	outoftree
1	outportByName
1	outports
1	outports=
1	output?
1	outputPath
1	output_arg_info
1	output_channel
1	output_charset
1	output_charset=
1	output_class
1	output_constructor
1	output_debug
1	output_device
1	output_directory=
1	output_enabled?
1	output_escaping=
1	output_exception
1	output_extensions
1	output_extensions=
1	output_file_format
1	output_file_list_paths=
1	output_file_missing?
1	output_filename
1	output_files
1	output_folder
1	output_footnotes!
1	output_from_command
1	output_fullpath
1	output_fullpath=
1	output_hash
1	output_identifier_meth
1	output_image
1	output_info
1	output_information_methods
1	output_javascript
1	output_listeners
1	output_log
1	output_modifier_proc=
1	output_options
1	output_path=
1	output_paths
1	output_payload
1	output_plugin?
1	output_plugins
1	output_results
1	output_schema
1	output_site_path
1	output_stream
1	output_style
1	output_tlx_file
1	output_to_display
1	output_type=
1	output_unverified_signatures
1	output_value
1	output_verbosity
1	outputdir
1	outputdir=
1	outputkey
1	outputs=
1	outputting_to
1	outputxml
1	outs
1	outside?
1	outstream
1	over
1	overallCpuUsage
1	overallMemoryUsage
1	overlapping_with_earlier
1	overlapping_with_earlier=
1	overlapping_with_later=
1	overlaps?
1	overlay_function
1	overloads
1	overridden_method
1	override=
1	override?
1	override_code
1	override_file
1	override_global_config
1	override_headers
1	override_internal_builders
1	override_internal_methods
1	override_location
1	override_mail_method=
1	override_protection
1	override_resources
1	overrides?
1	overrides_for
1	overset
1	overwrite=
1	overwrite_roads
1	owl
1	own
1	owned_by
1	owner=
1	ownerElement
1	owner_assoc=
1	owner_class
1	owner_conn
1	owner_name=
1	owners
1	owning_target=
1	owns_current?
1	owoify
1	p2a
1	p2sh?
1	p=
1	pPr
1	p_append_string_representation_to_buffer
1	p_c_query
1	p_factors
1	p_info
1	p_orig
1	pa_simple_new
1	pace
1	pack1
1	pack2
1	pack_forget
1	pack_ip_addr
1	pack_ip_netmask
1	pack_paths
1	pack_symbols
1	pack_without_homura_hex
1	packageDir
1	package_dir
1	package_file
1	package_for_realpath
1	package_ignore_files
1	package_managers
1	package_methods
1	package_name=
1	package_names
1	package_public_key
1	package_response!
1	packages=
1	packed_ip
1	packed_netmask
1	packed_network
1	packer
1	packet
1	packet_from_id
1	packet_id
1	packet_number=
1	packet_size
1	packet_to_id
1	packet_type
1	packet_type=
1	pad=
1	padBottom=
1	padLeft=
1	padRight=
1	padTop=
1	pad_bottom
1	pad_encode_to_sentences
1	padd_to_fours!
1	padded_subdomain_safe
1	padding_offset
1	padx
1	pady
1	page_action
1	page_at=
1	page_elements
1	page_height
1	page_increment=
1	page_models
1	page_name_safe
1	page_no
1	page_num
1	page_number=
1	page_progression_direction=
1	page_ready
1	page_width
1	page_with_options
1	pagedown_to_bottom
1	pager
1	pagerduty_change_event
1	pages_api_after_render
1	pages_as_image_urls
1	pages_clear
1	pages_path
1	pages_read
1	paginate?
1	paginate_path
1	pagination_progress_marker
1	paint2extract
1	paint_extracted
1	paint_flat_box
1	paint_shadow
1	paint_transparent
1	paintbrush
1	pair_distance_similar
1	pair_enumerator
1	pair_from_json
1	pair_user
1	pair_wine=
1	pairing
1	pairing_data_type
1	pairing_data_types
1	pairing_data_types=
1	pairing_id
1	pairing_id=
1	pairwise_from_ballots
1	pairwise_prime?
1	palette?
1	palette_chunk
1	palindrome?
1	pallete_based?
1	pan
1	pandoc_from_options
1	pandoc_is_current
1	pandoc_path
1	pane
1	panel1_name
1	panel1_precip
1	panel1_temp
1	panes
1	paper_review
1	paper_trail
1	paperclip_attachments
1	par
1	para_filter
1	paradigms
1	paragraph_type
1	paragraph_xy
1	parallel
1	parallel=
1	parallelism
1	parallelizable
1	parallelized
1	param!
1	param=
1	param_encoder
1	param_list
1	param_name
1	param_types
1	param_types=
1	parameter_binding
1	parameter_model
1	parameter_names
1	parameter_value
1	parameter_values
1	parameterized
1	parameters_with_sign
1	parametrizar_grupos
1	parametrized_sql
1	paramify_url
1	params_access?
1	params_class
1	params_for_document
1	params_key_converter
1	params_key_converter=
1	params_limit=
1	params_message
1	params_node?
1	params_root
1	params_to_hash
1	params_valid?
1	paranoid
1	paranoid_column
1	parens_in_def
1	parentConvertor=
1	parentElement
1	parentNode
1	parent_block
1	parent_cardinality=
1	parent_chunk
1	parent_class_name
1	parent_controller
1	parent_database_name
1	parent_doc
1	parent_element
1	parent_exception
1	parent_fiber
1	parent_frame
1	parent_function_def
1	parent_id=
1	parent_index
1	parent_iseq
1	parent_links
1	parent_list
1	parent_model
1	parent_node=
1	parent_options
1	parent_path
1	parent_program_ids
1	parent_reflection
1	parent_relation
1	parent_sql
1	parent_tag
1	parent_taxon
1	parent_taxons
1	parent_thread
1	parent_types
1	parent_url
1	parentheses?
1	parentid
1	parents_state_field_name=
1	parents_tagged_to_same_mainstream_browse_page
1	parish
1	parition
1	parity
1	park_select
1	parks
1	pars
1	parse256
1	parse=
1	parseAddress
1	parseCommand
1	parseData
1	parseDateTime
1	parseDirectory
1	parseExpression
1	parseLatest
1	parseMetaData
1	parseNotify
1	parseOLI
1	parsePostInfo
1	parseREXP
1	parseSI
1	parseSemVer
1	parseToNode
1	parseToNode_org
1	parseUpdate
1	parseValue
1	parseXMLDecl
1	parse_
1	parse_!
1	parse_1d
1	parse_2d
1	parse_3d
1	parse_IPv4
1	parse_IPv6
1	parse_abi
1	parse_action_files
1	parse_actions
1	parse_activities
1	parse_address
1	parse_all_migrations
1	parse_alternatives
1	parse_and_validate
1	parse_any
1	parse_api_url
1	parse_argv
1	parse_array_type
1	parse_as_json
1	parse_asset_url
1	parse_assign
1	parse_ast
1	parse_attrs
1	parse_audio_streams
1	parse_authors
1	parse_bifucate
1	parse_binary_cigar
1	parse_block_contents
1	parse_blocks
1	parse_bool!
1	parse_cash_addr
1	parse_certificates
1	parse_changelog
1	parse_classful_data
1	parse_clips
1	parse_cloudbuild_steps
1	parse_cmgl_response
1	parse_code
1	parse_color
1	parse_columnize_options
1	parse_command_request
1	parse_comments
1	parse_commit
1	parse_common
1	parse_completed_lines!
1	parse_condition
1	parse_config_spec
1	parse_console_param
1	parse_content_type
1	parse_contents
1	parse_cookies
1	parse_cookies_header
1	parse_counties
1	parse_counties_integration
1	parse_css
1	parse_cubehelix_args
1	parse_cvss_string
1	parse_dag_details
1	parse_database
1	parse_date_string
1	parse_date_string!
1	parse_dates
1	parse_datestring
1	parse_datetime_s
1	parse_days
1	parse_db_comment_as
1	parse_defaults
1	parse_destination
1	parse_device
1	parse_device_name
1	parse_device_spec
1	parse_directory
1	parse_docs
1	parse_document_header
1	parse_document_unordered
1	parse_down
1	parse_dsl
1	parse_email
1	parse_env
1	parse_error!
1	parse_error?
1	parse_event
1	parse_existing_dags
1	parse_existing_tags
1	parse_extended
1	parse_fd_opts
1	parse_features
1	parse_field_args
1	parse_fields
1	parse_file_any_syntax
1	parse_file_failure?
1	parse_for_strings
1	parse_format
1	parse_from_file
1	parse_from_hash
1	parse_from_json
1	parse_from_xml
1	parse_front_matter_only
1	parse_gameday_id
1	parse_generics
1	parse_git_log
1	parse_global_point_id
1	parse_gnutls
1	parse_graph
1	parse_hash!
1	parse_hash_format
1	parse_hash_response
1	parse_hello
1	parse_hex
1	parse_hexdigest
1	parse_html_classes_to_arr
1	parse_http
1	parse_i
1	parse_iana
1	parse_identifier
1	parse_image_urls
1	parse_integer
1	parse_intent
1	parse_into
1	parse_it
1	parse_it_all!
1	parse_item
1	parse_jason
1	parse_key
1	parse_key_value_pairs
1	parse_kml
1	parse_kryon_aum_year
1	parse_kryon_aum_year_album
1	parse_kryon_aum_year_albums
1	parse_languages
1	parse_leagueset_args
1	parse_link
1	parse_list
1	parse_list_block
1	parse_lite_document
1	parse_lite_document_unordered
1	parse_lowercase
1	parse_ls_string
1	parse_map_uint32
1	parse_markdown
1	parse_max_slot_num
1	parse_measurement_pts
1	parse_message
1	parse_method_type
1	parse_move
1	parse_multipart
1	parse_native
1	parse_next_page
1	parse_notation
1	parse_nss
1	parse_obj
1	parse_ods
1	parse_ods_with_day
1	parse_openssl
1	parse_opinion_list
1	parse_option
1	parse_options!
1	parse_os
1	parse_pack_format
1	parse_package
1	parse_pagination_params
1	parse_param
1	parse_pdf
1	parse_pin
1	parse_players
1	parse_port_names
1	parse_ports
1	parse_postfix_and_left_assoc
1	parse_postman_test
1	parse_postman_test_headers
1	parse_prefix_and_right_assoc
1	parse_program
1	parse_properties
1	parse_providers
1	parse_proxy
1	parse_query_parameters
1	parse_ranked_element_results
1	parse_raw
1	parse_redis_url
1	parse_reek
1	parse_referrer
1	parse_regions
1	parse_regions_integration
1	parse_request
1	parse_request_cookies
1	parse_resources
1	parse_response_html
1	parse_response_to_json
1	parse_response_with_portal
1	parse_review
1	parse_root
1	parse_rows
1	parse_rules
1	parse_schema
1	parse_secrets
1	parse_seed
1	parse_semantic_types
1	parse_server_info
1	parse_set_cookie_header
1	parse_short
1	parse_signed_request
1	parse_sin
1	parse_single_result
1	parse_sorting_params
1	parse_source
1	parse_spans
1	parse_start
1	parse_status_log
1	parse_stems_only
1	parse_steps
1	parse_string!
1	parse_stringio
1	parse_tests
1	parse_time!
1	parse_time_string
1	parse_to_html
1	parse_to_json
1	parse_to_mappings
1	parse_to_symbol
1	parse_translation
1	parse_tree
1	parse_tree_for_meth
1	parse_tree_for_method
1	parse_tree_for_str
1	parse_unit
1	parse_unix_timestamp
1	parse_uppercase
1	parse_uri
1	parse_user_agent
1	parse_user_agent!
1	parse_value_original
1	parse_verilog
1	parse_video_streams
1	parse_vsys_name
1	parse_vulnerable_states_only
1	parse_with
1	parse_with_citrus
1	parse_with_filepath
1	parse_with_parslet
1	parse_with_selected_parser
1	parse_wkt
1	parse_xccoverage
1	parsebuf
1	parseconf
1	parseconfig
1	parsed_args
1	parsed_array
1	parsed_at
1	parsed_body
1	parsed_content
1	parsed_db_comment
1	parsed_get
1	parsed_headers
1	parsed_lines
1	parsed_options
1	parsefile
1	parseopt
1	parser_available?
1	parser_en_main=
1	parser_error=
1	parser_first_final=
1	parser_instance
1	parser_name
1	parser_prompt_data
1	parser_script
1	parser_start
1	parser_start=
1	parsers=
1	parsesamcmd
1	parsetree
1	parsing
1	parslet
1	parslets
1	part_keys
1	part_names
1	partial_count
1	partial_inserts
1	partial_months
1	partial_path
1	partial_pieces
1	partial_solution
1	partials
1	participant=
1	participating?
1	particles
1	partido=
1	parties
1	partition=
1	partition_field
1	partition_key_column
1	partitionattributesFactory
1	partner
1	partner_add
1	partner_available
1	partner_check_rule_access
1	partner_delete
1	partner_edit
1	partner_id
1	partner_id=
1	partner_list
1	partner_list_by_char
1	partner_resolve_id
1	partner_resolve_name
1	party
1	party_address_1
1	party_address_2
1	party_city
1	party_name
1	party_phone
1	party_state
1	party_zip_1
1	passCode=
1	pass_ci_if_error
1	pass_file
1	pass_file=
1	pass_job
1	pass_on
1	passed_by?
1	passenger
1	passenger_nodejs
1	passenger_python
1	passenger_root
1	passenger_ruby
1	passes
1	passfile_selected
1	passfolder_selected
1	passport_expiry
1	passthrough=
1	passthrough?
1	passthrough_cleanup
1	passthru
1	passwd
1	passwdqc_params_load
1	passwdqc_params_reset
1	password?
1	password_expired
1	password_hash
1	password_hash=
1	password_salt=
1	passwords
1	paste_with_modal
1	pastel
1	pastel=
1	patch_additions
1	patch_block
1	patch_object
1	patch_perform
1	patch_request
1	patch_source
1	patch_streams
1	patch_to_json
1	patcher_class
1	patches
1	patching
1	patching_code
1	path!
1	path?
1	pathPolicy=
1	pathSeparator
1	path_args_hash_to_string
1	path_candidates
1	path_components=
1	path_copy
1	path_exists?
1	path_for_recording
1	path_from_klass
1	path_from_registry
1	path_hint=
1	path_lookup
1	path_map
1	path_mappings
1	path_of
1	path_ok
1	path_parameters=
1	path_params
1	path_reader
1	path_replace
1	path_resembles_library?
1	path_segment
1	path_table
1	path_to_files
1	path_to_image
1	path_to_kosmtik
1	path_to_template
1	path_to_templates_directory
1	path_tree=
1	path_unzip_folder
1	path_with_namespace=
1	path_with_params
1	pathanme
1	paths=
1	paths_by
1	paths_for_removal
1	pathtraq_hits
1	patient_age
1	patient_api_function
1	patient_api_javascript
1	patp2syls
1	pattern=
1	pattern?
1	patternList=
1	patternProperties
1	pattern_fg_color
1	pattern_fields
1	pattern_from=
1	pattern_name
1	pattern_to=
1	pattern_to_file_regexp
1	pattern_to_folder_regexp
1	pauper_settings
1	pawn?
1	pawn_to_back_row?
1	pay
1	pay_enabled?
1	pay_off_line?
1	pay_on_line?
1	payable_functions
1	payee
1	payload_object
1	payload_or
1	payload_schema
1	payload_signature_id
1	paymentTerm=
1	payment_acceptance
1	payment_acceptance=
1	payment_acceptance_types_extension
1	payment_acceptance_types_extension=
1	payment_account
1	payment_amount_information
1	payment_code
1	payment_code=
1	payment_date
1	payment_date=
1	payment_instructions
1	payment_options
1	payment_options=
1	payment_reference
1	payment_successful
1	payment_successful=
1	payment_type
1	payment_url_detail
1	paypage
1	paypage=
1	paypal=
1	paypal_credentials
1	pbkdf2
1	pbs
1	pbs_connect
1	pbs_disconnect
1	pbs_errno
1	pbs_errno=
1	pbs_strerror
1	pcat
1	pcm
1	pconfig
1	pcsc_status_code
1	pct_decode
1	pct_losses
1	pdf_command
1	pdf_creator
1	pdf_dir=
1	pdf_document_classify_page
1	pdf_document_extract_text
1	pdf_document_free
1	pdf_document_get_page_count
1	pdf_document_is_encrypted
1	pdf_document_open
1	pdf_document_open_from_bytes
1	pdf_document_to_html
1	pdf_document_to_html_all
1	pdf_document_to_markdown
1	pdf_document_to_markdown_all
1	pdf_engine_available?
1	pdf_engine_install_message
1	pdf_free
1	pdf_from_url
1	pdf_margin
1	pdf_margin_landscape
1	pdf_oxide_policy_set_by_ordinal
1	pdf_oxide_prefetch_available
1	pdf_oxide_rendered_image_get_bytes
1	pdf_oxide_search_result_count
1	pdf_oxide_search_result_free
1	pdf_oxide_search_result_get_bbox
1	pdf_oxide_search_result_get_page
1	pdf_oxide_search_result_get_text
1	pdf_sign_bytes_pades_opts
1	pdf_splitter_job
1	pdf_to_images
1	pdf_validate_pdf_a_level
1	pdf_validate_pdf_ua
1	pdf_version
1	pdfm
1	pdfme
1	pdksync_gem_dir
1	pdu
1	pe_ttm
1	peach
1	pearson_correlation
1	pedalog_get_error_message
1	pedalog_get_max_error_message
1	pedalog_init
1	peek-buried
1	peek-delayed
1	peek-ready
1	peek_at_proc
1	peek_byte
1	peek_on_signal
1	peek_options
1	peek_token_name
1	peek_xml
1	peeping_toms=
1	peer
1	peer_cert_chain
1	peers=
1	pem=
1	pemltest_parse
1	pen_pos
1	pending_config
1	pending_connect_timeout=
1	pending_cycle
1	pending_fixed?
1	pending_migrations
1	pending_openid
1	pending_openid=
1	pending_or_waiting
1	pending_queues
1	pending_since_dim_factor
1	pending_steps
1	pending_updates?
1	people_id
1	people_ids=
1	per_page_value
1	per_page_values
1	per_test_case
1	per_val_instance_best_candidates
1	percent_change_year=
1	percent_complete
1	percent_encode
1	percent_full
1	percentage_of_tokens_present
1	percentile_result
1	percolate
1	perf_stats
1	perfect_url
1	perfect_url=
1	performSelector
1	perform_acidicly
1	perform_action
1	perform_actions
1	perform_api_call
1	perform_builder
1	perform_caching=
1	perform_call?
1	perform_conversion
1	perform_delete_between_hooks
1	perform_deliveries=
1	perform_dispersing
1	perform_export_kick_off_request
1	perform_filter
1	perform_insert_between_hooks
1	perform_logging
1	perform_logging?
1	perform_nested_write_for_job
1	perform_now
1	perform_post_install_actions
1	perform_set_between_hooks
1	perform_snapshots_for
1	perform_v5_authenticate
1	perform_with_block
1	perform_with_exit_code
1	perform_without_enqueue_time
1	perform_without_hijacking
1	perform_without_jobs_per_fork
1	performance
1	performance_ratio
1	performed
1	performed?
1	performed_actions
1	performed_jobs
1	performed_jobs=
1	performer
1	periapsis
1	periapsis_velocity
1	perimeter
1	period_count
1	period_name
1	period_start_at
1	periods_defined_for_counter?
1	periscope_url
1	periscope_url=
1	perishable_token=
1	perl_bless
1	perm_show
1	permalink_style
1	permanent?
1	permission_check
1	permission_checker=
1	permission_class_name
1	permission_classes
1	permission_file_path
1	permission_file_paths
1	permission_mode
1	permission_prompt_tool_name
1	permission_re
1	permit?
1	permit_all_parameters
1	permit_attribute_names
1	permit_authorization
1	permit_autoloading_before
1	permit_on_passed
1	permit_params=
1	permit_person
1	permit_role
1	permits=
1	permitted_attributes
1	permitted_description_str
1	permitted_params=
1	permut
1	permutation_count
1	permute
1	perror
1	persist!
1	persist_and_perform_async!
1	persist_conversation
1	persist_process
1	persist_state
1	persistant_children
1	persisted
1	persistence=
1	persistence_manager
1	persistence_method
1	persistence_store
1	persistent!
1	persistent=
1	persistent?
1	persistent_init
1	persistent_schemas=
1	persister
1	person_ident
1	personal_info
1	personal_info=
1	personal_recover
1	personal_sign
1	personal_unlockAccount
1	personal_url
1	persons
1	pexit
1	pflichtversichert
1	pg_array
1	pg_assert_pgcrypto!
1	pg_connection
1	pg_json_op
1	pg_jsonb_op
1	pg_libs_only
1	pg_result
1	pgid
1	pgq_event_failed
1	pgq_event_retry
1	pgq_finish_batch
1	pgq_get_batch_events
1	pgq_insert_event
1	pgq_next_batch
1	pgroup=
1	phantom_migrations
1	phantomjs_path
1	phase_to_sym
1	phases
1	phen_change_conflict_policy
1	phen_default_feature
1	phenotype
1	phone_number_prices
1	phone_valid?
1	phonemes_to_nums
1	phones
1	photo_url
1	php
1	php_fpm
1	physical_
1	physical_volumes=
1	pic
1	picc_transceive
1	pick_algorithm
1	pick_byte
1	pick_byte_with_index
1	pick_byte_with_index!
1	pick_char!
1	pick_index
1	pick_match_file
1	pick_name
1	pick_up_from_array
1	pick_up_option
1	pick_url
1	pick_with_index
1	pick_with_index!
1	picpay_token=
1	picture_id
1	pid_dir=
1	pid_file=
1	pid_root
1	pie_chart
1	piece_length
1	piece_to_promote?
1	pieces
1	pii_filters
1	pin
1	pinMode
1	pinToAesKey
1	ping_pattern
1	ping_period
1	ping_server_timeout
1	ping_slack
1	ping_socket
1	ping_status
1	ping_tcp_socket
1	ping_timeout
1	pinmark
1	pipe_data=
1	pipe_to
1	pipeline_abort
1	pipeline_endpoint
1	pipeline_execute
1	pipeline_response_setup
1	pipeline_start
1	pipelines
1	pipeman_host
1	pirate
1	pitch
1	pitchers
1	pivotal
1	pix_key
1	pixbuf
1	pixel_extents
1	pixel_format
1	pixel_id
1	pixel_id=
1	pixel_matrix
1	pk11_check_user_password
1	pk11_free_slot
1	pk11_get_internal_key_slot
1	pk_and_sequence_for
1	pkg_artifact
1	pkgconfig_folder
1	pki_express_home
1	pkp=
1	pkt
1	pl2us
1	pl_replace
1	placeOffer
1	place_host
1	place_in_layout?
1	place_into
1	place_of_service
1	place_on
1	place_order
1	placeholder
1	placeholders
1	placeholders=
1	plain
1	plain=
1	plain_message
1	plain_single_character_display
1	plain_text_secrets
1	plan=
1	plan_class
1	planet
1	planner_nthreads_supported?
1	plans=
1	platform_api_namespace
1	platform_binary_url
1	platform_extension
1	platform_key
1	platform_key=
1	platform_name
1	platform_name=
1	platform_path
1	platform_rule
1	platform_sha256sum_url
1	platform_specific_start
1	platform_specific_stop
1	platform_token
1	platforms=
1	plato
1	play_area
1	play_file
1	play_king_move
1	play_loop
1	play_move
1	play_or_menu
1	play_pawn_move
1	play_sound
1	play_string
1	play_the_game
1	playback_info=
1	playbook?
1	playcount
1	played
1	played_count
1	player1_id
1	player=
1	player_answer
1	player_choose
1	player_first
1	player_id
1	player_last
1	player_last_team_id
1	player_move
1	player_one
1	player_one=
1	player_prompt
1	player_token
1	player_two=
1	player_verifytoken
1	players_count
1	playlist_id
1	playoff_results
1	plsql
1	plug!
1	pluggable_classes
1	plugin_exclusions
1	plugin_path
1	plugin_type
1	plugman=
1	plural_number_second_person
1	pluralize_table_names
1	plus_without_duration
1	pmNotes
1	pmt
1	pnfe
1	png2nis
1	poco_connected
1	pod
1	podIP
1	pod_install_if_required
1	pod_names
1	pod_repo_update
1	pod_targets
1	pod_update!
1	podcast
1	podfile_path
1	podlets
1	podman_executable
1	podman_version=
1	pods_from_project
1	pods_project
1	podspec_repo
1	podspecs
1	point=
1	point_search
1	point_size=
1	point_within_bounds_and_can_have_road?
1	pointcut
1	pointer_hash
1	pointer_info
1	pointers_equal
1	pointsTo=
1	points_for_arc
1	points_for_circle
1	points_for_ellipse
1	points_for_polygon
1	poke_options!
1	polar
1	polarity
1	polarity=
1	polarity_scores
1	policies
1	policy_boundaries
1	policy_class
1	policy_classes
1	policy_for
1	policy_group
1	policy_link
1	policy_machine_uuid
1	policy_name
1	policy_root
1	policy_url=
1	poll_answer
1	poll_interval
1	poll_interval=
1	poll_url
1	pollinations_api_key
1	polling_interval
1	polling_lock
1	poly1d
1	polygon_wkt
1	polygons
1	polygons=
1	polymorphic_name
1	polymorphic_path
1	polyn_env
1	polynomial
1	pony=
1	pool_name
1	pool_size
1	pool_size=
1	pool_sizes
1	pool_usage
1	pop!
1	pop_from_queue
1	pop_keyboard_input_processor
1	pop_mode
1	pop_set_hash
1	pop_sql
1	pop_tags
1	pop_while
1	popcount
1	popen3_async_impl
1	popen3_sync_impl
1	populate_defaults
1	populate_from_env
1	populate_from_payload
1	populate_from_scraping
1	populate_model
1	populate_properties
1	populate_result!
1	populate_table
1	populate_with
1	populate_word_list
1	populationMean
1	populationRatio
1	populationVar
1	population_criteria=
1	population_sets
1	population_size
1	populations=
1	populations_cql_map=
1	por_extenso_em_reais
1	port_autodetect
1	port_conflicts
1	port_for_address
1	port_mappings
1	port_maps
1	port_offset
1	portal
1	portfolio=
1	portfolio_dir
1	portis
1	portuguese_pluralizer_acute
1	portuguese_pluralizer_has_accent?
1	portuguese_pluralizer_last_letter
1	portuguese_pluralizer_last_vowel
1	pos_id
1	pos_set_banner
1	pos_x=
1	pos_y
1	pos_y=
1	position_to_coord
1	positional
1	positioning_columns
1	positive
1	positive=
1	positive_child
1	positive_child=
1	positive_child_growable?
1	positive_delta
1	positive_number?
1	positive_span
1	poskey
1	poskey=
1	possibility_check
1	possibility_re
1	possible_first_names
1	possible_moves
1	possible_persons
1	possible_rails_roots
1	possible_versions
1	possibly_dynamic
1	possibly_identical=
1	postNotificationName_object_userInfo_deliverImmediately_
1	postRequest
1	post_attr_hash
1	post_build
1	post_class_creation
1	post_code
1	post_command
1	post_commit_path
1	post_configure
1	post_configure_hooks
1	post_count
1	post_date
1	post_deploy_task
1	post_elem
1	post_feedback
1	post_form_jsonl
1	post_get
1	post_id
1	post_install_hooks
1	post_install_message
1	post_install_tasks
1	post_jsonm
1	post_logout_redirect_uri
1	post_new_result
1	post_new_result_to_run
1	post_news
1	post_op
1	post_params
1	post_parts
1	post_process!
1	post_process_request
1	post_processing_middleware
1	post_processor
1	post_ps_scale
1	post_search_query
1	post_title
1	post_uninstall_hooks
1	post_url
1	post_with_attachments
1	post_with_time
1	post_write
1	postageapp
1	postagger
1	postal
1	postal=
1	postback_url
1	postcode=
1	posted
1	posted=
1	posted_updates?
1	posters
1	postfixify
1	postgres?
1	postgresql_admin_password=
1	postgresql_user_password=
1	postgresql_version
1	postload_methods
1	postmaster_general
1	postnumber
1	postordered_each
1	postprocess_template
1	posts=
1	postscript_name
1	posx
1	posxml
1	posy
1	potential_plugins
1	pounds_per_hour
1	pout
1	pow_host
1	pow_present?
1	power_consumption
1	power_consumption_watts
1	power_cycle
1	power_int
1	power_restart
1	power_status
1	powerset
1	pp_command
1	pp_form
1	pp_module
1	pp_s
1	pphtml
1	ppm
1	ppqn
1	ppqn=
1	ppt
1	pptl
1	ppu
1	pqa_usage
1	pqrs_services
1	pray_times
1	prctl
1	pre_auth
1	pre_checkout_query
1	pre_commit_path
1	pre_draw
1	pre_exit_hook
1	pre_exit_none?
1	pre_get
1	pre_input_hook
1	pre_install_tasks
1	pre_keyth_load
1	pre_loaded_fixtures
1	pre_loaded_fixtures=
1	pre_parsed_finding
1	pre_process
1	pre_process_chain
1	pre_process_cookies
1	pre_processed_content
1	pre_reset
1	pre_scan_error_mode
1	pre_setup
1	pre_shared_key
1	pre_shared_key=
1	pre_spawn
1	pre_submit_filter
1	pre_symlink_task
1	pre_tokenizer=
1	pre_verify
1	pread
1	preamble
1	prec
1	prec=
1	precedence
1	preceding
1	precheck
1	precheckout_data
1	precheckout_data=
1	precheckout_transaction_id
1	precheckout_transaction_id=
1	precipProbability
1	precipitation=
1	precommands=
1	precommit
1	precompare_array
1	precompare_hash
1	precompile_from_schema!
1	precompiled
1	precompiled_batch
1	precompiled_result
1	precompiled_template
1	pred_id
1	pred_name
1	predefined
1	predefined_values
1	predicate_in_actual?
1	predicate_matcher?
1	predicate_matches?
1	predicate_proc
1	predicted_items
1	predictions
1	preemphasis
1	pref
1	prefLabel
1	prefer_original_backtrace
1	prefered
1	preference
1	preference_options
1	preferred_extension
1	preferred_name
1	preferred_networks
1	preferredidentity
1	prefetch_rows=
1	prefix_and_reset_all_table_names_to
1	prefix_for
1	prefix_map
1	prefix_match
1	prefix_not?
1	prefix_operator_names
1	prefix_remove_copy_transform
1	prefix_source
1	prefix_values
1	prefixed_literal?
1	prefixes=
1	preflight_commitment
1	prefs=
1	preload?
1	preload_methods
1	preload_models=
1	preload_options
1	preloaded=
1	preloaded_module_paths
1	prelude_methods
1	prenumber
1	preordered_each
1	prep_args
1	prep_config
1	prep_for_action
1	prep_for_rendering
1	prep_route
1	prepare?
1	prepareForFile
1	prepare_c_sharp_models_from_hash
1	prepare_class
1	prepare_content
1	prepare_dictionary
1	prepare_doc
1	prepare_document
1	prepare_double
1	prepare_field
1	prepare_grid
1	prepare_index
1	prepare_keys
1	prepare_phantomjs
1	prepare_project
1	prepare_request
1	prepare_rollbar
1	prepare_rows
1	prepare_ruby_models_from_hash
1	prepare_sources
1	prepare_update
1	prepare_upload
1	prepare_urls
1	prepare_vb_dot_net_models_from_hash
1	prepare_with_execute?
1	prepare_workspace
1	prepared?
1	prepared_sql
1	prepared_statement
1	prepared_statements_module
1	prepend_child
1	prepend_content
1	prepend_dll_path
1	prepend_empty?
1	prepend_errors=
1	prepend_features
1	prepend_path
1	prepositions
1	preprocess_image
1	preprocess_options
1	preprocessors
1	prereqs
1	prerequisite_met?
1	presence_field
1	presence_in
1	presence_optional_params=
1	presence_required_params=
1	present!
1	presentOnAdmissionIndicator=
1	present_active_infinitive
1	present_compute
1	present_game
1	present_game_result
1	present_participle
1	present_tense_rule
1	presentation
1	presenters=
1	preserveRunDir
1	preserve_key_order
1	preserve_spaces
1	preserve_vertices
1	preserve_whitespace?
1	preserved_ranges
1	preserved_ranges=
1	presigned_post
1	press?
1	pressed?
1	pressure
1	pretend_enabled
1	prettified_output
1	pretty?
1	pretty_backtrace
1	pretty_format
1	pretty_name
1	pretty_output
1	pretty_path
1	pretty_print_docstring
1	pretty_print_javascript
1	pretty_print_node_with_blurb_and_indent
1	pretty_prompt
1	pretty_string
1	pretty_version_diff
1	pretty_with_output
1	prettys
1	preturn
1	prev!
1	prev?
1	prev_char
1	prev_date=
1	prev_named_sibling
1	prev_node
1	prev_node=
1	prev_occurring
1	prev_page
1	prev_speed
1	prev_x_position
1	prev_x_position=
1	prev_y_position
1	prev_y_position=
1	prevalencePeriod=
1	prevent
1	prevent_unseen_duplicates
1	preview=
1	preview_display_options
1	preview_file
1	preview_host_url
1	preview_paths
1	previews
1	previousSibling
1	previous_comment=
1	previous_cursol
1	previous_cursol=
1	previous_hash
1	previous_migrations
1	previous_node
1	previous_offset
1	previous_sibling=
1	previous_string
1	previous_time
1	previous_transaction_key
1	previous_version
1	previous_version=
1	previously_new_record?
1	price=
1	price_american
1	price_binomial
1	price_cents
1	price_history
1	price_list_by_id
1	price_per_installment
1	price_per_installment=
1	price_unit
1	price_usd
1	pricing_floor_rule_add
1	pricing_floor_rule_delete
1	pricing_floor_rule_edit
1	pricing_floor_rule_list
1	prick
1	prick_state
1	prim_value
1	primary_alert_template=
1	primary_branch
1	primary_concern
1	primary_key_column
1	primary_key_type
1	primary_keys=
1	primary_ledger=
1	primary_result
1	primary_server=
1	primary_store
1	primary_user_id
1	primary_user_id_display
1	primary_vm
1	primary_xml_element
1	prime_fasttest?
1	primitive?
1	primitiveEntry
1	printLocation
1	printNewVersionMessageIfExists
1	printSelf
1	print_actions
1	print_add_description_is_required
1	print_all
1	print_all_helpful_statement
1	print_arr
1	print_attributes
1	print_avg_report
1	print_board
1	print_call
1	print_cant_complete_inexistent_task
1	print_cant_delete_inexistent_task
1	print_children
1	print_colored_status
1	print_columns
1	print_combined_stats
1	print_command_not_recognized_or_missing
1	print_content
1	print_cost
1	print_custom_options
1	print_d3_flamegraph
1	print_date_name
1	print_dates
1	print_deadlinks
1	print_delete_todo_aborted
1	print_delete_todo_confirmed
1	print_delete_todo_request_confirmation
1	print_directory_listing
1	print_documentation
1	print_dotted_on
1	print_end_test_message
1	print_ending_board
1	print_engine
1	print_engine=
1	print_errors
1	print_example_failed
1	print_example_group_start
1	print_example_pending
1	print_example_start
1	print_exit_times
1	print_figure_counter
1	print_files
1	print_flag_not_recognized
1	print_flamegraph
1	print_game_board
1	print_genres
1	print_header
1	print_helpful_statement
1	print_history
1	print_hours
1	print_html_start
1	print_image
1	print_image_file
1	print_important
1	print_in_place
1	print_indexes
1	print_info
1	print_items
1	print_json
1	print_link
1	print_log
1	print_map
1	print_menu_options
1	print_message
1	print_method
1	print_method_is_required
1	print_missing_controller_specs
1	print_missing_helper_specs
1	print_missing_job_specs
1	print_missing_mailer_specs
1	print_missing_model_specs
1	print_missing_route_specs
1	print_missing_serializer_specs
1	print_missing_view_specs
1	print_next_page
1	print_no_matches
1	print_notes
1	print_on
1	print_on_terminal
1	print_pdf_from_html
1	print_pig_latin
1	print_prev_page
1	print_red
1	print_reset_colors
1	print_rounds
1	print_schema
1	print_scorecard
1	print_size_information
1	print_startup_banner
1	print_statistic
1	print_suite
1	print_summary
1	print_summary_report
1	print_table_header
1	print_table_name_and_options
1	print_table_type
1	print_task_created
1	print_task_index_not_positive_integer
1	print_task_list_footer
1	print_task_list_header
1	print_task_list_row
1	print_tasks
1	print_text
1	print_the_aliases
1	print_the_board
1	print_time
1	print_timeline_report
1	print_title
1	print_to_screen
1	print_trackstar_logo
1	print_tweet_content
1	print_usage
1	print_value
1	print_values
1	print_version_info
1	print_welcome
1	print_with_docs
1	print_xy
1	print_yaml
1	printer_class
1	printline
1	printrs
1	printw
1	prior_month
1	priority_attractions
1	priority_countries
1	priority_country
1	priority_languages
1	priotity_initialize_files
1	prismic_api=
1	priv
1	privacy_extension_installed?
1	private=
1	private_call?
1	private_constant
1	private_constants_list
1	private_data
1	private_data=
1	private_datas
1	private_datas=
1	private_decrypt_oaep
1	private_dir
1	private_ip
1	private_mode
1	private_seed
1	private_to_der
1	privileged
1	privileged=
1	privkey_to_pubkey_compressed
1	privkey_to_pubkey_uncompressed
1	privmsg
1	pro
1	pro?
1	pro_endpoint
1	probe
1	probes
1	problem_model?
1	problems
1	problems_dir
1	proc=
1	proc?
1	proc_compare
1	proc_cookie_token
1	proc_external_attributes
1	proc_scopes
1	proc_scopes_per_class_name
1	proc_separator
1	proc_set=
1	proc_subtype_rel?
1	proc_table
1	proceso
1	process=
1	processNamespace
1	processNamespace=
1	process_2nd_input
1	process_all_inline_elements
1	process_array
1	process_association_params
1	process_attributes
1	process_chain
1	process_challenge
1	process_changes
1	process_check
1	process_code
1	process_command
1	process_config_file
1	process_contents
1	process_data_layer
1	process_directory
1	process_error
1	process_execution_id
1	process_for_csv
1	process_for_markdown
1	process_generics
1	process_guess
1	process_images
1	process_kml
1	process_logger?
1	process_main_input
1	process_name
1	process_name=
1	process_names
1	process_nested_table_start
1	process_next_entry
1	process_opt_outs_method
1	process_opts
1	process_orderable
1	process_overlays
1	process_page
1	process_path
1	process_proposal
1	process_puts?
1	process_request
1	process_series_label
1	process_settings
1	process_single
1	process_snippets
1	process_step_position
1	process_steps
1	process_table_end
1	process_taxonomy_file
1	process_token
1	process_tokens
1	process_tuple_directory
1	process_until_empty
1	process_verb
1	process_with_language_pack
1	process_without_torrent
1	process_without_writing
1	process_wrapped_result
1	processed_object
1	processes_from_system
1	processes_size
1	processingInstructions=
1	processing_enabled_for_request?
1	processing_instruction_content
1	processing_instruction_target
1	processing_sister_site?
1	processor_health
1	processor_name
1	processor_pools
1	procless_tables
1	prodalt
1	prodatom
1	prodname
1	prodterm
1	produce_factories
1	produce_specs_for_jobs
1	produce_specs_for_mailers
1	produce_specs_for_routes
1	produce_specs_for_views
1	product_array_valid?
1	product_code
1	product_content_array
1	product_description
1	product_id
1	product_image_permalink
1	product_model
1	product_name=
1	product_sale
1	product_sets
1	production=
1	production_branch
1	production_formatter
1	production_key
1	production_key=
1	production_url=
1	profane?
1	profanity_count
1	profile_by_nickname
1	profile_command_enabled
1	profile_duplicate_query_threshold
1	profile_id
1	profile_image_url
1	profile_image_url_https
1	profile_max_saved_queries
1	profile_name
1	profile_slow_query_threshold
1	profile_type
1	profile_version
1	profiled_methods
1	profiler_engine
1	profilers
1	profit
1	profit_rate
1	prog1
1	program=
1	program_counter
1	program_path
1	program_version=
1	progress_mode=
1	progress_reporter
1	proj_area_create
1	proj_area_destroy
1	proj_area_set_bbox
1	proj_area_set_name
1	proj_cleanup
1	proj_concatoperation_get_step
1	proj_context_create
1	proj_context_destroy
1	proj_context_errno
1	proj_context_errno_string
1	proj_context_get_url_endpoint
1	proj_context_get_user_writable_directory
1	proj_context_is_network_enabled
1	proj_coordinate_metadata_create
1	proj_coordoperation_get_accuracy
1	proj_coordoperation_get_method_info
1	proj_create
1	proj_create_conversion_albers_equal_area
1	proj_create_conversion_american_polyconic
1	proj_create_conversion_azimuthal_equidistant
1	proj_create_conversion_bonne
1	proj_create_conversion_cassini_soldner
1	proj_create_conversion_eckert_i
1	proj_create_conversion_eckert_ii
1	proj_create_conversion_eckert_iii
1	proj_create_conversion_eckert_iv
1	proj_create_conversion_eckert_v
1	proj_create_conversion_eckert_vi
1	proj_create_conversion_equal_earth
1	proj_create_conversion_equidistant_conic
1	proj_create_conversion_equidistant_cylindrical
1	proj_create_conversion_equidistant_cylindrical_spherical
1	proj_create_conversion_gall
1	proj_create_conversion_gauss_schreiber_transverse_mercator
1	proj_create_conversion_geostationary_satellite_sweep_x
1	proj_create_conversion_geostationary_satellite_sweep_y
1	proj_create_conversion_gnomonic
1	proj_create_conversion_goode_homolosine
1	proj_create_conversion_guam_projection
1	proj_create_conversion_hotine_oblique_mercator_two_point_natural_origin
1	proj_create_conversion_hotine_oblique_mercator_variant_a
1	proj_create_conversion_hotine_oblique_mercator_variant_b
1	proj_create_conversion_international_map_world_polyconic
1	proj_create_conversion_interrupted_goode_homolosine
1	proj_create_conversion_krovak
1	proj_create_conversion_krovak_north_oriented
1	proj_create_conversion_laborde_oblique_mercator
1	proj_create_conversion_lambert_azimuthal_equal_area
1	proj_create_conversion_lambert_conic_conformal_1sp
1	proj_create_conversion_lambert_conic_conformal_1sp_variant_b
1	proj_create_conversion_lambert_conic_conformal_2sp
1	proj_create_conversion_lambert_conic_conformal_2sp_belgium
1	proj_create_conversion_lambert_conic_conformal_2sp_michigan
1	proj_create_conversion_lambert_cylindrical_equal_area
1	proj_create_conversion_lambert_cylindrical_equal_area_spherical
1	proj_create_conversion_local_orthographic
1	proj_create_conversion_mercator_variant_a
1	proj_create_conversion_mercator_variant_b
1	proj_create_conversion_miller_cylindrical
1	proj_create_conversion_mollweide
1	proj_create_conversion_new_zealand_mapping_grid
1	proj_create_conversion_oblique_stereographic
1	proj_create_conversion_orthographic
1	proj_create_conversion_polar_stereographic_variant_a
1	proj_create_conversion_polar_stereographic_variant_b
1	proj_create_conversion_pole_rotation_grib_convention
1	proj_create_conversion_pole_rotation_netcdf_cf_convention
1	proj_create_conversion_popular_visualisation_pseudo_mercator
1	proj_create_conversion_quadrilateralized_spherical_cube
1	proj_create_conversion_robinson
1	proj_create_conversion_sinusoidal
1	proj_create_conversion_spherical_cross_track_height
1	proj_create_conversion_stereographic
1	proj_create_conversion_transverse_mercator
1	proj_create_conversion_transverse_mercator_south_oriented
1	proj_create_conversion_tunisia_mining_grid
1	proj_create_conversion_two_point_equidistant
1	proj_create_conversion_utm
1	proj_create_conversion_van_der_grinten
1	proj_create_conversion_vertical_perspective
1	proj_create_conversion_wagner_i
1	proj_create_conversion_wagner_ii
1	proj_create_conversion_wagner_iii
1	proj_create_conversion_wagner_iv
1	proj_create_conversion_wagner_v
1	proj_create_conversion_wagner_vi
1	proj_create_conversion_wagner_vii
1	proj_create_crs_to_crs
1	proj_create_crs_to_crs_from_pj
1	proj_create_operation_factory_context
1	proj_cs_get_axis_count
1	proj_cs_get_axis_info
1	proj_datum_ensemble_get_accuracy
1	proj_datum_ensemble_get_member
1	proj_datum_ensemble_get_member_count
1	proj_destroy
1	proj_dir
1	proj_dmstor
1	proj_ellipsoid_get_parameters
1	proj_errno_reset
1	proj_errno_string
1	proj_get_area_of_use
1	proj_get_area_of_use_ex
1	proj_get_celestial_body_name
1	proj_get_crs_list_parameters_create
1	proj_get_crs_list_parameters_destroy
1	proj_get_domain_count
1	proj_get_id_auth_name
1	proj_get_id_code
1	proj_get_name
1	proj_get_scope
1	proj_get_scope_ex
1	proj_get_type
1	proj_get_units_from_database
1	proj_grid_info
1	proj_info
1	proj_init_info
1	proj_insert_object_session_create
1	proj_insert_object_session_destroy
1	proj_is_crs
1	proj_is_download_needed
1	proj_list_destroy
1	proj_list_get
1	proj_list_get_count
1	proj_operation_factory_context_destroy
1	proj_pj_info
1	proj_prime_meridian_get_parameters
1	proj_rtodms
1	proj_rtodms2
1	proj_string_list_destroy
1	proj_todeg
1	proj_torad
1	proj_trans
1	proj_unit_list_destroy
1	proj_uom_get_info_from_database
1	project?
1	projectPath
1	projectTicket=
1	projectTickets=
1	project_assembly!
1	project_backlog
1	project_burndown
1	project_by_name
1	project_by_url
1	project_card_wall
1	project_claude_dir
1	project_config
1	project_dir=
1	project_directory
1	project_file_location
1	project_file_path
1	project_filename
1	project_for_cluster
1	project_id=
1	project_keys
1	project_keys=
1	project_list_names
1	project_onto
1	project_path
1	project_path_for
1	project_prefix
1	project_references
1	project_resource
1	project_search
1	project_sprint
1	project_sprint_burndown
1	project_sprint_card_wall
1	project_sprints
1	project_stories
1	project_story
1	project_tag
1	project_token
1	project_valid?
1	projects_by_filter
1	projects_by_username
1	projects_oneline
1	projectsfolder
1	promise_fulfilled
1	promise_rejected
1	promoted=
1	prompt_assistant
1	prompt_enabled?
1	prompt_for_comments
1	prompt_id
1	prompt_llm_with_expected_payload
1	prompt_mode=
1	prompt_name
1	prompt_name=
1	prompt_name_value
1	prompt_non_empty
1	prompt_option_tag
1	prompt_system
1	prompt_templates
1	prompt_until_valid
1	promt_list
1	proname
1	pronamespace
1	pronto?
1	prop
1	prop_data
1	prop_name
1	propagation=
1	propagation_formats
1	proper_subset?
1	proper_subsets
1	proper_table_name
1	properly_data_entered?
1	properties_array
1	properties_equal?
1	properties_hash
1	property=
1	property_definition_set
1	property_differences
1	property_inactive?
1	property_sets_connection_class
1	property_type_methods
1	propfile
1	propfind
1	proportions
1	proposal
1	proposal_hash
1	proposal_response_payload
1	props_recursion!
1	prose=
1	protect_branch
1	protect_controller_actions
1	protected_branches
1	protected_class
1	protected_headers
1	protected_keys
1	protection_state
1	protection_state=
1	protections
1	proteinas
1	proteins
1	protoRegexp
1	proto_file
1	proto_full_ident
1	protocol_family
1	protocol_identifier=
1	protocol_number=
1	protocol_version
1	prototype_of
1	prototyping
1	protractor
1	protractor=
1	provide_cookie
1	provided
1	provider_class
1	provider_config
1	provider_dependencies
1	provider_endpoint
1	provider_entity_statement_fetcher
1	provider_id
1	provider_job_id=
1	provider_namespace
1	provider_params
1	provider_patterns
1	providers_by_key
1	provides_attrs
1	province=
1	provisioning_profile_list
1	provisioning_profile_name
1	proxied?
1	proxied_object
1	proxies_enabled
1	proxified?
1	proxify
1	proximic_data_list
1	proxy?
1	proxyEndpoint
1	proxyEndpoint=
1	proxy_client
1	proxy_config
1	proxy_connect?
1	proxy_for
1	proxy_headers
1	proxy_incoming_to
1	proxy_lists
1	proxy_methods
1	proxy_module_with_purpose
1	proxy_operations
1	proxy_options
1	proxy_pool
1	proxy_requests
1	proxy_string
1	proxy_type
1	proxy_type=
1	proxypwd=
1	prt
1	prune_files
1	pry_config
1	pry_debug
1	pry_debug=
1	ps_rss
1	psetex
1	psia
1	psize=
1	psk_key_exchange_modes
1	psk_key_exchange_modes=
1	psp_id
1	psp_id=
1	psp_transaction_id
1	psp_transaction_id=
1	psql
1	psql_command
1	psql_env
1	psus
1	psych_keys
1	psych_node
1	psych_safe_load
1	pt
1	ptl
1	pub
1	pubid_select
1	pubkey
1	public_api
1	public_class_method
1	public_constants
1	public_dir
1	public_encrypt_oaep
1	public_header_files
1	public_ip=
1	public_key_cache_ttl
1	public_key_to_address
1	public_key_with_compression
1	public_path_for
1	public_paths
1	public_read
1	public_search_elb
1	public_suffix_list
1	public_write
1	publication_state
1	publickey
1	publickey=
1	publish_all
1	publish_async
1	publish_callback
1	publish_date
1	publish_if_updated
1	publish_message
1	publish_method
1	publish_span
1	publishable_params
1	published_at=
1	published_posts
1	publisher=
1	publisher_check_rule_access
1	publisher_configs
1	publisher_did
1	publisher_disabled
1	publisher_frequency_add
1	publisher_frequency_delete
1	publisher_frequency_list
1	publisher_id=
1	publisher_tag_add
1	publisher_tag_available
1	publisher_tag_check_rule_access
1	publisher_tag_delete
1	publisher_tag_list
1	publishers
1	pubsub_adapter
1	puid
1	pullAllProjects
1	pullCookbooks
1	pull_company_name
1	pull_description
1	pull_dir
1	pull_driver
1	pull_feed
1	pull_for_branch
1	pull_last
1	pull_location
1	pull_message
1	pull_request_commits
1	pull_request_files
1	pull_technologies
1	pulse
1	pun
1	pun_access_log_path
1	pun_config_path
1	pun_error_log_path
1	pun_pid_path
1	pun_socket_path
1	pun_tmp_root
1	punch_out!
1	punchable=
1	puns
1	puppet_eol?
1	puppet_versions
1	puppet_versions=
1	puppeteer_timeout
1	puppetmaster
1	puppetmaster_port
1	purchaseStatusResponse
1	purchase_date
1	purchase_date=
1	purchase_fee
1	purchased?
1	pure?
1	purge_all
1	purge_by_key
1	purge_cache
1	purge_file_data
1	purge_old_tokens
1	purgeable_snapshots
1	purging_enabled?
1	purpose_for
1	purpose_of_transaction
1	purposes
1	push_branch
1	push_capture
1	push_changes
1	push_changes_with_tags
1	push_content
1	push_context
1	push_deletes
1	push_entry
1	push_frame
1	push_history
1	push_master
1	push_objects
1	push_referer
1	push_registry
1	push_result
1	push_routes
1	push_state
1	push_tags
1	pust
1	put!
1	putDocument
1	putPixel
1	put_array_of_char
1	put_array_of_double
1	put_array_of_pointer
1	put_array_of_uchar
1	put_bucket_notification_configuration
1	put_bucket_policy
1	put_bucket_versioning
1	put_byte
1	put_class
1	put_coding
1	put_comment
1	put_data=
1	put_description
1	put_element
1	put_files
1	put_footer
1	put_header
1	put_int64
1	put_like
1	put_log_events
1	put_messages
1	put_metric_alarm
1	put_multiple
1	put_parameter
1	put_pcdata
1	put_picture
1	put_random
1	put_record_batch
1	put_records
1	put_request
1	put_scheduled_action
1	put_simple_method
1	put_spec
1	put_state
1	put_system_default
1	put_to_json
1	put_ulong
1	put_url
1	put_vectors
1	putcat
1	putkeep
1	putnr
1	putpixel
1	puts_all_formatted_traces
1	puts_block
1	puts_c
1	puts_enhance_msg
1	puts_err
1	puts_failure
1	puts_json
1	puts_single
1	puts_tie
1	puts_tmail
1	puts_turn
1	puts_winner
1	puts_xy
1	putsc
1	putshl
1	putsi
1	puzzle
1	pwm
1	pwned?
1	pwned_count
1	pygments_lexers
1	pygments_styles
1	pygments_stylesheet_data
1	pyimport
1	python_detected?
1	python_dir
1	q?
1	qSort
1	q_factors
1	q_size
1	qb_online_sync_free_orders
1	qc_advertiser_check_rule_access
1	qc_advertiser_list
1	qc_advertiser_resolve_name
1	qdmPatient=
1	qdox
1	qiita_matome
1	qname=
1	qne?
1	qp
1	qp_decode
1	qparse
1	qplot
1	qps_per_connection
1	qr_scans
1	qs=
1	qs_hash
1	qs_hash=
1	qseq=
1	qsize=
1	quad_cached?
1	quadratic
1	qualification=
1	qualified_const_get
1	qualifier?
1	qualifiers
1	qualify
1	qualify_clauses
1	quality=
1	quality_indicator_name
1	quality_percentage
1	quality_value
1	qualtrics
1	qualtrics=
1	quantified?
1	quantifier
1	quantify
1	quantile
1	quantities
1	quantity_check
1	quantity_decimals
1	quantity_method_missing
1	quantity_name
1	quarter
1	quarter_date_select
1	quartz_to_crontab
1	quater_note
1	queen?
1	queryAsync
1	queryBindThirdpartySyncSet
1	queryByMobile
1	queryByTpUid
1	queryDeterminedAppProduct
1	queryForResultset
1	queryPassportByEmail
1	queryPassportByUid
1	queryPassportUidMap
1	queryString=
1	queryTimeout=
1	queryType
1	queryUserBasicInfo
1	queryUserSimpleInfo
1	query_analysis_timeout
1	query_builder_command_enabled
1	query_cache_enabled
1	query_class
1	query_contains
1	query_def=
1	query_deliveries_parser
1	query_deliveries_succesful_response?
1	query_enum_types
1	query_execution
1	query_execution_id
1	query_execution_timeout
1	query_first
1	query_frame=
1	query_from=
1	query_functions
1	query_id
1	query_id=
1	query_items
1	query_len=
1	query_method
1	query_openai
1	query_owns
1	query_params_from
1	query_plans
1	query_range
1	query_registered?
1	query_samples
1	query_selector
1	query_sequences
1	query_service
1	query_starts_with
1	query_string=
1	query_string_without_sorting
1	query_submission_info
1	query_suggestion=
1	query_tiles
1	query_to=
1	query_transformers
1	query_ubuf
1	query_user_for_new_game
1	query_users
1	query_uuid
1	query_vectors
1	querystring
1	questionYesNo
1	question_menu
1	question_text
1	questionnaires
1	queue_cmd
1	queue_command_enabled
1	queue_exists?
1	queue_health
1	queue_id
1	queue_key
1	queue_options=
1	queue_statistics
1	queue_stats
1	queue_type
1	queue_unbind
1	queue_url
1	queue_urls
1	queued_as
1	queued_requests
1	queues_cmd
1	queues_for!
1	quic_logger_frames
1	quic_logger_frames=
1	quick
1	quickStats
1	quick_analyze
1	quick_build
1	quick_compare
1	quick_count
1	quick_create
1	quick_sort
1	quickfix_output_file
1	quickfix_silence
1	quiet!
1	quietPeriod
1	quiet_assets
1	quiet_down
1	quiet_mode
1	quit?
1	quiz_params
1	quota_project_id
1	quote_alias_if_needed
1	quote_character
1	quote_class
1	quote_class=
1	quote_id
1	quote_identifier
1	quote_label
1	quote_schema_table
1	quote_string
1	quote_table
1	quote_table_column
1	quote_table_name_for_assignment
1	quoted=
1	quoted?
1	quoted_column_names
1	quoted_false
1	quoted_id
1	quoted_primary_key
1	quoted_record_ids
1	quoted_table
1	quoted_true
1	quoted_tweet
1	quoted_tweet?
1	quoting
1	qv_account
1	r=
1	rCon
1	rPr
1	r_interop
1	r_x
1	r_y
1	r_z
1	rack
1	rack_data
1	rack_request
1	rackapp
1	rackup_path=
1	rad_to_deg
1	radians
1	radians2degrees
1	radians_to_decimal_degrees
1	radiobuttons
1	radius_vector_of_earth_using_vsop87
1	rados_initialize
1	rados_open_pool
1	rados_read
1	rados_write
1	ragic_id
1	ragify_text
1	ragot_talk
1	rails_cache=
1	rails_helper_exists?
1	rails_instrumentation_handled_externally=
1	rails_loadpath
1	rails_logger
1	rails_new
1	rails_root
1	rails_root=
1	railtie
1	railties_missing!
1	rain
1	rain=
1	rainbow_mapping
1	raindar
1	rainfall
1	raiseException
1	raise_alert
1	raise_connection_errors
1	raise_delivery_errors=
1	raise_down_error
1	raise_error?
1	raise_errors
1	raise_event
1	raise_failure_maybe!
1	raise_if_already_initialized_constant
1	raise_if_empty
1	raise_if_errors!
1	raise_if_nil_or_empty
1	raise_if_trigger_called!
1	raise_invalid_key!
1	raise_invalid_nesting!
1	raise_invalid_request
1	raise_invalid_root!
1	raise_me
1	raise_not_found_error
1	raise_not_implemented
1	raise_on_context_miss?
1	raise_on_name_error
1	raise_on_unexpected_argument
1	raise_on_unexpected_arity
1	raise_on_unexpected_return
1	raise_on_unexpected_visibility
1	raise_original_error
1	raise_parse_error
1	raise_specific_error!
1	raise_type_errors
1	raise_type_errors=
1	raise_unknown
1	raise_unknown=
1	raised?
1	raiser_array
1	raiser_downcase
1	raiser_to_i
1	rake
1	rake_file
1	rake_paths
1	rally_config_paths
1	rally_default_workspace=
1	ram
1	ramdisk_id
1	ramdisk_image
1	ramp_contact_threshold=
1	ramp_slip_force=
1	ramp_slip_threshold=
1	ramp_up
1	ramped?
1	ran
1	ran?
1	rand_duid
1	rand_factor
1	rand_for_hour
1	rand_index
1	rand_name
1	rand_nums
1	rand_range
1	rand_size=
1	rand_uniq_nums
1	randint
1	random=
1	randomWords
1	random_antefix
1	random_color
1	random_component
1	random_dicom_uid
1	random_directions
1	random_element
1	random_gaussian_matrix
1	random_infix
1	random_interval_time
1	random_item_with_histogram
1	random_lengths_matching_sum
1	random_letter
1	random_lowercase_letter
1	random_path
1	random_postfix
1	random_prefix
1	random_quote_for_character
1	random_service
1	random_suffix
1	random_swap
1	random_uniform
1	random_user_agent
1	random_wisdom
1	randomize_ids
1	randomizer
1	randomizer=
1	randomkey
1	randomn
1	randstr
1	range=
1	range_from
1	range_key=
1	range_set
1	range_step_values
1	range_str
1	range_to_celcius
1	range_with_comments_and_lines
1	rangeify
1	ranger
1	rank_order=
1	ransack_available=
1	ransackable_associations
1	ransackable_scopes
1	ransackify
1	rant
1	rar?
1	rarity
1	rasterize_collection
1	rate=
1	rateReplyDetails
1	rateType
1	rate_for
1	rate_limit_limit
1	rate_limit_remaining
1	rate_limit_reset
1	rate_limit_sleep_base
1	rate_limit_status
1	rate_limited?
1	ratedShipmentDetails
1	rated_by?
1	rates_creation_date
1	rates_expiration
1	rating=
1	rawCountAirportOperatonsResult
1	rawDownloadDir
1	rawLatLongsToDistance
1	rawNTafResultResult
1	rawRoutesBetwenAirportsResult
1	rawSetMaximumResultSize
1	raw_act
1	raw_args
1	raw_array
1	raw_backtrace
1	raw_cache_contents
1	raw_call
1	raw_chat
1	raw_config
1	raw_content
1	raw_contents
1	raw_data_for
1	raw_element?
1	raw_execute
1	raw_filter
1	raw_gen36
1	raw_gen62
1	raw_gen_number
1	raw_hash
1	raw_header
1	raw_json=
1	raw_key
1	raw_language_query
1	raw_line
1	raw_line=
1	raw_llm_call
1	raw_mode
1	raw_name
1	raw_no_echo_mode_exec
1	raw_node
1	raw_params
1	raw_params=
1	raw_parse
1	raw_private_key
1	raw_public_key
1	raw_require_paths
1	raw_string=
1	raw_text?
1	raw_text_tag
1	raw_uris
1	raw_value
1	raw_view
1	rb=
1	rb_file
1	rb_format_xml
1	rbenv_candidates
1	rbs_environment
1	rc
1	rc=
1	rc_user
1	rcat
1	rcf_create
1	rcf_set_param
1	rcfile
1	rchr
1	rclass_from_aclass
1	rcon_auth
1	rcon_exec
1	rcptto
1	rd_client_id
1	rd_code
1	rd_secret
1	rdfv
1	rdoc_enabled
1	rdoc_options
1	rdoc_to_markdown
1	rds?
1	reachable_to_next_statement?
1	reached_at
1	reactable_id
1	reactable_type
1	reactive_activerecord
1	reactive_component_actions_path
1	reactor_thread?
1	read=
1	readAll
1	readAllStandardOutput
1	readConfig
1	readFile
1	readLine
1	readOnly=
1	readString
1	readVirtualKey
1	readYML
1	read_YAML_from_pathfile
1	read_accounts
1	read_actions
1	read_all_standard_error
1	read_all_standard_output
1	read_and_unpack_lang
1	read_array_from_file
1	read_array_of_int16
1	read_array_of_type
1	read_array_of_uint32
1	read_as_ascii_lines
1	read_attribute_before_type_cast
1	read_attribute_for_serialization
1	read_batch_size
1	read_bib_entry
1	read_big_integer
1	read_binary
1	read_bit
1	read_bits
1	read_blob!
1	read_book_info
1	read_byte_nonblocking
1	read_check
1	read_city_cache
1	read_cli_options!
1	read_comment_from_file
1	read_compiled_iseq
1	read_config_file!
1	read_config_files
1	read_content
1	read_content_orig
1	read_corpus_files
1	read_data
1	read_data_from_file
1	read_data_from_io
1	read_dictionary
1	read_dna
1	read_done
1	read_dotfile
1	read_draft_file
1	read_drafts
1	read_editor
1	read_env
1	read_env_file
1	read_error_occurred
1	read_eval_print
1	read_execute_loop
1	read_f32
1	read_f64
1	read_file_line_by_line
1	read_files
1	read_format
1	read_four
1	read_frame
1	read_framed_message
1	read_from
1	read_from_file_or_string
1	read_from_path
1	read_from_socket
1	read_from_stdin
1	read_from_store
1	read_full_line
1	read_headers
1	read_headers!
1	read_i16
1	read_i32
1	read_i64
1	read_i8
1	read_in_chunks
1	read_inline
1	read_int16
1	read_int32le
1	read_int64le
1	read_integer
1	read_json!
1	read_key_file
1	read_last_page
1	read_leagueset
1	read_lokalefile
1	read_long
1	read_long_long
1	read_mp3_tags
1	read_multiline
1	read_note_on
1	read_o
1	read_only_admin_password
1	read_option_value
1	read_opts_from_config
1	read_opts_from_environment
1	read_or_create_configfile
1	read_orig
1	read_packets
1	read_packets_with_timestamp
1	read_packfile
1	read_parent_commit
1	read_partial
1	read_path
1	read_plan_file
1	read_port
1	read_posts
1	read_query_count
1	read_raster
1	read_record
1	read_records
1	read_request_body
1	read_response
1	read_rows
1	read_set
1	read_short
1	read_size_t
1	read_socket
1	read_sourcecode
1	read_sql_query_from_active_record
1	read_sql_table_from_active_record
1	read_state_cities_cache
1	read_state_counties_cache
1	read_states
1	read_stdin_json
1	read_swarm
1	read_tables
1	read_tag
1	read_tags_from
1	read_tarball!
1	read_theme_name
1	read_timeout_sec=
1	read_title
1	read_to_array
1	read_tree
1	read_u16
1	read_u32
1	read_u64
1	read_u8
1	read_uchar
1	read_uint16
1	read_uint16le
1	read_uint32_be
1	read_uint32be
1	read_uint32le
1	read_uleb128
1	read_ulong_long
1	read_url
1	read_ushort
1	read_value
1	read_varint
1	read_version_bump
1	read_xce_file
1	read_xml
1	read_xres_file
1	read_yml_opts
1	read_zip_cache
1	read_zip_structure
1	readable_attributes
1	readerOptions
1	reader_attrs
1	readers
1	readeval
1	reading
1	reading_proc_scopes
1	reading_proc_scopes_per_class_name
1	reading_progress
1	reading_speed
1	readlink_absolute
1	readlong
1	readme_file_path
1	readme_file_path?
1	readme_tag_names
1	readme_tag_names=
1	readonly=
1	readonly_attributes
1	readshort
1	readwise_curator
1	ready=
1	ready_at
1	ready_for_evaluation
1	ready_for_read?
1	ready_port
1	ready_to_be_checked
1	ready_to_send?
1	ready_to_start?
1	real!
1	real_dependencies_to_fetch
1	real_fields
1	real_index
1	real_initialize
1	real_p
1	real_puts
1	real_root_dir
1	real_size
1	real_url
1	realign_center
1	realistic_russian_female_first_names
1	realistic_russian_female_last_names
1	realistic_russian_male_first_names
1	realistic_russian_male_last_names
1	realistic_russian_patronymics
1	realized?
1	reallocate
1	really_delete_all!
1	really_try
1	really_verbose
1	realm
1	realm_id
1	reasonText
1	reason_codes
1	reason_message
1	reasoning
1	reasoning_effort=
1	reasoning_tag=
1	reasons
1	reauth_token
1	rebaseline
1	rebat
1	reboot_server
1	rebrandly_camelize
1	rebuildEffectorList
1	rebuild_adapter!
1	rebuild_spreadsheet_styles
1	recalc_basis_vectors
1	recalculate_cost
1	recalls
1	recallvar
1	receipt
1	receipt_handle
1	receive_answer
1	receive_if
1	receive_line
1	receive_message_begin
1	receive_messages
1	receive_pledge
1	receive_timeout
1	receivedDatetime=
1	received_events
1	received_messages
1	received_pledge
1	receiver_type
1	recent?
1	recent_arrivals
1	recent_executions
1	recent_games
1	recenter
1	recenttracks
1	receptor
1	recheck
1	recipe
1	recipe_class
1	recipe_for
1	recipe_hash
1	recipe_setup
1	recipe_table
1	recipes_errors_view
1	recipient=
1	recipient_email_address
1	recipient_email_address=
1	recipient_groups
1	recipient_info
1	recipient_info=
1	recipient_override
1	recipient_phone
1	recipient_phone=
1	recipient_phone_number
1	recipient_phone_number=
1	recognize?
1	recognize_encoding
1	recomb
1	recombine
1	recombine_recursive!
1	recommendation
1	recommendation=
1	recommendation_check
1	recommendation_re
1	recommendations
1	recommended_concerts
1	recompile
1	recon
1	recon_csv_headers
1	reconcile_live_activity_stream
1	reconfigure_all!
1	reconfigure_thumbor
1	reconnect_down_server?
1	reconstruct
1	reconstruct_query
1	record2
1	record_attrs
1	record_batches
1	record_batches=
1	record_capture
1	record_class_name
1	record_content
1	record_conversation
1	record_count
1	record_created=
1	record_deleted_at_column
1	record_event
1	record_expires=
1	record_hit
1	record_id
1	record_ids=
1	record_in_log
1	record_locator
1	record_migration
1	record_mode
1	record_search
1	record_span
1	record_storage_root
1	record_time
1	record_timestamps
1	record_transition
1	record_updated=
1	recordable
1	recordable=
1	recording_changed?
1	records_since
1	records_summary
1	recover_to!
1	recoverable?
1	recreator
1	recs
1	rectangle!
1	recur
1	recurrence_rules
1	recurring_url
1	recurs_on?
1	recurse=
1	recursion_files
1	recursion_find
1	recursion_guard
1	recursion_limit
1	recursive_basic_literal?
1	recursive_children
1	recursive_construct_tree
1	recursive_replace_inspect
1	recursive_subspecs
1	recursively_enhance
1	recursively_symbolize_keys
1	recv_
1	recv_io
1	recv_loop
1	recv_msg
1	recv_record
1	recv_reply
1	recv_request
1	recvmsgs
1	recyclingRequest=
1	red!
1	red=
1	red?
1	red_candle_device
1	redact!
1	redeem_activity_offer
1	redefine_task
1	redelivered
1	redirectUrl
1	redirect_logger
1	redirect_output
1	redirect_path
1	redirect_path=
1	redirect_tbls
1	redirect_to_params_update_node
1	redirect_traffic
1	redirect_uri_base
1	redirect_url_for
1	redirected_url
1	redirection?
1	redirections
1	redirectr
1	redirects
1	redis_client
1	redis_client=
1	redis_config
1	redis_connector
1	redis_database
1	redis_detected?
1	redis_expiration_duration
1	redis_host
1	redis_info
1	redis_namespace
1	redis_opts=
1	redis_port
1	redis_port=
1	redis_scope
1	redis_store_variable
1	redis_url
1	redis_url=
1	redisplay
1	redmine_host
1	redo_include_and_extend
1	redpen_ruby
1	redraw
1	reduce_choices!
1	reduce_items
1	reduce_to_basics
1	reduce_to_transport_space
1	reduce_while
1	reducer
1	reducer_class
1	reducer_defined?
1	reduction_target
1	reductions
1	redundant_message_argument
1	reenable!
1	reexec_commandline
1	ref!
1	ref2ind
1	ref_callback
1	ref_exist?
1	ref_hash
1	ref_name
1	ref_name_map
1	ref_name_map_cite
1	ref_prefix
1	ref_sql
1	referenceNo=
1	reference_hash_collection
1	reference_id
1	reference_ids=
1	reference_key
1	reference_names
1	reference_object
1	reference_str
1	referenced_anchors
1	references=
1	referencing_columns
1	referer=
1	referer_from_headers
1	referers
1	referring_site
1	refid
1	refill_all_queues!
1	refined_new
1	refined_old
1	refined_proc
1	refined_proc_light
1	refinements
1	refining
1	reflect_amount
1	reflect_module_fields
1	reflected_validations
1	reflected_validations=
1	reflection_extensions
1	reflex
1	reform_2_0!
1	reformat
1	refresh_access_token
1	refresh_cache
1	refresh_cookie
1	refresh_cutoff_time
1	refresh_materialized_view
1	refresh_schema
1	refresh_stale_tokens
1	refresh_time
1	refresh_time=
1	refresh_token!
1	refresh_token?
1	refresh_token_expiry
1	refresh_url
1	refund_reversal
1	refund_summary
1	refute
1	refute_empty
1	refute_equal_with_object_id?
1	refute_file_exists
1	refute_includes
1	refute_nil
1	refute_with_equal?
1	reg
1	reg1=
1	reg2=
1	reg2bins
1	reg3=
1	reg_resolve!
1	regenerateIdentityApiToken
1	regenerate_all
1	regenerate_amount
1	regenerate_helpers
1	regenerate_interval
1	regenerate_keypair
1	regex_comments
1	regex_escape
1	regex_on_full_url
1	regexp_file_filter
1	regexp_node_matcher
1	regexp_source
1	regexp_type?
1	region_for_cluster
1	register?
1	registerPartial
1	registerWithScheduler
1	register_ability
1	register_acronym
1	register_action_group
1	register_action_view_template_handler!
1	register_admin_item
1	register_application_command
1	register_attribute
1	register_autoload
1	register_boxed_class_converter
1	register_buffer
1	register_callbacks
1	register_checkers
1	register_coder_shortcut
1	register_command_stub
1	register_completions
1	register_component
1	register_cron_jobs
1	register_crud
1	register_datastore
1	register_default
1	register_default_deserializer
1	register_default_serializer
1	register_default_strategies
1	register_default_supertypes!
1	register_doc_browser_plugin
1	register_docstring
1	register_duration_protos
1	register_editor_action
1	register_email
1	register_exception
1	register_extension!
1	register_extraction
1	register_field_behavior_protos
1	register_field_mask_protos
1	register_file_info
1	register_files
1	register_fonts
1	register_format_validator
1	register_gem
1	register_group
1	register_instance_name
1	register_intent_parser
1	register_kernel_methods
1	register_klass
1	register_layouts_from_config
1	register_ledger
1	register_load
1	register_marshaller
1	register_middleware!
1	register_module_function
1	register_navigation_item
1	register_observer
1	register_parser_type
1	register_partial_from_config
1	register_path
1	register_platform
1	register_plugins
1	register_post_install_hook!
1	register_postprocessor
1	register_presenter
1	register_prog
1	register_prop_serializer
1	register_proxy
1	register_query
1	register_raw
1	register_readable
1	register_regex_entity
1	register_repo
1	register_request_stub
1	register_resolver
1	register_resource
1	register_schema
1	register_script
1	register_self
1	register_sensitive_field
1	register_sensitive_fields
1	register_sequence
1	register_serializer
1	register_session_type
1	register_settings_file
1	register_shortcuts
1	register_source
1	register_spec_type
1	register_state_change_observer
1	register_struct_protos
1	register_system
1	register_targets
1	register_task_definition
1	register_templates_from_config
1	register_token_request
1	register_transform
1	register_user
1	register_vector
1	register_verifier
1	register_visibility
1	register_vocabularies
1	register_workers
1	register_wrappers_protos
1	registered_classes
1	registered_connectors
1	registered_default_vars
1	registered_exts
1	registered_items
1	registered_listeners
1	registered_models
1	registered_parsers
1	registered_plugins
1	registered_request?
1	registered_schemas
1	registered_shortcuts
1	registered_strings
1	registering_module
1	registering_module=
1	registrant
1	registrant=
1	registrant_contact
1	registrar
1	registrar=
1	registrar_class_name
1	registration
1	registration_number
1	registrations
1	registry=
1	registry_contract_abi
1	registry_contract_address
1	registry_key
1	registry_url
1	regular?
1	reindex
1	reindex_all
1	reindex_class
1	reindex_when_needed
1	reindex_when_needed=
1	reinitialize
1	reionize!
1	reject_events_by_id!
1	reject_filter!
1	reject_input
1	reject_values
1	reject_values!
1	rejected?
1	rejection_code=
1	rejects
1	rel
1	rel=
1	rel_dir
1	relabel
1	relatedInfo_
1	relatedTo=
1	related_collections
1	related_tags
1	related_terms
1	related_to?
1	relation_definitions
1	relationship=
1	relationship_id
1	relationship_todo_types
1	relationships=
1	relative
1	relative_classpath
1	relative_file_path
1	relative_files_without_repo
1	relative_href
1	relative_humidity
1	relative_luminance
1	relative_path=
1	relative_path_of
1	relative_path_root
1	relative_paths
1	relative_root_with
1	relative_to
1	relative_to_now
1	relative_url=
1	relative_usage_per_language
1	relative_with
1	relaton
1	relay_sockets
1	relay_to_stdout
1	releaf_resources
1	release!
1	releaseFixVersion
1	release_all
1	release_all?
1	release_automation?
1	release_connection
1	release_count
1	release_date=
1	release_dir
1	release_message_template
1	release_name
1	release_path
1	release_to
1	released
1	released_pod?
1	releasenotes
1	releases_dir
1	relevant
1	relevantDatetime
1	relevantDatetime=
1	relevantPeriod=
1	relief=
1	relinkly_camelize
1	relistFixedPriceItem
1	relistItem
1	relnotes_hdr_prefix
1	reload_all
1	reload_dot_file
1	reload_engine_routes!
1	reload_files!
1	reload_from_time_from_request
1	reload_group
1	reload_index_stubs
1	reload_path
1	reload_total
1	reloading_enabled?
1	reloading_for_upgrade
1	reloading_for_upgrade=
1	relvar
1	rem
1	remainder_times
1	remaining=
1	remaining_bytes
1	remaining_times
1	remarks=
1	remember_me!
1	remember_me_duration
1	remember_token=
1	remember_token_expires=
1	remindable
1	reminders_piles
1	remitter=
1	remitterToBeneficiaryInfo=
1	remote_app_name
1	remote_archive
1	remote_base_dir
1	remote_branch
1	remote_command
1	remote_config
1	remote_database_cleaner_home_rails
1	remote_dir
1	remote_factory_girl_home_rails
1	remote_global_id_string
1	remote_ip=
1	remote_json_key
1	remote_list
1	remote_name
1	remote_path=
1	remote_port
1	remote_to_repo
1	remote_url
1	remote_user
1	remotely_signed_out?
1	removal_dates
1	remove?
1	removeAttribute
1	removeAttributeNode
1	removeCacheListener
1	removeDocumentsFromCentroid
1	removeEventListener
1	removeFromWatchList
1	removeMetaData
1	removeObserver
1	removeObserver_name_object_
1	removePunctuation
1	remove_accents
1	remove_alias
1	remove_aliased_from_fixturize
1	remove_all_raws!
1	remove_appenders
1	remove_array_brackets
1	remove_as_json
1	remove_association
1	remove_associations!
1	remove_attachment
1	remove_authorstamps
1	remove_autosource
1	remove_backslash_comments
1	remove_base64_images
1	remove_cached_schema
1	remove_child
1	remove_color
1	remove_column
1	remove_commands
1	remove_comments
1	remove_css_class
1	remove_dakuten
1	remove_data
1	remove_default
1	remove_digits
1	remove_double_commas
1	remove_empty_lines
1	remove_en_passant_from_board
1	remove_erb_tags
1	remove_every_second_char
1	remove_extra_commas
1	remove_feed
1	remove_filters!
1	remove_from
1	remove_from_file
1	remove_from_history
1	remove_from_kart
1	remove_from_list
1	remove_from_url
1	remove_funds
1	remove_handakuten
1	remove_hashtag
1	remove_hashtags
1	remove_header_and_footer
1	remove_helpers
1	remove_hex_prefix
1	remove_home
1	remove_horizontal
1	remove_hs!
1	remove_html_header
1	remove_indent
1	remove_indexes
1	remove_key_recursive
1	remove_keys_not_in_upload
1	remove_label
1	remove_last
1	remove_leading_empty_elements
1	remove_liberty
1	remove_links
1	remove_listener
1	remove_log!
1	remove_members
1	remove_members=
1	remove_meta
1	remove_namespace!
1	remove_orphans
1	remove_paths
1	remove_permission
1	remove_pictures
1	remove_pid
1	remove_pid_file
1	remove_piece_at
1	remove_place
1	remove_plugin
1	remove_pre_post
1	remove_preferred_network
1	remove_prefix
1	remove_prohibited_chars
1	remove_punct_from_name
1	remove_punctuation
1	remove_query
1	remove_question_marks
1	remove_quotes
1	remove_regexp
1	remove_regexp=
1	remove_repository
1	remove_require_spec_helper
1	remove_role_users
1	remove_root
1	remove_route
1	remove_row
1	remove_session
1	remove_silence
1	remove_smoke
1	remove_spec
1	remove_staged
1	remove_stop_words
1	remove_string_between_markers
1	remove_student
1	remove_submenu
1	remove_targets
1	remove_task
1	remove_team
1	remove_temp
1	remove_templates
1	remove_theme
1	remove_toggle
1	remove_trailing_empty_elements
1	remove_trailing_slash
1	remove_tweeters
1	remove_updates
1	remove_users
1	remove_version_prefix
1	remove_vertical
1	remove_vertices
1	remove_window_enum_callback
1	remove_worktree
1	removed
1	removexattr
1	removing
1	removing_duplicated_flags!
1	rename!
1	rename=
1	rename_duplicate_description
1	rename_duplicate_filename
1	rename_files
1	rename_key
1	rename_keys
1	rename_method
1	rename_require
1	rename_vectors
1	rename_vectors!
1	rename_with_modal
1	renamed!
1	renaming_summary
1	render_all_templated_fields!
1	render_base
1	render_base_identifier
1	render_body
1	render_calls
1	render_data_layer
1	render_data_legend
1	render_default_breadcrumb_json_ld
1	render_defaults
1	render_error
1	render_facet
1	render_feed_link
1	render_files
1	render_identifier
1	render_in
1	render_items
1	render_line
1	render_liquid
1	render_message
1	render_on_image
1	render_one_frame
1	render_optional_error_file
1	render_priority
1	render_pubid
1	render_pubid_stage
1	render_raw?
1	render_response
1	render_single_document
1	render_site
1	render_stateful_widget
1	render_success
1	render_table
1	render_text
1	render_to_file
1	render_urn
1	render_urn_stage
1	render_validation_error
1	render_widget
1	render_with_liquid?
1	render_with_sourcemap
1	render_without_cache
1	rendered_output
1	rendered_rules
1	renderer_klass=
1	renderer_options
1	renderer_options=
1	rendering=
1	rendite
1	renew!
1	renew_self
1	renew_task_lease
1	renewable
1	renewal_events
1	rent?
1	rente
1	renteneintrittsalter
1	renteneintrittsalter=
1	rentengarantiefaktor=
1	reopen_closed_connections
1	reopen_interval
1	reopen_logs
1	reopen_real_connection!
1	reorganize
1	rep
1	repage
1	repaint
1	repair
1	repeat_count
1	repeatable
1	repeatable?
1	repeated
1	repeated_code
1	repetition_sep
1	repgroup
1	replaceChild
1	replace_all
1	replace_all_topics
1	replace_attribute
1	replace_blocks
1	replace_content
1	replace_content_from
1	replace_diacritics
1	replace_emoji_with_images
1	replace_history_entry
1	replace_if
1	replace_line_containing
1	replace_multiline_comments
1	replace_named_functions
1	replace_new_requirements
1	replace_node
1	replace_one
1	replace_op
1	replace_ordinals
1	replace_resolvers
1	replace_row!
1	replace_selection_text
1	replace_singleline_comments
1	replace_string
1	replace_tags
1	replace_title
1	replace_underline_upcase_to
1	replace_upcase_to_underline
1	replace_uris
1	replace_whitespace
1	replaced
1	replacement
1	replacement_address
1	replacement_instructions
1	replacement_text
1	replacenextlarger
1	replacing
1	replay_log
1	replenish
1	replicate_test
1	replications
1	replot
1	replyTo
1	reply_seqid
1	reply_to=
1	repo_commits
1	repo_creation_guide
1	repo_dir
1	repo_exists?
1	repo_fetch
1	repo_id
1	repo_id=
1	repo_owner
1	repo_slug
1	repo_teams
1	repo_update=
1	repo_update?
1	repo_url=
1	repo_url_or_path
1	repond_to_missing?
1	reponse
1	reportGroup=
1	reportNamespaceAttributes=
1	report_as
1	report_block_data
1	report_count
1	report_environment_info
1	report_errors
1	report_feature_error
1	report_file=
1	report_has_one_problems
1	report_hooks
1	report_id
1	report_is_terminated?
1	report_limit_count
1	report_limit_count=
1	report_message
1	report_metadata
1	report_method
1	report_missing_documentation
1	report_months=
1	report_of_file
1	report_polymorphic_problems
1	report_printer
1	report_response_body
1	report_results
1	report_statistics
1	report_template
1	report_validates_presence_problems
1	report_validates_uniqueness_problems
1	report_via_gateway
1	report_via_http
1	reporter_keys
1	reporter_meta
1	reporters=
1	reporting
1	reports=
1	reports_portfolio_add
1	reports_portfolio_delete
1	reports_portfolio_edit
1	reports_portfolio_list
1	reports_portfolio_schedule_add
1	reports_portfolio_schedule_delete
1	reports_portfolio_schedule_edit
1	reports_portfolio_schedule_list
1	repositoryURL
1	repository_default_branch
1	repository_name
1	repository_type
1	repostat
1	represent
1	represent_one
1	representations
1	reproduce
1	reprompt
1	repspec
1	req_args
1	req_key
1	req_method=
1	req_res_key
1	reqt_models=
1	reqtraceSynopsis
1	reqtracefile_base
1	request?
1	requestParam
1	requestReferenceNo=
1	requestWithURL
1	request_access_token
1	request_authorization
1	request_call
1	request_captured?
1	request_charged
1	request_completed_broadcast_enabled?
1	request_cookies
1	request_data_for
1	request_db
1	request_details
1	request_elements
1	request_entry
1	request_fields
1	request_from_range
1	request_gitlab_refs_heads
1	request_handler
1	request_header=
1	request_http_method
1	request_info
1	request_infos
1	request_invoice
1	request_ip=
1	request_length
1	request_logging_config
1	request_media_type
1	request_message
1	request_message=
1	request_messages
1	request_method=
1	request_method_klass
1	request_noise_filters
1	request_one_time_code
1	request_open_timeout
1	request_operation
1	request_out
1	request_page
1	request_parameters
1	request_params=
1	request_path
1	request_path=
1	request_payment_response
1	request_project_id
1	request_read_timeout
1	request_responses
1	request_route_signature=
1	request_schema
1	request_snapshots_for
1	request_source
1	request_spot_fleet
1	request_stubs=
1	request_text
1	request_timeout
1	request_timeout=
1	request_token_exp_time
1	request_user_agent=
1	request_uuid
1	request_with_payload
1	request_write_timeout
1	requestedLoanAmount
1	requested_changes=
1	requested_minerals
1	requested_signatures
1	requested_state
1	requests_enabled
1	requests_to_resend
1	requeue
1	require_all_under
1	require_and_add
1	require_and_check_union_station_hooks_core
1	require_appliance_directory
1	require_benchmark
1	require_billing_address
1	require_category_tree
1	require_classes
1	require_client!
1	require_dir_tree
1	require_directories
1	require_exact_key_matches?
1	require_file
1	require_files
1	require_filters
1	require_gems
1	require_hdl
1	require_herb!
1	require_item_names
1	require_library
1	require_library!
1	require_login!
1	require_maybe
1	require_menu
1	require_modules
1	require_or_skip
1	require_passenger_lib
1	require_paths=
1	require_pattern
1	require_plain!
1	require_plugin
1	require_rails
1	require_rb
1	require_relative_enabled=
1	require_relative_folder
1	require_relative_pattern
1	require_relatve
1	require_reloadable_files
1	require_rspec_core
1	require_shipping_address
1	require_ssl!
1	require_strategies
1	require_sub
1	require_succeeds?
1	require_tenant
1	require_test_suites
1	require_theme_deps
1	require_without_bezel
1	required_actions=
1	required_addons
1	required_fields
1	required_header_params
1	required_io_methods
1	required_names
1	required_params
1	required_rows
1	required_stitches
1	required_unless
1	required_wins
1	requirement_check
1	requirement_messages
1	requirement_re
1	requirement_render
1	requirements_folder
1	requirements_list
1	requires!
1	requires_api_key
1	requires_fields
1	requires_keys_are_not_nil
1	requires_keys_are_present
1	reraise_with_current_backtrace!
1	rerank
1	reroll
1	rerun_argument
1	rerun_argument_for
1	res_format=
1	res_status
1	resample_nearest_neighbor!
1	resbody_branches
1	rescale
1	rescue_expression
1	rescue_proc
1	rescue_statements=
1	rescues=
1	research!
1	reselect
1	reserve-with-timeout
1	reserved?
1	reserved_0e
1	reserved_10
1	reserved_enum1=
1	reserved_enum2=
1	reserved_fuel_weight
1	reserved_int1=
1	reserved_int2=
1	reserved_int3=
1	reserved_int4=
1	reserved_ptr1=
1	reserved_ptr2=
1	reserved_ptr3=
1	reserved_ptr4=
1	reserved_tracker_methods
1	reset=
1	resetForm
1	reset_adapter!
1	reset_all!
1	reset_bits_cursor
1	reset_captures!
1	reset_collection
1	reset_config!
1	reset_connection
1	reset_credentials
1	reset_current_themes
1	reset_cursors
1	reset_data_stores
1	reset_db
1	reset_default_clients
1	reset_delivery
1	reset_dictionaries
1	reset_dirty_status!
1	reset_double
1	reset_env
1	reset_evo
1	reset_exchanges
1	reset_favorite_stations
1	reset_global_urls!
1	reset_helpers
1	reset_index!
1	reset_instance_type_count
1	reset_locale_fallbacks
1	reset_matrix
1	reset_method_cache
1	reset_method_missing_routes!
1	reset_middleware
1	reset_on_lvasgn
1	reset_opentelemetry
1	reset_partials
1	reset_possible_values
1	reset_regular_expressions
1	reset_repeated_csend
1	reset_report
1	reset_retries
1	reset_runtime
1	reset_saved_state
1	reset_scope
1	reset_screen
1	reset_session
1	reset_sessions!
1	reset_state
1	reset_template_dictionaries
1	reset_template_sequences
1	reset_top_level!
1	reset_type_allowed
1	reset_url
1	reset_validation!
1	reset_value_indexes
1	reset_webauthn_id
1	reset_workspace
1	resets_at
1	reshape_report
1	residence_address
1	resident_size
1	resize_fill
1	resize_fit
1	resize_impl
1	resizeterm
1	resolution_status
1	resolvable_event
1	resolvable_future_on
1	resolveMappingParamValue
1	resolve_alias
1	resolve_all
1	resolve_all_plugin
1	resolve_and_cast
1	resolve_and_replace
1	resolve_answer
1	resolve_app
1	resolve_args
1	resolve_attributes
1	resolve_auth_request
1	resolve_block
1	resolve_cache_tag
1	resolve_candidate
1	resolve_commit_sha
1	resolve_conflicts
1	resolve_cool_id_field
1	resolve_data_mapper
1	resolve_db_filename
1	resolve_edge_name
1	resolve_entity_mapper
1	resolve_error_name
1	resolve_event_alias
1	resolve_exec_path
1	resolve_fallback
1	resolve_file_list
1	resolve_host_locale_config_conflicts
1	resolve_imports
1	resolve_in
1	resolve_includes
1	resolve_inputs
1	resolve_into
1	resolve_ip_config
1	resolve_leader_category
1	resolve_link
1	resolve_locale
1	resolve_lookup
1	resolve_method_definition
1	resolve_namespace
1	resolve_operation_klass
1	resolve_operation_name
1	resolve_parser
1	resolve_pass_subs
1	resolve_path
1	resolve_project
1	resolve_relative_url
1	resolve_relative_urls!
1	resolve_response_group_klass
1	resolve_response_group_name
1	resolve_return_type
1	resolve_scrubber
1	resolve_skills_path
1	resolve_source
1	resolve_table_class
1	resolve_table_name
1	resolve_targets
1	resolve_timezone
1	resolve_verb_class
1	resolve_version_from_tag
1	resolve_workflows_path
1	resolve_worktree_path
1	resolve_worktree_ref
1	resolved?
1	resolved_build_setting
1	resolved_controller
1	resolved_name
1	resolved_uri
1	resolved_value
1	resolved_values
1	resolvedtasks
1	resolver=
1	resolver_method_option
1	resolvexpi
1	resource?
1	resourceInfo=
1	resourceVersion=
1	resource_api_name
1	resource_base=
1	resource_bundles
1	resource_by_id
1	resource_changes
1	resource_class=
1	resource_class_to_collection_name
1	resource_count
1	resource_count=
1	resource_drive_id
1	resource_groups
1	resource_href
1	resource_id
1	resource_ids=
1	resource_instance
1	resource_method_defined?
1	resource_model_klass_name
1	resource_model_name
1	resource_names
1	resource_provider
1	resource_records
1	resource_records=
1	resource_status
1	resource_status_reason
1	resource_summaries
1	resource_template_name_value
1	resource_uid
1	resource_url
1	resourceful_callbacks=
1	resourceful_responses=
1	respawn
1	respect_gitignore
1	respond!
1	respondToBestOffer
1	respondToFeedback
1	respondToWantItNowPost
1	respond_to_without_roles?
1	responder=
1	responders
1	responds_to
1	responds_to_typename?
1	responseHeaders
1	response_array
1	response_block
1	response_body_converter
1	response_call
1	response_data
1	response_elements
1	response_ended_at=
1	response_from_hash
1	response_generator
1	response_id
1	response_items
1	response_key_converter
1	response_key_converter=
1	response_length=
1	response_logging_config
1	response_message=
1	response_metadata
1	response_minimum
1	response_processor
1	response_started_at=
1	response_status=
1	responses_empty?
1	responses_for_commands
1	respose
1	resproxy
1	respsonse
1	rest?
1	restToken
1	rest_base
1	rest_call
1	rest_client_class
1	rest_client_class=
1	rest_methods
1	rest_name
1	rest_open_uri_original_open
1	rest_resource
1	rest_type
1	rest_url
1	restart_adb
1	restart_all
1	restart_at
1	restaurants
1	restme_authorize_actions
1	restoreGeometry
1	restoreState
1	restore_blocks
1	restore_changes
1	restore_cmd
1	restore_db
1	restore_db_instance_from_db_snapshot
1	restore_default_timeout
1	restore_dir_attributes
1	restore_geometry
1	restore_graphics_state
1	restore_persistent_descriptors
1	restore_saved
1	restore_session
1	restore_settings
1	restore_tbls
1	restrict?
1	restricted_types
1	restrictions
1	result!
1	resultDatetime=
1	result_class
1	result_code
1	result_error_message
1	result_failure
1	result_format
1	result_id
1	result_locations_for
1	result_schema
1	result_set
1	result_set_metadata
1	result_status
1	result_type
1	results=
1	results_as_hash
1	results_count
1	results_per_page
1	results_total
1	resultset
1	resume?
1	resume_conversation_id
1	resumption_secret
1	resumption_secret=
1	ret_type
1	ret_type=
1	ret_value
1	retag
1	retail
1	retain
1	retained
1	retained_memory_by_class
1	retained_memory_by_file
1	retained_memory_by_gem
1	retained_objects_by_class
1	retained_objects_by_file
1	retained_objects_by_gem
1	retained_objects_by_location
1	retenciones
1	retention
1	retention_days
1	retention_days=
1	retention_policy
1	retreive_selection
1	retries_when_blocked
1	retrieve_all_migration_filenames
1	retrieve_code_object_from_string
1	retrieve_data
1	retrieve_device_config
1	retrieve_files_in_locale
1	retrieve_flag
1	retrieve_for_inference
1	retrieve_forecast
1	retrieve_issue
1	retrieve_list_for_coa_for_date
1	retrieve_localizable_folder_path
1	retrieve_pages
1	retrieve_pixels
1	retrieve_resources_list
1	retrieve_server_challenge
1	retrieve_server_translations_for_locale
1	retrieve_token
1	retrieve_urls
1	retrievepdf
1	retriever_method
1	retrive_based_on_username
1	retrive_url
1	retrlines
1	retro_welcome
1	retrun
1	retry!
1	retry=
1	retryCheck
1	retryGettarget
1	retry_attempts
1	retry_change_requests
1	retry_count=
1	retry_eligible_resources=
1	retry_http
1	retry_if
1	retry_info
1	retry_jitter
1	retry_job
1	retry_jobs
1	retry_limit
1	retry_limit=
1	retry_on_connection_failure
1	retry_proc
1	retry_request
1	retry_sleep
1	retry_sleep=
1	retry_timeout
1	retry_timeout=
1	retry_times=
1	retry_wait
1	retry_with_error
1	retryable_error?
1	rets_client
1	returnRequest
1	return_an_array_from_system_command
1	return_an_array_of_alpha_chapters
1	return_an_array_of_comics_pages
1	return_an_array_of_numeric_chapters
1	return_an_array_of_pages
1	return_bytes
1	return_code=
1	return_collection
1	return_deal_url
1	return_deep
1	return_display_file
1	return_error
1	return_exception
1	return_first
1	return_from_nested_layer
1	return_from_nested_layer=
1	return_hashes
1	return_klass
1	return_modules
1	return_nil_for_empty_attribute_fields
1	return_nillable_qualifier
1	return_or_raise_error!
1	return_pointer_level
1	return_raw
1	return_results
1	return_search_results
1	return_spaces
1	return_spec
1	return_t
1	return_to_args
1	return_to_baseline
1	return_typename
1	return_url=
1	returnable
1	returnable_statement?
1	returnhash
1	returns_array?
1	retweet
1	retweeted
1	retyGetElement
1	reuse_id_regex_sb
1	reuse_prefix
1	reuse_ssl_sessions
1	reuse_ssl_sessions=
1	reuse_suffix
1	rev_id
1	reveal
1	revenue_share_add
1	revenue_share_delete
1	revenue_share_edit
1	revenue_share_list
1	reverse?
1	reverseChildParent
1	reverse_address
1	reverse_arpayment
1	reverse_association_prefix
1	reverse_association_suffix
1	reverse_bytes
1	reverse_chunk
1	reverse_color
1	reverse_enumerator
1	reverse_geocode?
1	reverse_journal_entry
1	reverse_phone
1	reverse_series!
1	reverse_signature
1	reverse_sortkey_field
1	reverse_utf8!
1	reversed
1	reversed?
1	reversible
1	revert!
1	revert_pos
1	revert_to_commit
1	revert_to_index
1	reverting?
1	review_and_confirm
1	review_count
1	reviewer
1	reviewers
1	revise
1	reviseCheckoutStatus
1	reviseFixedPriceItem
1	reviseInventoryStatus
1	reviseItem
1	reviseMyMessages
1	reviseMyMessagesFolders
1	reviseSellingManagerInventoryFolder
1	reviseSellingManagerProduct
1	reviseSellingManagerSaleRecord
1	reviseSellingManagerTemplate
1	revision=
1	revision_dir
1	revision_id
1	revision_number
1	revisions
1	revisions_refs
1	revokeToken
1	revoked
1	revoked?
1	revtrans
1	reward_id
1	reward_id=
1	reward_logo_url
1	reward_logo_url=
1	reward_name
1	reward_name=
1	reward_number
1	reward_number=
1	reward_program_id
1	reward_program_id=
1	reward_programs
1	reward_programs=
1	rewhere
1	rewind!
1	rewrap_mysql2_exception
1	rewrap_on_resize_switch
1	rewritable_request_cookies
1	rewrite_file
1	rewrite_object
1	rewrite_regular_file
1	rewrite_url_base
1	rewriters
1	rewritten_nodes
1	rfc=
1	rfind
1	rfolder
1	rg_full_gem_path
1	rgb?
1	rgb_fg_color=
1	rgb_prepare
1	rgb_to_hex
1	rgb_to_hsv
1	rgba=
1	rgt
1	rhs
1	rhyme_keys
1	rhymes
1	ri2r
1	ri_driver
1	riak
1	rid
1	riester_beitrag_pa
1	riester_wunsch
1	right?
1	rightChild
1	right_arm
1	right_child
1	right_curly_brace?
1	right_diff
1	right_down_corner
1	right_exclusive
1	right_join
1	right_leg
1	right_margin_position=
1	right_membrane_ids
1	right_menu
1	right_parens?
1	right_point
1	right_sibling
1	right_up_corner
1	rightmost_forest
1	rights
1	rights_
1	ring_gauge
1	ring_wizard_class_name
1	rining
1	ripemd160
1	rise
1	risk_decisioning
1	risk_decisioning=
1	rl_line_buffer
1	rl_point
1	rlimit
1	rm_chan
1	rm_clone
1	rm_current
1	rm_garbage
1	rm_safe
1	rmagick
1	rmagick_installed?
1	rmailbx
1	rmdir!
1	rmerge
1	rmse
1	rname
1	rnd
1	rng_seed
1	rnum
1	ro_properties_members
1	roaches=
1	road_config
1	road_exclude_flora_path
1	road_exclude_mountain_path
1	road_exclude_water_path
1	roblosecurity=
1	roda_class
1	roda_class=
1	rodauth
1	rofl_log_level
1	rofl_logger_check
1	rogue
1	role_arn
1	role_class
1	role_class_name
1	role_colors
1	role_default
1	role_descriptions
1	role_details
1	role_mentions
1	role_name
1	role_override
1	role_permissions
1	role_type
1	rolemethod_call
1	roll_dice
1	roll_int
1	roll_nested_into_parent_packs
1	roll_pool
1	roll_total
1	rollback_branch
1	rollback_branches
1	rollback_db_transaction
1	rollback_stack
1	rollback_to_before_data_load
1	rollback_transaction
1	rolling_file_logger_defined?
1	rollout
1	rollout_state
1	rom
1	rom_id
1	rom_xml
1	romaji
1	roman
1	rook?
1	room=
1	room_id=
1	rootFolder
1	root_agent
1	root_command
1	root_configure
1	root_connection
1	root_domain=
1	root_factory
1	root_folder_name
1	root_folder_path
1	root_header
1	root_keys_transformer
1	root_limit
1	root_logger
1	root_prefix
1	root_snapshot
1	root_task
1	rope_for_type
1	ror
1	roster
1	roster_status
1	rot13
1	rotate=
1	rotate_extrude
1	rotate_groups
1	rotate_left
1	rotate_right
1	rotate_rollback
1	rotated_caesar
1	roughness
1	round_degrees
1	round_down_spaces=
1	round_level
1	round_shift
1	round_to_human_fraction
1	round_to_nearest
1	round_to_nearest_fraction
1	rounded_hours
1	rounded_time
1	rounding_precision
1	route!
1	route=
1	route_code
1	route_code_log_message
1	route_definition
1	route_details_url
1	route_key
1	route_map_url
1	route_matchers
1	route_mode_response_handle
1	route_name
1	route_options=
1	route_outgoing_requests=
1	route_to
1	route_type
1	routes_index
1	routes_loaded?
1	routing=
1	routing_behavior
1	routing_number=
1	row=
1	row?
1	rowCount
1	rowCount=
1	rowIndexStride
1	row_by_array_index
1	row_by_pk
1	row_class
1	row_end
1	row_expanded?
1	row_files
1	row_filter
1	row_hash_by_key
1	row_indices
1	row_num
1	row_object
1	row_proc
1	row_type
1	rows_hash
1	rows_per_page
1	rows_with_numerics
1	rp_original_require
1	rpc_route_for
1	rpcclient
1	rpgscript
1	rpm2cpio
1	rpmExpandMacros
1	rpmPopMacro
1	rpmPushMacro
1	rpm_file=
1	rpm_installed?
1	rpm_version_code
1	rpoplpush
1	rpower
1	rpt_mode=
1	rr
1	rr2i
1	rraise
1	rrep
1	rrsets
1	rrule
1	rs_apikey=
1	rs_region=
1	rs_username=
1	rsa?
1	rsa_key
1	rsa_private_key_path
1	rsc
1	rsc_serialize
1	rsearch_with_length
1	rset
1	rsh
1	rsm_home
1	rsp
1	rspec
1	rspec?
1	rspec_hue_api_user
1	rspec_hue_failed_color
1	rspec_hue_ip
1	rspec_hue_light_id
1	rspec_hue_passed_color
1	rspec_matcher?
1	rspec_notifiers
1	rspec_path
1	rspec_puppet_example?
1	rsrc_of_tag
1	rss?
1	rss_channel
1	rss_hashr
1	rss_subject
1	rss_url=
1	rstrip_by
1	rsum
1	rsync
1	rsync_flags
1	rt
1	rtl_script?
1	rtm_td
1	rtraits
1	rtrim
1	ru
1	ru_r
1	rubic
1	rubocop_autocorrect
1	rubocop_parallel_autocorrect
1	rubocop_yml
1	ruby2_keywords_hash
1	ruby2d
1	ruby?
1	ruby_advance
1	ruby_check
1	ruby_class_name
1	ruby_context
1	ruby_delegated_child_operations
1	ruby_discovered_surfaces
1	ruby_extension_path
1	ruby_feature_profile
1	ruby_ident=
1	ruby_keyword_literals=
1	ruby_line
1	ruby_method?
1	ruby_name
1	ruby_package
1	ruby_path
1	ruby_platform
1	ruby_runner
1	ruby_shared_name
1	ruby_versions
1	rubyforge
1	rubyforge_project=
1	rubygems_version
1	rubygems_version_check
1	rubyize_keys
1	rubypath
1	rule_for
1	rule_index
1	rule_table
1	rule_table=
1	rules_pool
1	ruleset_classifications
1	rumble=
1	run2
1	run=
1	runAsync=
1	runBash
1	runChecks
1	runGit
1	runGitInteractive
1	runHook
1	runMode
1	runProjFile
1	runUname
1	run_adb
1	run_after_create
1	run_after_load
1	run_after_on_queue
1	run_after_save
1	run_after_update
1	run_after_validate
1	run_after_validation
1	run_after_validation_on_create
1	run_after_validation_on_update
1	run_agent_retries
1	run_all_hooks?
1	run_anagrams
1	run_and_capture
1	run_and_return_properties
1	run_app
1	run_applescript
1	run_as
1	run_as_executable?
1	run_as_hook
1	run_async
1	run_async_on_queue
1	run_at
1	run_at_exit?
1	run_at_exit_hooks
1	run_autoproj_cli
1	run_before_create
1	run_before_example_without_action
1	run_before_hooks
1	run_before_save
1	run_before_update
1	run_before_validation
1	run_before_validation_on_create
1	run_before_validation_on_update
1	run_benchmark
1	run_cane
1	run_change
1	run_checks
1	run_cli
1	run_code
1	run_code!
1	run_command_as_sudo
1	run_command_in_container
1	run_command_in_running_container
1	run_config_blocks
1	run_configure
1	run_context
1	run_describe
1	run_diamond
1	run_diff
1	run_dir
1	run_dir=
1	run_directly?
1	run_dispatcher_callbacks
1	run_display_only
1	run_docker
1	run_down
1	run_dsl
1	run_envs=
1	run_erb_linter_file
1	run_erb_linter_filtered
1	run_from_cmd_line
1	run_generation_sequence
1	run_get_stdout
1	run_guard_action
1	run_handler!
1	run_handler?
1	run_in_background
1	run_inline
1	run_instance
1	run_interactive_command
1	run_is_terminated?
1	run_javascript_linter_file
1	run_javascript_linter_filtered
1	run_job
1	run_jobs
1	run_length_encode
1	run_limit_count
1	run_limit_count=
1	run_lock
1	run_log
1	run_loop
1	run_map
1	run_map_reduce
1	run_menu=
1	run_menu?
1	run_migrations?
1	run_name=
1	run_non_interactive
1	run_oauth_procedure
1	run_ohai
1	run_on_project
1	run_only
1	run_opened
1	run_opsworks_command
1	run_palindrome
1	run_parselet_on_server
1	run_pdf_engine
1	run_plugin
1	run_podfile_post_install_hooks
1	run_prodigal
1	run_query
1	run_query_clickhouse
1	run_query_databricks
1	run_query_postgres
1	run_reduce
1	run_reek
1	run_remote
1	run_report_unsafe
1	run_rubocop_file
1	run_rubocop_filtered
1	run_scheduler_on_web_server
1	run_server
1	run_settings
1	run_shell?
1	run_shell_command
1	run_simple
1	run_source_provider_hooks
1	run_specs
1	run_stack
1	run_state
1	run_state_change_action
1	run_status=
1	run_status_down!
1	run_status_down?
1	run_status_up!
1	run_status_up?
1	run_str
1	run_suite_with_callbacks
1	run_sync_on_queue
1	run_sys_command
1	run_tasks!
1	run_test
1	run_till_terminated
1	run_tool
1	run_tree
1	run_up
1	run_validations
1	run_validator
1	run_when_not_nil
1	run_with_bdb
1	run_with_capture
1	run_with_extension
1	run_with_nice_errors
1	run_with_redis
1	run_without_httplog
1	run_without_monitor
1	run_yaml
1	runar_defaults
1	rune_pages
1	runfile
1	runfile=
1	runnable_methods
1	runner_class
1	runner_instance
1	running_as_task?
1	running_count
1	running_duration
1	running_inline?
1	running_on_travis?
1	running_process_user
1	running_threshold
1	runs_names
1	runtime_configurable_wrapper
1	runtime_configurable_wrapper=
1	runtime_methods
1	russian_female_last_name
1	rust_arch_bits
1	rust_detected?
1	rust_load!
1	rust_version
1	rval
1	rvalue
1	rw
1	rw_bias
1	rws
1	rx_incr
1	s3=
1	s3_bucket=
1	s3_client
1	s3_delete_object
1	s3_main
1	s3_mirrors
1	s3_to_https
1	s3_url=
1	s3_website_endpoint
1	s3requester
1	s?
1	sBitsPerSample
1	s_convert_codeblock
1	s_convert_hr
1	s_for
1	s_format_as_block_html
1	s_format_as_indented_block_html
1	s_format_as_span_html
1	s_index_of_first_non_bareword
1	s_is_newline
1	s_is_not_bareword_safe
1	s_is_whitespace
1	s_key
1	s_txt
1	s_value_for_escape
1	sa_global
1	safari?
1	safe=
1	safe?
1	safe_column_names
1	safe_concat
1	safe_create_module_files
1	safe_delimiters
1	safe_escape
1	safe_gsub
1	safe_hash_lookup
1	safe_instance_variables
1	safe_log
1	safe_mode
1	safe_output_path
1	safe_parse
1	safe_ptrace
1	safe_read
1	safe_reset!
1	safe_str
1	safe_unlink
1	safe_waitpid
1	safe_yield_stream
1	safelist
1	safety_level
1	safety_original_to_hash
1	saj_parse
1	sale
1	saleAmount=
1	sale_sum
1	sales_data
1	saltValue
1	salt_password
1	salted
1	salutation
1	sam_iterator
1	sameAs
1	same_digest?
1	same_directory?
1	same_line?
1	same_name
1	same_options?
1	same_service?
1	saml_config
1	sample?
1	sample_abundance
1	sample_count
1	sample_edges
1	sample_format=
1	sample_index=
1	sample_offset
1	sample_sum
1	samplers
1	samples=
1	sampling_factor
1	sampling_procedure=
1	sandbox_base
1	sandbox_key
1	sandbox_key=
1	sandbox_mode
1	sandbox_url
1	sandbox_url=
1	sanitize_for_mass_assignment
1	sanitize_html
1	sanitize_options=
1	sanitize_params
1	sanitize_pattern
1	sanitize_regexp=
1	sanitize_res_dict_list
1	sanitize_sql_for_conditions
1	sanitize_tokens
1	sanitize_url
1	sanitize_utf8_string
1	sanitized_method_name
1	sanity_check
1	sarif
1	sas_lexer_free
1	sas_lexer_free_string
1	sas_lexer_get_last_error
1	sas_lexer_new
1	sass_config=
1	sass_engine_options
1	sass_script
1	satisfied?
1	satisfied_by
1	satisfies
1	satisfies?
1	satisfies_needs?
1	satisfies_suggestions?
1	saturation
1	saturation=
1	saveBMP
1	saveItemToSellingManagerTemplate
1	save_action
1	save_all
1	save_arguments
1	save_array
1	save_as_wav_with
1	save_at_exit
1	save_buffer
1	save_cache
1	save_category
1	save_chunks
1	save_clean
1	save_commands_and_events
1	save_config!
1	save_contacts
1	save_dictionary!
1	save_difference_image
1	save_excursion
1	save_file_data
1	save_file_path_to_config_file
1	save_index
1	save_key_value_pair
1	save_layout
1	save_marshal
1	save_mem_copy
1	save_mem_share
1	save_memory
1	save_obj
1	save_object
1	save_plist
1	save_pos
1	save_production
1	save_prog
1	save_project
1	save_record
1	save_request
1	save_request_example_name
1	save_rss_item
1	save_site
1	save_snip
1	save_sqlite
1	save_storable
1	save_stored_preferences
1	save_svc_hash
1	save_to_cache
1	save_to_files
1	save_to_github
1	save_to_path
1	save_to_xml
1	save_urls
1	save_values
1	save_version_manifest
1	save_without_validation
1	saveas
1	saved_album
1	saved_copy_url
1	savefile
1	savepoint
1	saver
1	saving_log_file
1	saving_log_file=
1	savon_call
1	savon_client
1	sax_parse_xml
1	say_fail
1	say_goodbye
1	say_no_tag_applied
1	say_paramset
1	say_paramset_list
1	say_rc_fetch
1	say_thank_you
1	say_to
1	say_to_channel
1	say_you_broke
1	sc_parse
1	scaffold_controllers
1	scalar_to_text
1	scalarmultbase
1	scale=
1	scale_both
1	scale_cmd!
1	scale_events
1	scale_f
1	scale_factor
1	scale_medium
1	scale_print_page
1	scale_small
1	scaled_height
1	scalef=
1	scan!
1	scan_and_replace
1	scan_backup_dirs
1	scan_byte
1	scan_date
1	scan_directory
1	scan_dxindex
1	scan_event_code
1	scan_for_dup
1	scan_for_prunable
1	scan_for_prunable_images
1	scan_for_repos
1	scan_history
1	scan_id
1	scan_limit
1	scan_matches
1	scan_max_separator
1	scan_new_or_changed_with_spec
1	scan_new_or_changed_with_test
1	scan_next
1	scan_page
1	scan_qr
1	scan_repo
1	scan_results
1	scan_type
1	scan_url
1	scancode
1	scanf
1	scanner=
1	scannerGet
1	scannerOpenWithScan
1	scanner_class
1	scanner_source
1	scanning_completed?
1	scantokens
1	scatter
1	scenarii
1	scenario
1	scene7url_from
1	scene=
1	scenes
1	schedule!
1	scheduleInRunLoop
1	schedule_at
1	schedule_job
1	schedule_learning_relearning_state
1	schedule_new_state
1	schedule_review_state
1	schedule_time
1	scheduled?
1	scheduled_actions
1	scheduler
1	scheduling
1	scheduling_strategy
1	schema_definition_by_child
1	schema_dump_full_path
1	schema_enforced?
1	schema_exists?
1	schema_file
1	schema_for
1	schema_format
1	schema_location
1	schema_location=
1	schema_major_minor
1	schema_migration
1	schema_migrations_table_name
1	schema_path=
1	schema_registry
1	schema_registry=
1	schema_search_path=
1	schema_store
1	schema_valid?
1	schema_validations_to_skip=
1	schema_version
1	schemaless_table
1	schemaname
1	schemas_only
1	scheme_allowed?
1	scheme_ids
1	schemer
1	schemer_validator
1	scintilla_init
1	scm_c_eval_string
1	scm_init_guile
1	sconf_old_method_missing
1	sconv
1	scoop_install?
1	scope!
1	scope?
1	scope_at
1	scope_at=
1	scope_attributes
1	scope_class
1	scope_class=
1	scope_config
1	scope_defaults
1	scope_end
1	scope_for
1	scope_hash
1	scope_hash=
1	scope_manager
1	scope_name
1	scope_names
1	scope_registry
1	scope_start
1	scoped_account=
1	scoped_children
1	scopes=
1	scopes_supported
1	score_conversion
1	score_field_to_string
1	score_for
1	score_game
1	score_participation
1	score_threshold
1	score_with_llm
1	scpProgram
1	scramble
1	scramble_file
1	scrap_content
1	scrape!
1	scrapeABV
1	scrapeBrewery
1	scrapeName
1	scrapeRating
1	scrapeStyle
1	scrape_adoptable_pets
1	scrape_adventures
1	scrape_all_rankings
1	scrape_all_stats
1	scrape_asian
1	scrape_atlas
1	scrape_billboard
1	scrape_book_movement
1	scrape_books
1	scrape_categories_from_home_page
1	scrape_cbs
1	scrape_characters
1	scrape_cities
1	scrape_city_attractions
1	scrape_city_summary
1	scrape_cnn
1	scrape_concert
1	scrape_content
1	scrape_coty
1	scrape_countries
1	scrape_crypto
1	scrape_curie
1	scrape_data
1	scrape_data_multi
1	scrape_dchappyhours
1	scrape_deals_from_category_page
1	scrape_el
1	scrape_espn
1	scrape_featured
1	scrape_first_flight
1	scrape_fox
1	scrape_fox_articles
1	scrape_foxnews
1	scrape_friday_cieloclub
1	scrape_friday_event_cielo
1	scrape_friday_event_output
1	scrape_friday_outputnyc
1	scrape_full_recipe
1	scrape_google
1	scrape_headings
1	scrape_health_sites
1	scrape_imdb
1	scrape_indian
1	scrape_instance_method_bodies
1	scrape_irving
1	scrape_italian
1	scrape_items
1	scrape_james
1	scrape_klass_method_bodies
1	scrape_leader_1
1	scrape_leader_2
1	scrape_leader_3
1	scrape_leader_4
1	scrape_leader_5
1	scrape_list_page
1	scrape_love
1	scrape_lyrics
1	scrape_magicseaweed
1	scrape_magicseaweed_3day
1	scrape_maps
1	scrape_matchups
1	scrape_meetups
1	scrape_method_names
1	scrape_mexican
1	scrape_michigan_computersci
1	scrape_michigan_engineering
1	scrape_minnesota
1	scrape_msnbc
1	scrape_msnbc_articles
1	scrape_nebraska
1	scrape_nfl
1	scrape_ntr1
1	scrape_ntr2
1	scrape_ntr3
1	scrape_one_opinion_list
1	scrape_options
1	scrape_parks
1	scrape_players
1	scrape_political_sites
1	scrape_popular_slickdeals
1	scrape_populardeals
1	scrape_power
1	scrape_recent
1	scrape_recipes
1	scrape_recipes_page
1	scrape_regions
1	scrape_results
1	scrape_reuters_articles
1	scrape_rotten_tomatoes
1	scrape_saturday_cieloclub
1	scrape_saturday_event_cielo
1	scrape_saturday_event_output
1	scrape_saturday_outputnyc
1	scrape_second_flight
1	scrape_shows
1	scrape_southern
1	scrape_stmarys
1	scrape_teams
1	scrape_tech_sites
1	scrape_textbooks
1	scrape_third_flight
1	scrape_tradingview
1	scrape_usa
1	scrape_value
1	scrape_woot
1	scrape_word
1	scrape_world_coin_index
1	scraped_urls
1	scrapehero
1	scrapify
1	screen=
1	screen_columns
1	screen_erase_above
1	screen_erase_below
1	screen_erase_scrollback
1	screen_index
1	screen_index=
1	screen_resolution
1	screen_text
1	screencast
1	screenshots
1	scrheight
1	scripName
1	script_content
1	script_domain
1	script_for_key
1	script_name_line
1	script_sig
1	script_string
1	script_to_disable_transitions
1	script_witness
1	scripter
1	scripts
1	scroll_expiration_time
1	scroll_height
1	scroll_on_keystroke_switch
1	scroll_on_output_switch
1	scroll_page_size
1	scrub_attribute_that_allows_local_ref
1	scrub_attributes
1	scrub_description
1	scrub_uri_attribute
1	scrubbed_dollar_amount
1	scrwidth
1	scs_set_default_settings
1	scs_version
1	sdate=
1	sdig
1	sdk
1	sdk_logger
1	sdk_name=
1	sdk_v1_features_feature_key_evaluate_post
1	se_play
1	seal_status
1	sealed
1	sealed_subclasses
1	searchInclude
1	searchParam
1	search_again_for_first_wd?
1	search_again_for_second_thrid_wd?
1	search_alias_return_alias_tokens
1	search_alias_return_alias_tokens_with_group
1	search_alias_with_group_name
1	search_all_names
1	search_and_download
1	search_and_query
1	search_assets_top_rel
1	search_by_acn
1	search_by_condition
1	search_by_isbn
1	search_by_key
1	search_by_number
1	search_by_pid
1	search_candidates
1	search_class_name
1	search_code
1	search_descendents
1	search_engine?
1	search_for
1	search_for_dependency
1	search_for_nxt_wd?
1	search_full
1	search_index_class_name
1	search_item_by_text
1	search_items
1	search_list
1	search_me
1	search_messages
1	search_method_name=
1	search_object
1	search_operator
1	search_operators
1	search_overlap
1	search_page_size
1	search_phrase
1	search_project
1	search_query
1	search_recent_tweets
1	search_repeated_files
1	search_resources
1	search_response
1	search_scopes=
1	search_settings
1	search_similar_content
1	search_string
1	search_string=
1	search_string_index
1	search_string_index=
1	search_string_size=
1	search_template
1	search_terminators
1	search_text
1	search_tweets
1	search_with_length
1	searchable_associations
1	searchable_attribute_aliases=
1	searchable_attribute_options=
1	searchable_attributes=
1	searchable_columns
1	searchable_language
1	searchable_models
1	searched_books_clear
1	searches
1	searchget
1	searchout
1	seas=
1	season
1	sec2str
1	secitem_alloc_item
1	secitem_free_item
1	second_argument_missing?
1	second_factor_authenticated?
1	second_format
1	second_intervals
1	second_of_minute
1	second_pass
1	second_player?
1	second_player_hand
1	second_player_style
1	secondary_alert_template=
1	secondary_bucket_name=
1	secondary_key
1	secondary_origin_url
1	secondary_origin_url=
1	secondary_result
1	seconds_from_midnight
1	seconds_since_midnight
1	secret_access_key=
1	secret_binary
1	secret_bundle_content
1	secret_crypto_access_key
1	secret_files_path
1	secret_id=
1	secret_key_ref
1	secret_list
1	secret_name
1	secret_signing_key
1	secret_version_path
1	secretkey_filed
1	secrets_path
1	secrets_yaml_full_path
1	section=
1	sectionComment
1	section_name
1	sections_for
1	sections_names
1	sectiontype_streamline
1	sectname=
1	sector_no
1	sector_size
1	secure=
1	secure_mode=
1	secure_session_is_established
1	secure_url
1	secure_write
1	securityGroupInfo
1	security_check
1	security_code
1	security_details
1	security_key
1	security_schemes
1	security_vulnerability
1	sed!
1	sed_ready?
1	see5_executable
1	seeAlso
1	seed!
1	seed_config
1	seed_dir
1	seed_file=
1	seed_from_dump
1	seed_hi
1	seed_lo
1	seed_loader=
1	seed_ratio
1	seed_schema_validation
1	seed_time
1	seedlings
1	seen?
1	seen_cli_tranports
1	sefl
1	segment!
1	segment_at
1	segment_keys
1	segment_names
1	segment_parent
1	segment_parent=
1	segment_separator
1	segname
1	segs
1	segue_id_regex_sb
1	segue_prefix
1	segue_suffix
1	seid=
1	seikei
1	sel_log
1	sel_summary
1	select2_container
1	selectMode=
1	select_activity
1	select_by_ext
1	select_category
1	select_cells
1	select_day
1	select_destination
1	select_fallback_nodes
1	select_features
1	select_files
1	select_from
1	select_group
1	select_header_accept
1	select_header_content_type
1	select_key
1	select_list
1	select_media_type
1	select_month
1	select_number
1	select_ole_type
1	select_option
1	select_position
1	select_ready
1	select_recursive
1	select_res_dicts_blacklist
1	select_res_dicts_whitelist
1	select_restaurant
1	select_result
1	select_schema_major_minor
1	select_server
1	select_strategy_and_execute
1	select_subcategories
1	select_tournament
1	select_until
1	select_version
1	select_window
1	selected?
1	selectedItems
1	selected_as_default
1	selected_as_default=
1	selected_fields=
1	selected_items
1	selected_line
1	selected_operation
1	selected_set
1	selected_tests
1	selection=
1	selectionMode=
1	selection_add
1	selection_range
1	selection_start
1	selections
1	selector=
1	selenium_browser
1	selenium_driver
1	self?
1	self_closing_tag?
1	self_closing_tags
1	self_dependency_add
1	self_load
1	self_post
1	self_post=
1	self_property_definitions
1	self_time
1	self_type=
1	self_types
1	selfie_output_directory
1	selftext
1	sell_replenish
1	sellerReverseDispute
1	seller_email
1	seller_id
1	seller_token=
1	sello=
1	selloCFD
1	sem_flg=
1	sem_num=
1	sem_op=
1	semantic_cache_lookup
1	semantic_node
1	semantic_similarity
1	semget
1	semi
1	semi_major_axis
1	semicolon?
1	semodule=
1	semver
1	semx
1	send!
1	send?
1	sendAuthorizeRequest
1	sendContent
1	sendInvoice
1	sendToAdmins
1	send_SearchResultEntry
1	send_agent_message
1	send_alerts
1	send_and_receive
1	send_buffer_size=
1	send_by_date
1	send_card_cmd
1	send_chip_cmd
1	send_code_attempts
1	send_email_notifications
1	send_error_mail_to_admin
1	send_form
1	send_frame
1	send_gems
1	send_get_request
1	send_header
1	send_hello
1	send_helper
1	send_html
1	send_http_header
1	send_ids_to_parent
1	send_if_not_nil
1	send_im
1	send_info
1	send_interval=
1	send_json
1	send_key_to_remote
1	send_multiple_messages
1	send_new_fighter
1	send_node_include?
1	send_notes
1	send_notification_to_receiver
1	send_notification_to_sender
1	send_notifications
1	send_nsca
1	send_object
1	send_openid_response
1	send_ping
1	send_push_notification
1	send_raw_data
1	send_raw_transaction
1	send_reply
1	send_report
1	send_reports_stats
1	send_request_complete_to_iphone
1	send_request_for_controller
1	send_request_for_model
1	send_request_for_other
1	send_request_for_ruby
1	send_request_for_service
1	send_signal
1	send_sms_rest
1	send_smsـwrapper
1	send_stat
1	send_tagged_message
1	send_text
1	send_timeout_sec=
1	send_to_all
1	send_to_hoptoad
1	send_to_owner
1	send_to_playground
1	send_via_gateway
1	send_via_http
1	send_voice
1	send_with_data
1	sendcmd
1	sender_account_number
1	sender_id
1	senders
1	sendfrom
1	sendmail_binary
1	sendmsg_nonblock
1	sendport
1	sendtoaddress
1	sensible_folder
1	sensible_sort
1	sensitive?
1	sensitivity
1	sensor_job_class
1	sensors_cleanup
1	sensors_init
1	sensu_url
1	sent?
1	sentDatetime=
1	sent_bytes
1	sent_bytes=
1	sent_time
1	sent_to_user?
1	sente
1	sentence_ending_punctuation?
1	sentinel
1	sentry_dsn
1	sepa_end_to_end_id
1	separate_sms
1	separator_regex
1	separators=
1	separators_depth
1	separators_width
1	seq_
1	seq_code
1	seq_dict
1	seqs
1	sequel_db
1	sequence=
1	sequence_code
1	sequence_codes
1	sequential_asset_names
1	sequester
1	sequester!
1	ser256
1	ser32
1	serial_number=
1	serial_port
1	serializable_attribute_names_without_serializable_data
1	serializable_initialize
1	serializable_sorting_attributes
1	serialization
1	serialization_depth
1	serialize_array
1	serialize_components
1	serialize_event
1	serialize_hash
1	serialize_metric
1	serialize_object
1	serialize_resource_set_to_hash_single
1	serialize_string
1	serialize_value
1	serialize_with_json!
1	serialize_xprv
1	serialize_xpub
1	serialized_components
1	serialized_context_changes
1	serialized_events
1	serialized_evict_cache
1	serialized_expire_cache
1	serialized_target
1	serializer=
1	serializer_arity=
1	serializer_block
1	serializer_inferrer
1	serializers=
1	serie=
1	seriesInfo
1	series_banners
1	series_color_classes
1	series_symbols
1	series_title
1	serper_api_key
1	serve_compiled_assets
1	serve_file
1	serve_host=
1	serve_port=
1	server_address
1	server_address=
1	server_arrays
1	server_backtrace=
1	server_binding_url
1	server_cast
1	server_config
1	server_context
1	server_error
1	server_error_handler
1	server_host=
1	server_hostname
1	server_index=
1	server_ip
1	server_key
1	server_key!
1	server_number
1	server_options
1	server_port=
1	server_side
1	server_side_visits
1	server_signer_id
1	server_streaming
1	server_template
1	server_time
1	server_type
1	server_uri
1	servername_cb=
1	servers_detail
1	servers_from
1	service=
1	serviceEndpoint
1	serviceType
1	service_accounts
1	service_address
1	service_by_name
1	service_check=
1	service_company=
1	service_definition
1	service_definition=
1	service_desc
1	service_document
1	service_host=
1	service_info
1	service_installed?
1	service_instance
1	service_lb_subnet_ids
1	service_list
1	service_output
1	service_registry
1	service_sid
1	service_subscriptions
1	service_tag
1	service_type
1	service_type_values
1	service_uri
1	service_url
1	service_url=
1	services_in_progress?
1	serving
1	serving_folder
1	serving_folder=
1	servitor_require
1	servlet
1	ses
1	sessionHandle=
1	sessionId
1	sessionId=
1	session_attributes
1	session_cache_mode=
1	session_class_name
1	session_details
1	session_expire_days
1	session_id_context=
1	session_lifetime
1	session_lifetime_extend_to_end_of_day
1	session_names
1	session_new_cb=
1	session_num=
1	session_preludes
1	session_present
1	session_secret
1	session_signature
1	session_signature=
1	session_start
1	session_state_init
1	session_storage
1	session_type
1	sessiongenerate
1	set!
1	setAPIKey
1	setAccelerator
1	setAllInputValue
1	setAlpha
1	setAttachments
1	setAttributeNode
1	setAuthor
1	setAutoSaveSettings
1	setAutoScale
1	setAutoenablesItems
1	setBASH
1	setBASHRC
1	setBcc
1	setBellEnabled
1	setBorder
1	setButtons
1	setCacheLoader
1	setCacheWriter
1	setCc
1	setCellValue
1	setCentralWidget
1	setCharacterStream
1	setCheck
1	setCheckType
1	setCommitter
1	setConf
1	setConfiguration
1	setCurrentContext
1	setData
1	setDataPolicy
1	setDefaultCloseOperation
1	setDelegate
1	setEditable
1	setFillAvailableArea
1	setFilter
1	setForceUpdate
1	setHtmlBody
1	setIcon
1	setIgnoreExternals
1	setItem
1	setJMenuBar
1	setJdkVersion
1	setLabelText
1	setLayoutData
1	setLispToken
1	setLocationRelativeTo
1	setLogLevel
1	setMain
1	setMainWidget
1	setMargin
1	setMaxRows
1	setMaximumSize
1	setMenu
1	setMessage
1	setMessagePreferences
1	setMetaData
1	setMinimumSize
1	setMnemonic
1	setMode
1	setModified
1	setModuleScriptProvider
1	setNewObjectId
1	setNext
1	setNotificationPreferences
1	setOswDir
1	setOutputHandler
1	setOwner
1	setParam
1	setPartitionAttributes
1	setPassword
1	setPath
1	setPermission
1	setPictureManagerDetails
1	setPoint
1	setPoolName
1	setPort
1	setPosition
1	setPreferredSize
1	setProcessChannelMode
1	setProjectVersion
1	setPromotionalSale
1	setPromotionalSaleListings
1	setRange
1	setReadOnly
1	setReadWrite
1	setRecognized
1	setRedundantCopies
1	setRefLogIdent
1	setRefLogMessage
1	setReplyTo
1	setRotationMatrix
1	setRuntime
1	setSandboxed
1	setScope
1	setSellingManagerFeedbackOptions
1	setSellingManagerItemAutomationRule
1	setSellingManagerTemplateAutomationRule
1	setSender
1	setShippingDiscountProfiles
1	setShouldAntialias
1	setStaleTime
1	setStore
1	setStoreCategories
1	setStoreCustomPage
1	setStorePreferences
1	setStoredResponse
1	setStretchFactor
1	setStringValue
1	setSubcmd
1	setSubject
1	setSubset
1	setSwapInterval
1	setTaxTable
1	setTextBody
1	setTo
1	setTreeId
1	setUrl
1	setUseHistory
1	setUsePagination
1	setUserNotes
1	setUserPreferences
1	setVData
1	setVariable
1	setVariableValue
1	setVerticalAlignment
1	setVideoMode
1	setVipEndAt
1	setVisible
1	setWhitespace
1	setWidget
1	setWorkingDirectory
1	setZSHRC
1	set_accel_group
1	set_accel_path
1	set_access_log
1	set_access_tables
1	set_access_token
1	set_access_token_from_token!
1	set_airco
1	set_alignment
1	set_alpha
1	set_altinterface
1	set_always
1	set_antialias
1	set_api_cache_timestamp
1	set_api_url
1	set_app_info
1	set_app_keys
1	set_app_paintable
1	set_app_properties
1	set_application_display_name
1	set_arg
1	set_args
1	set_argv
1	set_arity
1	set_ascii
1	set_assertion
1	set_atoken
1	set_attribute_name
1	set_attribute_value
1	set_auth_cookie
1	set_auth_token
1	set_authority
1	set_auto_default
1	set_auto_take
1	set_background
1	set_background_colour
1	set_base_dir
1	set_base_language
1	set_base_url
1	set_binary
1	set_binary_mode
1	set_bit
1	set_bitmap
1	set_blink
1	set_block_params
1	set_bmc_dhcp
1	set_bmc_network
1	set_bold
1	set_boot_order
1	set_boot_order_hd_first
1	set_boot_override
1	set_boxes
1	set_bright_color
1	set_cached
1	set_cell_data_func
1	set_central_widget
1	set_channel
1	set_channel_depth
1	set_chapters
1	set_char_spacing
1	set_character_encoding
1	set_charset!
1	set_child
1	set_cipher_key
1	set_clear_button_enabled
1	set_client
1	set_client_state
1	set_clip_rect
1	set_code
1	set_col_range
1	set_collection_name
1	set_column
1	set_column_separator
1	set_column_width
1	set_commit_by_sha
1	set_compiler
1	set_conditional_param
1	set_config_item
1	set_conn_variables
1	set_console_resized_hook!
1	set_constant
1	set_constant!
1	set_content_from_parsable
1	set_context
1	set_context_menu
1	set_context_menu_policy
1	set_cookie!
1	set_correction_context
1	set_csrf_token_cookie
1	set_current
1	set_current_folder
1	set_current_item
1	set_current_line
1	set_current_page
1	set_current_widget
1	set_cursor_position
1	set_cursor_visible
1	set_dash
1	set_data_stores
1	set_database_name
1	set_db
1	set_db_connection
1	set_db_doc
1	set_db_doc_by_type
1	set_debug!
1	set_debug_backtrace
1	set_decorated
1	set_default_env
1	set_default_handler
1	set_default_headers
1	set_default_kindle_address
1	set_default_output_format
1	set_default_permissions
1	set_default_response
1	set_default_run_at
1	set_default_server
1	set_depth
1	set_desktop_file_name
1	set_details
1	set_directory
1	set_doc_format
1	set_doctype!
1	set_document
1	set_domains
1	set_dry_run_mode
1	set_echo_mode
1	set_element
1	set_email_credentials
1	set_enable_search
1	set_enable_tree_lines
1	set_endpoint_attributes
1	set_engine
1	set_entity
1	set_enumerated_state_property
1	set_epoch_deadline
1	set_examine_edge_event_handler
1	set_examine_vertex_event_handler
1	set_example_file_from
1	set_except_filter
1	set_exception
1	set_exec_root
1	set_executable
1	set_exit_exception
1	set_expander_column
1	set_expiry
1	set_export
1	set_exposures
1	set_extra
1	set_extra_header
1	set_features
1	set_file_contents
1	set_file_path
1	set_files
1	set_filter_overrides!
1	set_finish_vertex_event_handler
1	set_flag
1	set_focus_policy
1	set_focus_proxy
1	set_folder
1	set_font_and_size
1	set_font_description
1	set_font_properties
1	set_fonts
1	set_footer
1	set_form_data=
1	set_format
1	set_forward_page_func
1	set_from
1	set_from_yml
1	set_geometry_hints_for_window
1	set_glade_hash
1	set_glade_variables
1	set_global_properties
1	set_gpg_path_from_env
1	set_grid
1	set_guid
1	set_head
1	set_header!
1	set_header_hidden
1	set_header_size
1	set_headers_visible
1	set_heating
1	set_help_dir_if_not_exists
1	set_here
1	set_hidden
1	set_horiz_scaling
1	set_host_url_to_clients_url
1	set_hostnames
1	set_hue
1	set_icon_from_file
1	set_icon_from_icon_name
1	set_icon_name
1	set_icon_tooltip_text
1	set_if_empty
1	set_image
1	set_include_pattern
1	set_init_parameter
1	set_instance_metadata
1	set_integer
1	set_internal_err
1	set_inverse_colors
1	set_inverse_instance
1	set_is_many_ivar
1	set_is_single_ivar
1	set_item_count
1	set_japanese_api_path
1	set_json=
1	set_justify
1	set_key_at
1	set_keys_only
1	set_keywords
1	set_l
1	set_label_color
1	set_language
1	set_last_accessed_time
1	set_last_value
1	set_left
1	set_left_child
1	set_left_margin
1	set_life_hash!
1	set_line
1	set_line_cap
1	set_line_cap_style
1	set_line_dash_pattern
1	set_line_join
1	set_line_number_from_token
1	set_loader
1	set_log_domain
1	set_log_file
1	set_log_msg_func
1	set_log_path
1	set_long
1	set_mailer
1	set_main!
1	set_major_formatter
1	set_major_locator
1	set_manifest
1	set_markup
1	set_mask
1	set_max_enforcements_tag
1	set_max_wait
1	set_me_up
1	set_members!
1	set_menu
1	set_meta
1	set_metadata_query
1	set_method
1	set_mode
1	set_model
1	set_modules
1	set_mongo_connection_from_args
1	set_movable
1	set_mutant_class
1	set_namespace
1	set_new_series_date_value!
1	set_node
1	set_node_name
1	set_node_parameters
1	set_notice_receiver
1	set_number_format
1	set_object
1	set_object_attribute
1	set_object_name
1	set_operator
1	set_opt
1	set_opts
1	set_origin
1	set_output
1	set_output_dir
1	set_output_layer
1	set_page_complete
1	set_page_title
1	set_page_type
1	set_parameter_active
1	set_parameters
1	set_path_filter
1	set_path_value
1	set_permissions
1	set_pin
1	set_pixel
1	set_placeholder_text
1	set_plugins
1	set_pointing_to
1	set_policy
1	set_posn
1	set_preloaded_value_for
1	set_process_environment
1	set_process_query_on_exit_flag
1	set_processor
1	set_profiles
1	set_program_name
1	set_projection_lambda
1	set_properties
1	set_prototype_of
1	set_proxy_config
1	set_psql_env
1	set_publish_key
1	set_query_string_parameters_from_raw_object
1	set_queue_attributes
1	set_raw
1	set_raw_data
1	set_raw_header
1	set_raw_image_remote_url
1	set_read_only
1	set_read_position
1	set_recognized
1	set_recursive
1	set_refresh_token
1	set_registered_signatures
1	set_relation
1	set_remote
1	set_rendering_mode
1	set_repo
1	set_repository
1	set_request_defaults
1	set_request_uris
1	set_restricted_columns
1	set_retroactive_shift
1	set_rewrap_on_resize
1	set_rgb
1	set_rgb_color_fill
1	set_rgb_color_stroke
1	set_right
1	set_right_child
1	set_rise
1	set_role_apps
1	set_role_security
1	set_row_and_col_range
1	set_row_minimum_height
1	set_row_range
1	set_sat_major
1	set_sat_minor
1	set_scope
1	set_screenshot_dir
1	set_scrollback_lines
1	set_secret_key
1	set_sector
1	set_select_cb
1	set_self
1	set_server
1	set_server_sockopt
1	set_session
1	set_setter
1	set_setting_for_query
1	set_shift
1	set_show_name_and_status_only
1	set_show_size
1	set_show_style
1	set_show_tabs
1	set_site
1	set_size_hints
1	set_sizer
1	set_skip_indices
1	set_slim_options!
1	set_slow_speed
1	set_sms_attributes
1	set_sort_column_id
1	set_sort_func
1	set_source_color
1	set_source_pixbuf
1	set_source_rgba
1	set_source_tree
1	set_spec
1	set_sql_where_type
1	set_square
1	set_ssl
1	set_state
1	set_status_code
1	set_status_for_services
1	set_status_info_from_output
1	set_status_text
1	set_stderr_buffer
1	set_stdin_string
1	set_stdout_buffer
1	set_stretch
1	set_structure_rules
1	set_style
1	set_style_sheet
1	set_sub_menu
1	set_subject
1	set_submenu
1	set_subquery
1	set_subscribe_key
1	set_table_name
1	set_table_properties
1	set_tail
1	set_tcs
1	set_temporary_name
1	set_termdomain
1	set_text_content
1	set_ticks
1	set_tile
1	set_time_based_auto_scaling
1	set_time_params
1	set_timeout
1	set_timezones
1	set_tlx_pref
1	set_tool_tip
1	set_toolbar_style
1	set_tooltip_text
1	set_trace_context
1	set_transient_for
1	set_translation
1	set_translation_repository
1	set_treat_warnings_as_errors
1	set_tuner_from_str
1	set_tuple_state
1	set_type_casting
1	set_type_hint
1	set_uid
1	set_underline
1	set_unicode
1	set_up!
1	set_up_install_path
1	set_up_name
1	set_up_necessities
1	set_uploader
1	set_use_font
1	set_use_size
1	set_user
1	set_user_for_action
1	set_user_id
1	set_user_input
1	set_user_name_pwd
1	set_user_property
1	set_useragent
1	set_valid_data
1	set_var
1	set_var_map
1	set_variables
1	set_verified_signatures_from_matchers
1	set_verified_signatures_from_tags
1	set_version
1	set_video_mode
1	set_wanted
1	set_whitespace
1	set_width
1	set_window_position
1	set_word_spacing
1	set_workers
1	set_wrap
1	set_write_position
1	set_xrange
1	set_xticklabels
1	set_xticks
1	set_year
1	set_yticklabels
1	set_yticks
1	set_zero
1	setctxopt
1	setegid
1	seteuid
1	setfu_count
1	setfu_count=
1	setfu_count?
1	setfu_tag
1	setfu_tag=
1	setfu_tag?
1	setgrent
1	setguid
1	setindex
1	setmax
1	setorder
1	sets
1	setter_body=
1	setter_for
1	setting_quotes=
1	settings_and_mappings_json=
1	settings_file=
1	settings_path
1	settle
1	settleDebt
1	setupUi
1	setup_active_record!
1	setup_activerecord
1	setup_activeresource
1	setup_admin_user
1	setup_aka
1	setup_api
1	setup_args
1	setup_attributes
1	setup_autosource
1	setup_base_r
1	setup_channel
1	setup_client
1	setup_completed
1	setup_completed=
1	setup_complex
1	setup_config
1	setup_connection
1	setup_data
1	setup_data!
1	setup_database
1	setup_databases
1	setup_db
1	setup_entities
1	setup_env
1	setup_environment=
1	setup_final
1	setup_framework
1	setup_helpers
1	setup_instance_method
1	setup_integration
1	setup_key_for
1	setup_local_dirs
1	setup_logger
1	setup_master_credentials
1	setup_monitoring_for_scheduled_jobs
1	setup_network
1	setup_once
1	setup_optim
1	setup_override
1	setup_plugin!
1	setup_remote_dirs
1	setup_rsolr_notifications!
1	setup_run_class
1	setup_scenic_integration
1	setup_schema!
1	setup_silencing
1	setup_site!
1	setup_socket
1	setup_start
1	setup_storage_adapter
1	setup_with
1	setupdisk_bsd
1	setupdisk_linux
1	setxmsiz
1	sev_threshold
1	seven_days
1	severity=
1	severity_label
1	sexa_to_string
1	sexa_value
1	sexp_type=
1	sexpr_body
1	sf=
1	sf?
1	sflags
1	sfw_cookie
1	sget
1	sgetToken
1	sh_addr
1	sh_chain
1	sh_continue
1	sh_entsize
1	sh_exit_on_fail
1	sh_flags
1	sh_name
1	sh_offset
1	sh_size
1	sh_type
1	sha1_create
1	sha1_digest
1	sha=
1	sha_for
1	shaber
1	shade
1	shadow
1	shadow=
1	shadow_type=
1	shallow_keys
1	shape_iso
1	shape_of?
1	shape_type
1	shape_type_alias?
1	shaped_lines
1	shapes
1	shard_name_from_tenant
1	shard_selector
1	shards
1	share_folder
1	shareable_proc
1	shared
1	sharedWorkspace
1	shared_cache?
1	shared_config
1	shared_context=
1	shared_contexts
1	shared_encryption_key_as_bytes
1	shared_examples_for
1	shared_formula=
1	shared_formula_offset=
1	shared_key
1	shared_schema
1	shared_schemas
1	shared_secrets_file
1	shared_token
1	shareds
1	shd
1	sheet_data
1	sheet_for
1	sheet_id
1	sheet_view
1	sheets_except
1	sheets_except_any
1	sheets_where
1	shelf
1	shell?
1	shell_as
1	shell_completions=
1	shell_config_home
1	shell_entry
1	shell_escape
1	shell_name
1	shell_out!
1	shell_script
1	shellex
1	shellopts
1	shellout
1	shielded_resolve_class
1	shift!
1	shift_age
1	shift_dates
1	shift_indentation_down
1	shift_left
1	shift_size
1	shift_while
1	shim=
1	shiny=
1	shipToAddress=
1	ship_height
1	ship_width
1	shipmentRateDetail
1	shipping
1	shipping_addresses=
1	shipping_alias
1	shipping_alias=
1	shipping_calculation
1	shipping_charge
1	shippingorder_id
1	shirinji
1	shl_without_hornetseye
1	shmget
1	shmwrite
1	shopify_api_version
1	shopping_cart
1	shopping_cart=
1	shopping_cart_item
1	shortName
1	short_code
1	short_detail
1	short_message
1	short_name=
1	short_release_file
1	short_revision
1	short_serializer=
1	short_string
1	short_switch?
1	shortcuts
1	shorten!
1	shorten_async
1	shortest_day=
1	shortest_path
1	shortest_path_to
1	shorthand_asgn?
1	shots
1	should?
1	should_accumulate_output?
1	should_be_oped
1	should_block?
1	should_clear_screen=
1	should_detect_unexpected_keys
1	should_fork?
1	should_generate_for?
1	should_handle_opcode
1	should_handle_output_script
1	should_handle_scripts
1	should_include
1	should_index?
1	should_not
1	should_not_be_nil
1	should_overwrite
1	should_process_association?
1	should_publish_nuget
1	should_publish_nuget=
1	should_record?
1	should_reload_cached_feedback
1	should_reload_cached_feedback=
1	should_retry?
1	should_run_checks
1	should_run_on_exit?
1	should_sample?
1	should_upgrade
1	should_upgrade=
1	should_use_syslog?
1	should_write_sass
1	show?
1	showBooks
1	showConfig
1	showKart
1	showLog
1	showNumber
1	showRow
1	show_accounts
1	show_all_subclasses
1	show_backtrace=
1	show_bad_mod
1	show_changes
1	show_colours
1	show_comment
1	show_commits
1	show_config_dialog
1	show_css_editor
1	show_decisions_link
1	show_dependencies
1	show_detail_veiw
1	show_details
1	show_disp_menu
1	show_drafts
1	show_dry_run_details
1	show_editor=
1	show_error_message
1	show_exceptions
1	show_filename_and_line_numbers
1	show_glade
1	show_guid
1	show_help?
1	show_id
1	show_inconsist
1	show_info
1	show_info_modal
1	show_internal_server_error
1	show_issues
1	show_junction_table=
1	show_layers
1	show_legend
1	show_legend=
1	show_line_numbers=
1	show_link
1	show_list
1	show_map
1	show_maximized
1	show_menu
1	show_msg
1	show_nested_relationships
1	show_new_names
1	show_next_tab
1	show_node_todos
1	show_num_items
1	show_num_items=
1	show_offsets
1	show_only_edges_to_focus_pack
1	show_organizations
1	show_output
1	show_people
1	show_prev_tab
1	show_previews
1	show_previews=
1	show_privacy
1	show_problem
1	show_progress?
1	show_relationship_todos
1	show_repos
1	show_right_margin=
1	show_ruby_build_suggestion
1	show_scores
1	show_second_serve_indicator
1	show_second_serve_indicator=
1	show_size=
1	show_skip_pods_project_generation_message
1	show_stashes_saved_on
1	show_status
1	show_style=
1	show_task_pattern=
1	show_tasks=
1	show_terminal_chooser
1	show_text
1	show_type
1	show_ver=
1	show_vertical_markers=
1	show_visibility
1	show_welcome_message
1	showcursor
1	showlast
1	showprompt
1	showtimes
1	shr_without_hornetseye
1	shrink!
1	shrink_if_larger_than_buffer
1	shrink_to
1	shutdown?
1	shutdown_all
1	shutdown_if_required
1	shutter
1	si_convert_factor
1	si_convert_unit
1	si_unit
1	si_unit_scales
1	sibling
1	sibling_cores
1	sibling_targets
1	sid!
1	sid=
1	side_effect_persistence?
1	sidebars
1	sidekiq
1	sidekiq_include?
1	sidekiq_missing!
1	sidekiq_options
1	sidekiq_options_with_queue?
1	sidekiq_options_with_retry?
1	sidekiq_queue
1	sidekiq_retries_exhausted
1	sidekiq_retry_in?
1	sidekiqable_options
1	sidereal_time
1	sifttter_redux
1	sig?
1	sig_dot_override?
1	sig_or_signable_method_definition?
1	sig_validation_error_handler=
1	sig_with_runtime?
1	sig_without_runtime?
1	sighash_for_input
1	sigla_uf
1	sigma
1	sign2
1	sign_bit
1	sign_collectible_request
1	sign_file
1	sign_for
1	sign_identification
1	sign_in_enabled
1	sign_out
1	sign_out_enabled
1	sign_project
1	sign_pss
1	sign_raw_transaction
1	sign_recoverable
1	sign_string
1	sign_uri
1	sign_v4
1	sign_with
1	signable_headers=
1	signalEmitted
1	signal_handler_disconnect
1	signal_mask
1	signal_reason
1	signal_timeout
1	signal_turn
1	signame
1	signature?
1	signature_algorithms
1	signature_algorithms=
1	signature_checker
1	signature_fields
1	signature_font
1	signature_generators
1	signature_key
1	signature_location=
1	signature_reason=
1	signature_valid
1	signature_verified?
1	signature_version=
1	signatures=
1	signed=
1	signed_attributes
1	signed_by
1	signed_by?
1	signed_fields
1	signed_stream_name
1	signed_transaction_with_proof
1	signed_url
1	signed_wiki
1	signer_info_type
1	signer_info_value
1	signer_info_value=
1	signer_private_key
1	signers
1	significant?
1	signinUser
1	signing_algorithm=
1	signing_key=
1	signing_secret
1	signm
1	sigs_exclude
1	silence_api_errors
1	silence_deprecation_warning
1	silence_gem_warnings
1	silence_get_warning=
1	silence_log!
1	silence_log_messages
1	silence_no_tokens_warning
1	silence_redefinition_of_method
1	silenced=
1	silent_run=
1	silent_shellex
1	silkey_signature
1	silkey_signature_timestamp
1	silkey_signature_timestamp=
1	simhash
1	similar_terms
1	similar_words
1	similarities=
1	simple?
1	simpleLogin
1	simple_code_list
1	simple_code_list=
1	simple_cov_config=
1	simple_inspector
1	simple_model
1	simple_new
1	simple_notification
1	simple_print_parser
1	simple_query
1	simple_segments
1	simple_yaml_load1
1	simplecov?
1	simplepush
1	simplex
1	simplification
1	simplified_chinese?
1	simplified_url=
1	simplify_p=
1	since_date
1	sinfo
1	singleNotifyFromAudit
1	singleShot
1	single_amqp_connection?
1	single_app_model
1	single_cell?
1	single_child_is_valid?
1	single_choice
1	single_choice_with_number
1	single_choice_with_text
1	single_component_field?
1	single_design_document=
1	single_find
1	single_item_description
1	single_line
1	single_logout_services
1	single_matches
1	single_opts
1	single_record_query
1	single_scan
1	single_shot
1	single_signon_services
1	single_space
1	single_term_clause?
1	single_tokens
1	single_value
1	singlechart
1	singleton_actions=
1	singleton_method
1	singleton_method_added_without_rconditions
1	sinterstore
1	sir
1	siret
1	sister
1	sister=
1	site_data
1	site_description=
1	site_id_lookup
1	site_key
1	site_list_add
1	site_list_check_rule_access
1	site_list_delete
1	site_list_edit
1	site_list_list
1	site_list_resolve_name
1	site_list_site_add
1	site_list_site_delete
1	site_list_site_list
1	site_name
1	site_settings_list
1	site_settings_set
1	site_specific_coordinates
1	site_store=
1	site_title=
1	site_url
1	sitemap=
1	sitemap_file
1	sitemapindex
1	sitemaps
1	sites_dir
1	situation
1	siwe
1	six_result
1	sixteenth_note
1	size1
1	size2
1	size_check
1	size_clean
1	size_from_ioctl
1	size_from_java
1	size_from_win_api
1	size_prerangeextd?
1	size_request
1	size_spec
1	size_x
1	sizeof
1	sizeof_format
1	sizes
1	skeldir
1	skeleton
1	sketch_class
1	skey
1	skey=
1	skill_types
1	skills
1	skills=
1	skillz
1	skip!
1	skip=
1	skipWhitespacePattern=
1	skip_arc
1	skip_auto_load?
1	skip_comments
1	skip_data
1	skip_dates
1	skip_errors
1	skip_feature_name_conversion
1	skip_header_lines?
1	skip_hooks?
1	skip_https
1	skip_in_test
1	skip_local_fragments
1	skip_local_fragments=
1	skip_notification
1	skip_padding
1	skip_parsing
1	skip_paths
1	skip_pods_project_generation
1	skip_preflight
1	skip_query_cache!
1	skip_refresh_fields
1	skip_repo_update?
1	skip_save_observation
1	skip_schema
1	skip_serialization?
1	skip_shard_routing_callback=
1	skip_symbol_cache?
1	skip_time_zone_conversion_for_attributes=
1	skip_tls_verification
1	skip_url_pattern=
1	skip_validation
1	skip_verification=
1	skiplist
1	skipped_by_branch?
1	skipped_databases
1	skipped_lines
1	skips
1	skips_pre
1	skittle_color
1	skypager_root
1	skywalk_checks_all
1	skywalk_checks_api
1	skywalk_checks_client
1	skywalk_checks_proxy
1	skywalk_generates_all
1	skywalk_generates_api
1	skywalk_generates_client
1	skywalk_generates_proxy
1	skywalk_installs_all
1	skywalk_installs_api
1	skywalk_installs_client
1	skywalk_installs_proxy
1	skywalk_tasks_all
1	skywalk_tasks_api
1	skywalk_tasks_client
1	skywalk_tasks_proxy
1	slack1
1	slack2
1	slack3
1	slack_client
1	slack_oauth_token
1	slacky?
1	slashify
1	slds
1	sleep=
1	sleep_before_screen
1	sleep_disabled
1	sleep_duration
1	sleep_enabled=
1	sleep_function
1	sleep_proc
1	sleep_sec
1	sleep_str
1	slf4j
1	slice1
1	slice2
1	slice_after
1	slice_at
1	slice_int
1	slice_lines
1	slice_only_option!
1	slice_timestamp
1	slide_properties
1	slim
1	slim_available?
1	slim_enabled?
1	slimbars_extensions
1	slogan
1	slots_overall
1	slow_queries
1	slow_query?
1	slowest
1	slowest_groups
1	slowest_name
1	slowing
1	slowloris_delay
1	slug_for
1	slug_to_zip
1	sluggable_options
1	sluggable_options=
1	slugged_file
1	slugged_filename
1	slugged_filepath
1	slurp
1	small_icon
1	small_image
1	small_image_public_url=
1	small_integer_from_opcode
1	smart_attrs=
1	smart_auth_info
1	smart_backspace=
1	smart_contract_id
1	smart_find
1	smart_matchers
1	smart_parse
1	smartcrop
1	smarthome_cli_available?
1	smbstatus_path
1	smell
1	smell_type
1	smells_multiplier
1	smelly?
1	smog
1	smooth
1	smooth_change=
1	smtp
1	smtp_envelope_from
1	smtp_envelope_to
1	smtp_host
1	smtp_password
1	smtp_port
1	smtp_receiver
1	smtp_sender
1	smtp_tls
1	smtp_username
1	sn
1	sna
1	sna_attempts_error_codes
1	snake_to_camel
1	snakecase_non_alpha
1	snakes_count
1	snap
1	snapshot_collection_enabled
1	snapshot_create_time
1	snapshot_dir_internal
1	snapshot_frequency
1	snapshot_id
1	snapshot_mode
1	snar
1	snar_exists?
1	snar_path
1	snarl_class=
1	snippet_store_path
1	snippet_text
1	snippets_command_enabled
1	snow
1	snow=
1	sns
1	so_parse
1	soap_client=
1	sobel
1	sobject_module=
1	social_network?
1	social_tokenize
1	societe
1	sock
1	sock_name
1	socket_handles
1	sockets
1	socks_addr=
1	socks_enabled?
1	socks_host
1	socks_receive_reply
1	socktype
1	sodium
1	soffice
1	soft_delete_column
1	soft_delete_enabled?
1	soft_fail
1	soft_fail_element_array
1	software_archive
1	software_dir
1	software_pwm_enabled=
1	software_repository
1	soka_collapsed_dirs
1	sol
1	solar_term
1	solaris?
1	soldToId=
1	sold_date
1	solid
1	solid=
1	solid_queue?
1	solidus_gem_version
1	solr_escape
1	solrj
1	solrmarc
1	solve_with_stopper
1	solvents
1	solvers
1	some
1	song_name
1	sorbet_signature
1	sort?
1	sortBy
1	sort_alphabetically
1	sort_by=
1	sort_by_duration
1	sort_by_first_array
1	sort_by_modified_time
1	sort_by_rank_this_week
1	sort_compare
1	sort_descending
1	sort_direction=
1	sort_docs!
1	sort_fields
1	sort_file_contents
1	sort_gemfile
1	sort_help
1	sort_indicator=
1	sort_order=
1	sort_out_bananas
1	sort_ranges_core
1	sort_records
1	sort_rows
1	sort_sites
1	sort_template
1	sort_type
1	sort_type=
1	sort_value
1	sortby=
1	sorted_codepoint_values
1	sorted_constraints
1	sorted_fields
1	sorted_filters
1	sorted_lru_files
1	sorted_materialized_views
1	sorted_models
1	sorted_partitioners
1	sorted_set
1	sorted_sorters
1	sorted_views
1	sorters
1	sorters=
1	sortingEnabled
1	sortkey_field
1	sortperm
1	sound=
1	sounds
1	source?
1	sourceBase=
1	sourceLanguage
1	source_class
1	source_code_links
1	source_container
1	source_contents
1	source_data_criteria=
1	source_dirs=
1	source_documents
1	source_exception
1	source_exclude_filter
1	source_exclude_filter=
1	source_files_arr
1	source_files_exclude_glob=
1	source_files_glob=
1	source_for
1	source_helper
1	source_host
1	source_host=
1	source_klass=
1	source_line_count=
1	source_lines
1	source_locale_id
1	source_location_end
1	source_map
1	source_map_embed?
1	source_map_file
1	source_mtime
1	source_names
1	source_optional?
1	source_paths
1	source_range_with_comment
1	source_run
1	source_system
1	source_system=
1	source_tag_names
1	source_transform
1	source_tree
1	source_type=
1	source_video
1	source_with_name
1	sourcecode
1	sourcemap
1	sources=
1	sources_by_ids
1	sources_manager
1	sous_output=
1	south_america_aggregate
1	sp
1	sp_merchant_id
1	sp_merchant_id=
1	sp_sso_descriptors
1	sp_url_limit
1	space_to_underscore
1	spacefy!
1	spaceport_options
1	spaces=
1	spaces_after_comma
1	spaces_after_conditional
1	spaces_after_lbrace
1	spaces_after_lbracket
1	spaces_after_lparen
1	spaces_before_comma
1	spaces_before_lbrace
1	spaces_before_rbrace
1	spaces_before_rbracket
1	spaces_before_rparen
1	spaces_below
1	spaces_in_empty_braces
1	spacing1
1	spacing3
1	spaminess
1	span_elements
1	sparql
1	sparql_client
1	spatial_
1	spawn!
1	spawn_for
1	speak_and_wait
1	speak_if
1	speak_options_for
1	speak_text_of
1	speak_value_of
1	speaker
1	speakers
1	spec=
1	spec_config
1	spec_configs
1	spec_configs=
1	spec_core_files_without_stump
1	spec_dir
1	spec_failed
1	spec_file?
1	spec_for_dependency
1	spec_group?
1	spec_me_helper
1	spec_me_root
1	spec_me_tag
1	spec_name
1	spec_path
1	spec_paths
1	spec_repo
1	spec_succeeded
1	spec_types
1	spec_version
1	spec_version=
1	special_characters
1	special_form
1	special_form=
1	special_options_key
1	special_value
1	specialty=
1	species
1	specific_class
1	specific_gravity
1	specific_messages=
1	specific_occurrence_source_data_criteria
1	specification=
1	specification_names
1	specification_path
1	specified_targets
1	specify
1	specify_history
1	specize
1	specks
1	speed=
1	speed_intercept
1	speed_percentile=
1	spellcheck
1	spellcheckable_tags
1	spellout
1	spells
1	spend
1	spherical=
1	sphinxfilters=
1	sphinxquery=
1	spider=
1	spidy
1	spinCount
1	spinner
1	spinner_enabled
1	splice
1	splice_chunks
1	splicer
1	spline
1	split?
1	splitEdgeAt
1	split_and_strip
1	split_and_write_file
1	split_by_test_cases_enabled?
1	split_cacheable_ab_tests
1	split_components
1	split_count
1	split_csv
1	split_design_documents_per_view=
1	split_dlitem
1	split_equals
1	split_filename
1	split_hash
1	split_horizontal
1	split_into_sentences
1	split_main_and_subcommand
1	split_name
1	split_on_set
1	split_per_occurance
1	split_range
1	split_referrer
1	split_semicolon_seperated_expressions
1	split_string
1	split_symbol
1	split_url
1	split_vertical
1	split_via_ffmpeg
1	split_video_into_images
1	split_window
1	split_words
1	splits
1	splitter
1	splitters
1	splitters=
1	spoiler_text
1	spooldir
1	spoolfile
1	spot
1	spot_fleet_request_configs
1	spot_fleet_request_id
1	spot_fleet_request_state
1	spot_price
1	spread_async
1	spreadsheet_by_title
1	spreadsheet_by_url
1	spree
1	spree_adyen
1	sprintly_product_id
1	sprints
1	sprite
1	sprite!
1	sprite_path=
1	sproc_lines_by_rhyme
1	sproc_lines_by_rhyme_syllables
1	sproc_rhymes_by_count
1	sproc_rhymes_by_count_syllables
1	sprockets=
1	spunderscore
1	spy
1	sq_inviter
1	sqft
1	sql=
1	sql_count
1	sql_exec
1	sql_for_sum_of_counts
1	sql_inserts=
1	sql_log_level=
1	sql_prop
1	sql_queries
1	sql_query_count
1	sql_signer
1	sql_tool
1	sql_type_metadata
1	sql_type_to_class
1	sql_value
1	sql_view_options
1	sql_where_type
1	sqlany_describe_bind_param_
1	sqlany_disconnect_
1	sqlany_error_
1	sqlany_get_column_
1	sqlany_get_column_info_
1	sqlany_init_
1	sqlany_sqlstate_
1	sqlite_install_trigger!
1	sqliteexecute
1	sqrt!
1	sqs
1	square_empty?
1	square_offset_amount
1	squeezem
1	squish!
1	src_addr=
1	src_ip
1	src_port=
1	srcs
1	srs=
1	ss=
1	sscan
1	sset
1	ssettmp
1	ssh_connect
1	ssh_dev
1	ssh_forwards
1	ssh_host
1	ssh_pass
1	ssh_password
1	ssh_password=
1	ssh_port
1	ssh_port=
1	ssh_private_key_file
1	ssh_private_key_file=
1	ssh_pub_key=
1	ssh_runlist
1	ssh_staging
1	ssh_url_to_repo=
1	ssh_user
1	ssh_username
1	ssh_username=
1	ssid=
1	ssize=
1	ssl_ca
1	ssl_ca_cert_path
1	ssl_ca_file
1	ssl_ca_file=
1	ssl_cert_file
1	ssl_certificate
1	ssl_client_cert=
1	ssl_client_key=
1	ssl_context
1	ssl_crt_file
1	ssl_key
1	ssl_key_file
1	ssl_key_password
1	ssl_post
1	ssl_set
1	ssl_verify=
1	ssl_verify_host=
1	ssl_verify_mode=
1	ssm
1	ssml?
1	sso_config
1	sso_redirection_url=
1	sst
1	sstr
1	st
1	st_for
1	st_time
1	stable_base
1	stable_key
1	stable_repo
1	stable_sort_by
1	stacK
1	stack_active?
1	stack_events
1	stack_name
1	stack_resource_drift
1	stack_resources
1	stack_traces?
1	stacking
1	stacktrace
1	stackup!
1	staff
1	staff_gap
1	staff_space
1	stag
1	stage=
1	stageBerks
1	stageCBUpload
1	stage_names
1	staged
1	staged_files
1	stages_dir
1	staging=
1	stale_at=
1	stale_for_file?
1	stale_session_check!
1	stalemate?
1	stalled_duration
1	stamp_token
1	stamp_wizard_class_name
1	standalone
1	standard
1	standard_deviations
1	standard_encoding?
1	standard_entry_code
1	standard_equals
1	standard_error_content
1	standard_kind_of?
1	standard_library_version
1	standard_new
1	standard_options
1	standard_output_content
1	standard_plat
1	standard_ruby_call
1	standard_ruby_kind_of?
1	standard_send_msg
1	standard_triple_equals
1	standard_value
1	standardize_path
1	standend
1	standup
1	star=
1	stardate=
1	starday?
1	stargazers_count
1	starkbank_public_key=
1	starred?
1	startDefault
1	startDeviceLogin
1	startPoint
1	startRow=
1	startRowOffset
1	startSymbol=
1	startWork
1	start_accept_loop
1	start_active_span
1	start_all
1	start_and_end_with?
1	start_array
1	start_async
1	start_at=
1	start_authentication
1	start_backup_for
1	start_batch
1	start_batch_processing
1	start_byte
1	start_char
1	start_character_offset
1	start_chronicles
1	start_class_compute_state
1	start_code_block
1	start_count
1	start_cursor
1	start_data
1	start_depth=
1	start_draw
1	start_epoch_interval
1	start_execution
1	start_experiment!
1	start_file
1	start_frame
1	start_growl!
1	start_ids_from
1	start_index
1	start_index=
1	start_instance
1	start_instances
1	start_job
1	start_line_syntax_for_editor
1	start_listen
1	start_live_activity
1	start_loop
1	start_loop=
1	start_monitor
1	start_new_period
1	start_node
1	start_ntp
1	start_object
1	start_of_month
1	start_or_end_with?
1	start_over
1	start_population_size
1	start_position
1	start_presentation
1	start_processing
1	start_procs
1	start_profile
1	start_query
1	start_query_execution
1	start_recording
1	start_root_session
1	start_rows
1	start_runtime
1	start_sequence_at
1	start_signal_loop
1	start_slot
1	start_smtp_session
1	start_ssh_session
1	start_stdio_server
1	start_symbol
1	start_symbol=
1	start_tag
1	start_tag=
1	start_tls
1	start_transaction
1	start_transaction_or_segment
1	start_trekyll
1	start_with_binding
1	start_with_lorem?
1	start_worker
1	started_from_command_line?
1	startfromenv
1	startfromstatic
1	startfromtoken
1	starting
1	starting_description_format
1	startnew
1	starts_on
1	starts_with
1	starts_with=
1	starts_with_vowel_sound
1	starttls_enabled
1	startup
1	startup_chain
1	stash_if_needed
1	stash_reflection=
1	stash_save
1	stashed?
1	stasher
1	stat!
1	stat_file
1	stat_heap
1	state?
1	state_change_reason
1	state_code
1	state_columns
1	state_data
1	state_data=
1	state_definitions
1	state_fu_machines
1	state_fu_options
1	state_getMetadata
1	state_get_metadata
1	state_machines
1	state_names
1	state_proxy_class
1	state_registration
1	state_s
1	state_str
1	state_url
1	state_valid?
1	state_variable_definitions
1	state_variable_definitions=
1	stateables
1	stateables=
1	stateful
1	stateless_reset_token=
1	statemachine
1	statemap
1	statement=
1	statement_weights
1	statements=
1	states=
1	static?
1	static_cache_control?
1	static_config
1	static_extensions
1	static_files=
1	static_mem_base
1	static_menu_items
1	static_mock
1	static_path
1	static_responder_list
1	static_sections
1	static_version_found?
1	station=
1	station_id
1	statistics_aggregated
1	stats-job
1	stats-tube
1	stats=
1	stats_skip_distinct_threshold
1	statsd_count_outcomes
1	statsd_measure
1	status!
1	statusItemWithLength
1	status_abbrev
1	status_address
1	status_bar
1	status_class_name
1	status_code_for_exception
1	status_destroy
1	status_details
1	status_id
1	status_infos
1	status_line=
1	status_list
1	status_or_create_mailbox
1	status_retried_count
1	status_url
1	statuses_user_timeline
1	statusline
1	stay_constraint?
1	std
1	stderr_bytes
1	stderr_for
1	stderr_truncated
1	stdoutIO=
1	stdoutMode=
1	stdout_bytes
1	stdout_for
1	stdout_level
1	stdout_truncated
1	steal
1	steamroll
1	stem_word
1	stemmer
1	step1
1	step=
1	step_capturer
1	step_defs_to_load
1	step_if
1	step_increment=
1	step_methods
1	step_mother
1	step_mother=
1	step_name
1	step_retry
1	step_type
1	stepped_range
1	steps_str
1	stereo
1	sterilize!
1	steuerklasse
1	steuerklasse=
1	sti_klasses
1	sti_name
1	sticky_workspace?
1	still_inside?
1	stillborn?
1	stills
1	stimulus_controllers_directory
1	stitch_int
1	stitches
1	stmt_init
1	stmts
1	stock_items
1	stock_movements
1	stock_ticker=
1	stomp_timezone
1	stone=
1	stop=
1	stop?
1	stop_after
1	stop_all
1	stop_bits
1	stop_caching_jobs
1	stop_condition
1	stop_container
1	stop_depth=
1	stop_draw
1	stop_event
1	stop_file
1	stop_instance
1	stop_on_fit_func_hook
1	stop_on_fit_func_none?
1	stop_on_unknown_option?
1	stop_processing
1	stop_reason
1	stop_running_inline
1	stop_task
1	stop_timeout
1	stop_trace
1	stop_unless_clerq!
1	stopping_time_terminus
1	stoprunning
1	stopword?
1	stopwords_for_lang
1	storage_account_name
1	storage_adapter
1	storage_class
1	storage_controllers
1	storage_engines
1	storage_exists?
1	storage_location=
1	storage_name_for
1	storage_options_defaults
1	storage_path_exist?
1	storagehost=
1	storages=
1	store_association
1	store_bit
1	store_bytes
1	store_changed
1	store_changes
1	store_city_sets
1	store_command
1	store_data
1	store_dict
1	store_episode
1	store_error!
1	store_event
1	store_handler_class
1	store_hash
1	store_key
1	store_link
1	store_methods
1	store_name
1	store_object
1	store_request_exception
1	store_result
1	store_semantics
1	store_sets
1	store_state_sets
1	store_token
1	store_translation
1	store_uint
1	stored_application_cookie_names
1	stored_css
1	stored_default_tag
1	stored_pe
1	storeresource
1	stores_changed
1	storevar
1	storext_options=
1	story_file
1	story_file=
1	story_format
1	story_format=
1	story_ifid
1	story_ifid_specified
1	story_points
1	story_runner
1	story_tasks
1	storyboard_id_regex_sb
1	storyboard_prefix
1	storyboard_suffix
1	stp_indicator=
1	stp_indicator_to_cif
1	strDrink
1	str_cmp
1	str_hexdigest
1	str_if_empty
1	str_to_bytes
1	str_to_key
1	strain
1	strangle
1	strapi_server_status
1	straplist
1	strategy_available?
1	strategy_by_name
1	strategy_class
1	strategy_registry
1	stratifications
1	streak
1	streak_base_url
1	streaks
1	stream!
1	stream_check
1	stream_execution
1	stream_generate_content
1	stream_id
1	stream_info
1	stream_key_attribute
1	stream_name_from
1	stream_open
1	stream_raw
1	stream_read
1	stream_records
1	stream_send
1	stream_type
1	streamhandler
1	streaming_request
1	streaming_response
1	street_addresses
1	street_modifier_needed
1	street_modifier_needed?
1	street_number
1	street_position
1	streets_file_path
1	strength_modifier
1	stretch
1	strfunit
1	strict_args_position?
1	strict_association_skipped?
1	strict_by_default
1	strict_by_default=
1	strict_capitalize_first
1	strict_constrain_to_urls
1	strict_flag
1	strict_flag=
1	strict_load
1	strict_machine_class
1	strict_mode
1	strict_param_keys
1	strict_paths?
1	strict_state_lookup
1	strict_token_validation=
1	stricted
1	string!
1	string2point
1	stringValue
1	string_array
1	string_as_fractions
1	string_cmd
1	string_content=
1	string_formatters
1	string_from_numeric
1	string_hyphenize
1	string_insensitive
1	string_insensitive_high
1	string_map
1	string_map_value
1	string_map_value=
1	string_sets
1	string_to_date
1	string_to_dates
1	string_to_sign
1	string_to_symbol
1	string_to_time
1	string_value=
1	stringified_keys
1	stringify_element
1	stringify_hash_keys
1	stringify_keys_deep
1	stringify_nullable
1	stringify_required
1	strings_from_source
1	strings_generators
1	strings_indexs
1	strip?
1	strip_attributes!
1	strip_beginning
1	strip_both_ends
1	strip_by
1	strip_byac
1	strip_chars
1	strip_consistent_indentation
1	strip_doc
1	strip_empty
1	strip_first_line
1	strip_hebrew_cp1255
1	strip_hebrew_utf8
1	strip_html_tags
1	strip_indent
1	strip_meta
1	strip_nikkud_cp1255
1	strip_nikkud_utf8
1	strip_nongsm_chars
1	strip_nongsm_chars!
1	strip_path
1	strip_punctation_and_non_word_caracters
1	strip_quotes
1	strip_text
1	strip_url
1	stripeSize
1	stripe_card_transactions
1	strlen
1	stroke_bounds
1	stroke_curve
1	stroke_dasharray
1	stroke_line_dash
1	stroke_line_dash_offset
1	stroke_preserve
1	stroke_rounded_rectangle
1	stroke_strategy
1	stroke_width=
1	strong
1	strong_params
1	strong_resources
1	strongly_connected_components
1	struct!
1	struct_fields
1	structure=
1	structure_dump
1	structure_load
1	structure_path
1	structured_response
1	structuredidentifier
1	stub!
1	stub=
1	stub?
1	stub_all
1	stub_client_requests
1	stub_const
1	stub_requests!
1	stub_responses
1	stub_server
1	stubbing
1	stubify
1	stublist
1	student_props
1	student_reports
1	students
1	students_dataset
1	stunde
1	styleSheet
1	style_basename
1	style_class
1	style_for
1	style_get_property
1	style_regex
1	style_scheme=
1	style_src
1	style_text
1	style_warning
1	styled=
1	styled_colors
1	styles_list
1	stylesheet_link_tag
1	sub=
1	subCode
1	subDirs
1	subTotal=
1	subWord
1	sub_action_of
1	sub_appid
1	sub_chunks
1	sub_component_sep
1	sub_cost
1	sub_directory?
1	sub_domain
1	sub_l402_header_regex
1	sub_map
1	sub_mch_id
1	sub_modules
1	sub_paren_with_array
1	sub_read_data
1	sub_records
1	sub_strings
1	sub_style
1	sub_style!
1	sub_tokens
1	sub_total=
1	sub_uri
1	sub_wallet
1	subauthority_for
1	subcat
1	subchanges
1	subclass
1	subclass_controller
1	subclass_of?
1	subclass_of_t_struct?
1	subclass_rel?
1	subclass_responsibility
1	subclasses=
1	subcmd
1	subcollection_by_title
1	subcommand_by_name
1	subdivide
1	subdomain_matcher
1	subdomain_safe
1	subdomain_type_map
1	subdomain_url=
1	subdomainitis_defaults!
1	subexpressions
1	subfact
1	subfactorial
1	subfields
1	subfolders
1	subgraph
1	subhead=
1	subhint
1	subinitialize
1	subj
1	subject_
1	subject_for
1	subject_group_for
1	subject_name
1	subject_names
1	subject_versions
1	subjects=
1	submatrix
1	submissionCustomFields=
1	submissionId=
1	submissionTickets=
1	submit_AAAA
1	submit_button?
1	submit_changes
1	submit_data
1	submit_failed!
1	submit_finished!
1	submit_form
1	submit_html
1	submit_lock!
1	submit_locked?
1	submit_metrics
1	submit_results
1	submit_sitemap
1	submit_sitemap_url
1	submit_tag
1	submitter
1	submitters
1	submitters=
1	submodules
1	submodules_update
1	subnet_id
1	subnodes
1	subpaths
1	subreddit
1	subresource_integrity
1	subroutine_descriptions
1	subrow
1	subsample
1	subscribe!
1	subscribe_options
1	subscribe_to_queue
1	subscribed_to_email?
1	subscriber_id=
1	subscriptionType
1	subscription_callbacks
1	subscription_key
1	subscription_owner_class
1	subscription_type_id
1	subscriptions=
1	subsections
1	subsetdefs
1	subsetdefs=
1	subspec
1	subspec_by_name
1	substitute_parse_symbols
1	substitute_placeholders
1	substitution=
1	substr
1	substr_count
1	substring
1	subsup
1	subtitle?
1	subtitles
1	subtotal
1	subtotal=
1	subtree_root_by_uniprot_ac
1	subtype_of?
1	subtype_rel?
1	suburb
1	subvolumes
1	success_color
1	success_count
1	success_count=
1	success_message
1	success_path=
1	success_url
1	successes
1	successful_rebases
1	successful_response?
1	successful_steps
1	successfully_enqueued?
1	successors
1	such_serialize_wow
1	such_that
1	sudden_death
1	sudo=
1	suffix?
1	sugar
1	suggest_fix
1	suggest_shell_commands=
1	suggest_subcommand
1	suggestion
1	suggestion_mode=
1	suggestions
1	suit
1	suitable_citation?
1	suitable_for_terminal?
1	suite!
1	suite=
1	suite_eval
1	suite_number
1	suites_names
1	sum_by
1	sum_constants
1	sum_of_squares
1	summ_peers
1	summary_counts
1	summary_creative_campaign_list
1	summary_creative_list
1	summary_domain_list
1	summary_enabled
1	summary_fingerprint_list
1	summary_media_list
1	summary_mobile_carrier_list
1	summary_mobile_make_list
1	summary_only
1	summary_order_line_list
1	summary_order_list
1	summary_partner_list
1	summary_tag_list
1	summary_vertical_list
1	summary_width
1	sums
1	sun
1	sun=
1	sun_anomaly
1	sun_dates
1	sun_declination
1	sun_ecliptic_longitude
1	sun_equation_of_center
1	sun_mean_anomaly
1	sun_mean_anomaly2
1	sun_mean_longitude
1	sun_position
1	sun_right_ascension
1	sun_times
1	sun_true_longitude
1	sunday
1	sunionstore
1	sunriseTime
1	sunsetTime
1	sup
1	super=
1	super_callbacks_prepended=
1	super_command
1	super_digit
1	super_lstrip
1	super_rstrip
1	super_store
1	superclass=
1	superclass_serialize
1	superclasses
1	superklass
1	superprefix
1	superseded
1	superset?
1	supervisor_id
1	supervisor_slave
1	supplied_original
1	supplied_replacement
1	supply=
1	support=
1	support_key
1	support_lids
1	support_multi_applications
1	support_table_cache=
1	support_table_cache_ttl=
1	support_table_data_directory
1	support_table_key_attribute
1	support_table_key_attribute=
1	support_to_load
1	supported
1	supportedProfile
1	supported_countries=
1	supported_currencies
1	supported_curves
1	supported_databases
1	supported_docs
1	supported_file?
1	supported_groups=
1	supported_heuristics
1	supported_keypair_config
1	supported_language?
1	supported_modes
1	supported_options
1	supported_schemes
1	supported_secret_key_config
1	supported_symkey
1	supported_types
1	supported_version
1	supported_version=
1	supported_versions=
1	supports_autofix?
1	supports_block_expectations?
1	supports_remember_me?
1	supports_semi_continuous_variables?
1	supports_semi_integer_variables?
1	supports_target_sorbet_static_version?
1	supports_templates
1	supports_transactional_context?
1	supports_type?
1	supports_views?
1	suppress_app_log
1	suppress_app_logs
1	suppress_eval?
1	suppress_ip_data_from_log
1	suppress_messages
1	suppress_pattern
1	suppressed?
1	suppression
1	surface_form
1	surface_org
1	surfaces_for_owner
1	surname=
1	surrealize
1	surrealize_collection
1	surrogate?
1	survey
1	survey_questions_url
1	survived?
1	suspend
1	svc_log_stack_id
1	svc_log_stack_id=
1	svd
1	svdcmp
1	svg_create_code
1	svg_directory=
1	svg_elements
1	svg_generate
1	svg_header
1	svg_items_decode
1	svg_load
1	svm_type=
1	svn_list
1	swagger
1	swagger_path_environment_variable
1	swallow_nil
1	swap_colour_with!
1	swap_conf
1	swap_dates
1	swap_map
1	swap_position_with!
1	swap_two_substrings
1	swarm_path
1	swatches
1	swatchtime
1	swe_revjul
1	swe_set_sid_mode
1	swe_set_topo
1	swift_getter
1	swift_register_default
1	swift_setter
1	swift_type_name
1	swift_version
1	swing
1	switch_back=
1	switch_connections
1	switch_env
1	switch_project
1	switch_short
1	switch_to_asymmetric
1	switch_to_frame
1	switch_to_reference_context
1	switch_to_symmetric
1	switch_to_window
1	switch_with_connection!
1	switches=
1	swivel_id
1	sy18nc_extract_options!
1	sy18nc_marked_as_fixme?
1	syan
1	syck?
1	syllable
1	sym_a_permutations
1	sym_decrypt
1	sym_encrypt
1	sym_keys
1	symbol_index
1	symbol_mark
1	symbol_type
1	symbolic_weight
1	symbolify_keys!
1	symbolize_all_keys
1	symbolize_and_underscore_keys
1	symbolize_keys_deep
1	symbolize_keys_deep!
1	symbolize_mood
1	symbolize_user_track_status
1	symbolized_update
1	symbols=
1	symmetric?
1	symtab
1	synapses
1	sync?
1	syncCookbooksLocal
1	sync_custom
1	sync_directory
1	sync_file
1	sync_issue
1	sync_issues
1	sync_list
1	sync_logger
1	sync_mo
1	sync_results
1	sync_site_with
1	sync_token=
1	synchronise
1	synchronize!
1	synchronized_at=
1	synchronizer
1	synchronous=
1	synlinks
1	synopsis
1	synset
1	synset_defs
1	synset_id
1	synsets
1	syntax_error
1	syntax_from_extension
1	syntax_path
1	synthesize_file
1	synthesize_speech
1	synthesized
1	sys=
1	sysbh
1	syscall
1	syscalls
1	sysclose
1	syscopy
1	syslog_facility
1	sysname!
1	syssign
1	systemStatusBar
1	system_check_list
1	system_environment
1	system_error
1	system_fingerprint
1	system_gap
1	system_group
1	system_instruction_prompt
1	system_name
1	system_of_units
1	system_user
1	sysverify
1	t!
1	tDistTest
1	tSplit
1	t_absurd?
1	t_any_call?
1	t_bind?
1	t_cast?
1	t_end
1	t_enum?
1	t_helpers?
1	t_let?
1	t_must?
1	t_props?
1	t_sig?
1	t_struct?
1	t_struct_prop?
1	t_type_alias?
1	t_type_parameter?
1	t_unsafe?
1	t_untyped?
1	tab_actions
1	tab_background
1	tab_complete
1	tab_configure
1	tab_level
1	tab_manager
1	tab_style
1	tab_width
1	tablature=
1	tableWidget
1	table_alias
1	table_align
1	table_by
1	table_cell
1	table_class
1	table_data
1	table_directory
1	table_field
1	table_for
1	table_format
1	table_header
1	table_key
1	table_list
1	table_name_prefix=
1	table_name_suffix
1	table_path
1	table_prefix
1	table_print
1	table_ref
1	table_rows
1	table_schema
1	table_size
1	table_template
1	table_uri
1	table_valid?
1	tables_not_to_clear
1	tablo_port
1	tabs=
1	tabsize=
1	tabto
1	tabulate_days
1	tagID
1	tagName
1	tagSet
1	tagTo
1	tag_add
1	tag_builder=
1	tag_configure
1	tag_count
1	tag_count=
1	tag_delete_local
1	tag_delete_origin
1	tag_descriptions
1	tag_file_append
1	tag_genres
1	tag_is_directive?
1	tag_list
1	tag_local
1	tag_manifest
1	tag_map
1	tag_match
1	tag_name_map
1	tag_of
1	tag_options
1	tag_origin
1	tag_patterns
1	tag_prefix
1	tag_ranges
1	tag_remove
1	tag_results_returned=
1	tag_separator
1	tag_set=
1	tag_stack
1	tag_to
1	tag_version
1	tag_words
1	tagalus
1	tagalusError
1	tagclip
1	tagged_colors
1	tagged_to_different_mainstream_browse_pages
1	tagged_to_same_mainstream_browse_page
1	taggings_table=
1	tags?
1	tagsInContext
1	tags_addresses
1	tags_by_type
1	tags_pattern
1	tags_table=
1	tagspace
1	tail_log
1	tail_map
1	tailmix_definition
1	take_a_turn
1	take_after
1	take_before
1	take_full_screenshots
1	take_registration_params
1	takenunknown
1	takeout
1	takeover
1	takes_argument?
1	takes_on
1	talk
1	talk!
1	talos
1	tamriel
1	tanraku_execute
1	tap!
1	tape
1	targetBalance
1	targetDir
1	targetLanguage
1	targetLanguages
1	target_base_path=
1	target_branch
1	target_channel
1	target_class
1	target_commit
1	target_definition
1	target_definitions
1	target_dir=
1	target_display
1	target_duration
1	target_for
1	target_for_origin
1	target_framerate=
1	target_from_params
1	target_from_project
1	target_from_request
1	target_from_request_headers
1	target_group_name
1	target_health_descriptions
1	target_jvm_version=
1	target_key
1	target_key_id
1	target_locale_ids
1	target_milestone=
1	target_money
1	target_mtime
1	target_name
1	target_namespace
1	target_outside_source?
1	target_page=
1	target_param_name
1	target_path
1	target_repo
1	target_server
1	target_server=
1	target_table_name
1	target_task
1	target_type
1	target_unit
1	target_urls
1	target_value
1	target_vms
1	target_windows
1	target_words
1	targeting_key
1	task?
1	taskId
1	task_arns
1	task_description
1	task_list_names
1	task_list_prefix
1	task_name
1	task_name=
1	task_phase
1	task_popen3
1	task_queue
1	task_spec
1	task_type
1	task_type=
1	task_version
1	task_with_desc?
1	tasks_cancel
1	tasks_file
1	tasks_in_progress?
1	taste
1	tasting_note
1	tautology
1	tavily_api_key
1	tax
1	taxType=
1	tax_breakdown
1	tax_rules
1	tax_total
1	taxa
1	tbl
1	tblBorders
1	tblCellMar
1	tblGrid
1	tblLayout
1	tblW
1	tbody_end
1	tbs
1	tcflush
1	tcp_connection_retry_seed
1	tcp_dport
1	tcp_host
1	tcp_keepalive=
1	tcp_listener_stats
1	tcp_port
1	tcp_sport
1	tcpdata
1	tcphdr
1	tcsetattr
1	tdInit
1	tdSensorValue
1	td_append
1	td_fp_growth
1	tdb_cons_open
1	tdb_cursor_new
1	tdb_cursor_next
1	tdb_cursor_set_event_filter
1	tdb_error_str
1	tdb_event_filter_new_clause
1	tdb_get_field_name
1	tdb_get_item
1	tdb_get_item_value
1	tdb_get_trail
1	tdb_get_trail_id
1	tdb_get_uuid
1	tdb_get_value
1	tdb_lexicon_size
1	tdb_max_timestamp
1	tdb_min_timestamp
1	tdb_num_events
1	tdb_num_fields
1	tdb_num_trails
1	tdb_open
1	tds
1	team_city
1	team_id
1	team_name
1	tear_down!
1	teardown=
1	teardown_once
1	teardown_start
1	teas_by_type
1	teban
1	tech
1	tech=
1	technical_contact
1	technologyProduct
1	technologyProduct=
1	tee=
1	teelogger_io=
1	teen_to_word
1	teens!
1	tel
1	telegram_id
1	telemetry_log_fd_file
1	telemetry_log_fd_file=
1	telemetry_log_sink=
1	telemetry_sdk
1	telephone=
1	teleport
1	teleport_role_requirements
1	tell_user_already_a_tag
1	tell_user_no_develop_tags
1	tell_user_no_tag
1	telno
1	telno=
1	temp=
1	temp_directory
1	temp_download_folder
1	temp_extend
1	temp_file
1	temp_file_location
1	temp_hd
1	temp_path
1	temp_path=
1	temp_to_celcius
1	tempdir
1	temperatureMax
1	temperatureMin
1	temperature_probes
1	tempfiles
1	templatable
1	templateName
1	template_bind
1	template_digestor
1	template_dir
1	template_directory
1	template_element_id
1	template_engine
1	template_engines
1	template_erb
1	template_exists?
1	template_extension=
1	template_file
1	template_filename
1	template_filepath
1	template_handler=
1	template_handler_extensions
1	template_id_map
1	template_location
1	template_namespace=
1	template_orig
1	template_override_dir
1	template_parameters
1	template_paths
1	template_root=
1	template_stylesheet
1	template_url
1	template_version
1	templates_for
1	templates_init
1	templating
1	templatize
1	temporal_
1	temporarilyOffline
1	temporary
1	ten_chr_wd_filename
1	ten_result
1	tenant=
1	tenant_account
1	tenant_account=
1	tenant_id=
1	tenant_key=
1	tenant_managed_app_list
1	tenants
1	tenants_table
1	tens!
1	tens_hash
1	tens_place_to_word
1	tensor
1	term_256_color
1	term_frequency
1	term_info
1	term_label
1	term_to_binary
1	term_width
1	terminable=
1	terminal=
1	terminal_arc?
1	terminal_coordination_status?
1	terminal_key
1	terminate!
1	termination
1	terminator
1	terms=
1	terms_and_conditions
1	terrain
1	terreno
1	territory
1	tesseract
1	testRunner
1	testSearchFor
1	test_1_12
1	test_1_15
1	test_1_16
1	test_1_3
1	test_1_4
1	test_1_5
1	test_1_6
1	test_action
1	test_analysis_prompt
1	test_api_server
1	test_app_result
1	test_campgain
1	test_cards
1	test_case_class
1	test_char
1	test_class?
1	test_class_desc
1	test_client
1	test_configurations
1	test_controller_manager
1	test_dir
1	test_enabled=
1	test_etcd
1	test_ext
1	test_files
1	test_files=
1	test_folders=
1	test_for_angular
1	test_generator=
1	test_glob
1	test_guidance
1	test_inputs
1	test_insecure_api_external
1	test_insecure_api_internal
1	test_key
1	test_length
1	test_main
1	test_method?
1	test_names
1	test_order=
1	test_output
1	test_particle
1	test_path
1	test_run
1	test_run_for
1	test_runner
1	test_runner_search_for
1	test_scheduler
1	test_script
1	test_service_token_internal
1	test_session_id
1	test_settings
1	test_string
1	test_suites
1	test_target_type?
1	test_tenant=
1	test_textify
1	test_unauth_kubelet_external
1	test_unauth_kubelet_internal
1	testables
1	testbox_name
1	testcleanupALL
1	testcleanupVM
1	testfailoverALL
1	testfailoverVM
1	testing!
1	testmode=
1	testnet
1	testrail_formatter_options
1	testrail_url
1	tests=
1	testsuite
1	testsuites
1	tesults_build_desc
1	tesults_build_name
1	tesults_build_reason
1	tesults_build_result
1	tesults_files
1	tesults_target
1	tetrad
1	tex
1	tex_lawdoc_macros
1	tex_style
1	text_align
1	text_antialias=
1	text_ascent
1	text_changed
1	text_color
1	text_column=
1	text_domain
1	text_domain=
1	text_elements
1	text_escape
1	text_file
1	text_from_path
1	text_height
1	text_includes
1	text_input
1	text_line
1	text_lines
1	text_match
1	text_matches
1	text_options
1	text_or_binary
1	text_repository
1	text_response
1	text_size
1	text_span
1	text_status
1	text_table_rows
1	text_to_ids_with_offsets
1	text_to_sentences
1	text_to_sentences_with_model
1	text_to_sentences_with_offsets
1	text_to_sentences_with_offsets_with_model
1	text_to_wave
1	text_to_words
1	text_to_words_with_model
1	text_to_words_with_offsets
1	text_to_words_with_offsets_with_model
1	text_with_regexp?
1	textarea
1	textvariable
1	textvariable=
1	tfmodule
1	tgname
1	tgrelid
1	th_append
1	that
1	theFile
1	the_current_sha
1	the_current_tag
1	the_empty_environment
1	the_limit=
1	the_spec
1	theaterdays!
1	thematic_break
1	theme_accent
1	theme_danger
1	theme_dark
1	theme_font
1	theme_light
1	theme_logos
1	theme_primary
1	theme_success
1	theme_use
1	theme_warning
1	themes
1	themis_gen_sym_key
1	themis_secure_cell_decrypt_context_imprint
1	themis_secure_cell_decrypt_seal
1	themis_secure_cell_decrypt_seal_with_passphrase
1	themis_secure_cell_decrypt_token_protect
1	themis_secure_cell_encrypt_context_imprint
1	themis_secure_cell_encrypt_seal
1	themis_secure_cell_encrypt_seal_with_passphrase
1	themis_secure_cell_encrypt_token_protect
1	themis_secure_message_sign
1	themis_secure_message_unwrap
1	themis_secure_message_verify
1	themis_secure_message_wrap
1	thinking_tokens=
1	third_wd?
1	thirtyYearFixed
1	thirtysecond_note
1	this=
1	this_method_name
1	this_parent_method
1	this_week
1	thor
1	thor_class?
1	thor_filename
1	thoughtworks
1	thread_connection_pool
1	thread_init
1	thread_key
1	thread_local_content_directory=
1	thread_local_store
1	thread_module_for
1	thread_name
1	thread_set
1	threadpool_size=
1	threads
1	threads=
1	threads_set_callback_supported?
1	three_d_factor
1	three_way
1	three_way_merge
1	thresholds=
1	through
1	throughput
1	throw_error
1	throw_http_exception!
1	throw_method_missing
1	thumb
1	thumbnail_height
1	thumbnail_medium
1	thumbnail_width
1	thumbnails
1	thundersvm_train
1	tick!
1	tickCell
1	tick_locations
1	ticker
1	ticker_by_currency
1	ticket=
1	ticket_id=
1	ticket_list
1	tictactoe
1	tid_of
1	tidy
1	tidy_bytes
1	tight_layout
1	tighteners=
1	tightenings
1	tile=
1	tile_layer
1	tiles
1	time?
1	time_ago
1	time_bandits
1	time_class
1	time_constructor?
1	time_diff
1	time_graph?
1	time_in_hour
1	time_limit=
1	time_line
1	time_millennia
1	time_myriads
1	time_now
1	time_of_fire
1	time_recorded
1	time_span
1	time_spec
1	time_str
1	time_suffixes
1	time_to_day_fraction
1	time_to_live
1	time_to_live_description
1	time_to_payout=
1	time_to_update?
1	time_travel_to
1	time_unit
1	time_zone_aware_attributes=
1	timed_out
1	timeframe=
1	timefrom
1	timeline_for
1	timeout_block
1	timeout_in_minutes
1	timeouts=
1	timer=
1	timer_break
1	timer_start
1	timer_stop
1	timers=
1	times_names
1	times_offsets
1	timesheet_filename
1	timespent
1	timestamp?
1	timestamp_attributes_for_create
1	timestamp_attributes_for_update
1	timestamp_class
1	timestamp_field
1	timestamp_field=
1	timestamp_file_name
1	timestamp_kind
1	timestamp_value
1	timestamp_value=
1	timestamped_migrations
1	timet
1	timetags
1	timetagsregex
1	timetagsregex_compiled=
1	timeto
1	timezones
1	timing_serializer=
1	timing_total_elapsed=
1	timout
1	tinify_key
1	tipo=
1	tipoDeComprobante=
1	tipo_subida
1	tips
1	title_aliases
1	title_case
1	title_color
1	title_color=
1	title_fallback
1	title_font_size=
1	title_for_path
1	title_from_slug
1	title_is_serial?
1	title_locator
1	title_nums
1	title_pattern
1	titlebar
1	titlecase!
1	titleize_word
1	tittle
1	titulo_eleitor
1	titulo_eleitor_province
1	tk_variable
1	tld=
1	tld_list=
1	tldr
1	tlds
1	tm_geod
1	tm_lim=
1	tmail_to_plaintext
1	tmout
1	tmp_exists?
1	tmp_upload
1	tmpio
1	tmpnam
1	tmux
1	tmux_theme
1	tmux_themes
1	to64
1	toASCII
1	toAbsolute
1	toArray
1	toBits
1	toCharArray
1	toDate=
1	toISO8601
1	toJSONString
1	toPath
1	toPolygon
1	toShort
1	toURL
1	to_
1	to_12h
1	to_4bits
1	to_80
1	to_CustomHtml
1	to_IddObjectType
1	to_K
1	to_a_recursive
1	to_aa
1	to_access_token
1	to_additional_s
1	to_affine
1	to_alfred
1	to_amk
1	to_arabic
1	to_arabic_numeral
1	to_arbitrary
1	to_arel
1	to_arpa
1	to_array_of_bits
1	to_asciidoc
1	to_asset
1	to_atom
1	to_atom=
1	to_atomic_amount
1	to_attr_list
1	to_attrs
1	to_automaton
1	to_aztoc
1	to_b64
1	to_balance=
1	to_base
1	to_base_62
1	to_bbcode
1	to_bech32_address
1	to_bencoding
1	to_bin
1	to_binary_dos_date
1	to_binary_dos_time
1	to_bip32
1	to_blif
1	to_book
1	to_bower_json
1	to_bson
1	to_bulk_insert
1	to_burlap
1	to_byte_array
1	to_bytehex
1	to_c
1	to_ca
1	to_camel_case
1	to_camelcase_lower
1	to_canoncical
1	to_canonical
1	to_centimeters
1	to_char
1	to_cidr_string
1	to_cigar
1	to_citeproc
1	to_classobj
1	to_cli_arg
1	to_cmd
1	to_cnpj_format
1	to_code_object
1	to_color_string
1	to_colorize
1	to_colors
1	to_column
1	to_command
1	to_command_format
1	to_comparable
1	to_compareEntries
1	to_complex2
1	to_config_file
1	to_configly
1	to_confluence
1	to_const_path
1	to_constant
1	to_context
1	to_contract_address
1	to_coord
1	to_copy
1	to_count_map
1	to_cpf_format
1	to_creole
1	to_csv_filename
1	to_currency_is_valid?
1	to_currency_valid?
1	to_data_centre
1	to_datapoints
1	to_date_attributes
1	to_datetime_attributes
1	to_db
1	to_dcm
1	to_dd
1	to_decimal
1	to_declaration
1	to_default_s
1	to_diagram_string
1	to_disk
1	to_dms
1	to_dna
1	to_docstring
1	to_dolan
1	to_dom
1	to_dos
1	to_download
1	to_downstream_tracefile
1	to_dtg
1	to_dto
1	to_dx
1	to_dynarex
1	to_embed
1	to_emoji
1	to_encode
1	to_erb
1	to_erdb
1	to_error
1	to_escaped_url
1	to_f_old
1	to_feet
1	to_finding
1	to_flatten_hash
1	to_formatted_string
1	to_fraction
1	to_frozen_string
1	to_ft
1	to_full_s
1	to_gem_version
1	to_gemspec
1	to_geoff
1	to_geos_geom
1	to_gm
1	to_google
1	to_google_product
1	to_gr
1	to_graph
1	to_graph_s
1	to_graphml
1	to_grayscale
1	to_gregorian
1	to_gslv
1	to_gsplot
1	to_gv
1	to_hanayo
1	to_handlebars
1	to_hash_tree
1	to_hash_value
1	to_hashes
1	to_hashugar
1	to_header
1	to_height
1	to_hex_string
1	to_hh
1	to_hms
1	to_hours
1	to_hsla
1	to_hsv
1	to_html_amp
1	to_html_attrs
1	to_html_br
1	to_html_elements
1	to_html_link
1	to_html_raw
1	to_html_rspec_documentation
1	to_html_special_char
1	to_html_with_formatting
1	to_hwia
1	to_i!
1	to_i_roman
1	to_inches
1	to_input_field_tag
1	to_input_value
1	to_insane
1	to_insert_results
1	to_inspect_hash
1	to_instructions
1	to_integer
1	to_internal_type
1	to_interval_set
1	to_ip
1	to_ipaddr
1	to_ipaddr4
1	to_ipaddr6
1	to_itude
1	to_jacobian
1	to_japanese_unit_ary
1	to_job
1	to_json_514_workaround
1	to_json_file
1	to_json_raw
1	to_json_schema
1	to_jvyaml_style
1	to_jwt
1	to_key_value_string
1	to_kilometers
1	to_kramdown
1	to_ksuid
1	to_lab
1	to_lambda_response
1	to_lang_filtered_html
1	to_lang_filtered_kramdown
1	to_lang_filtered_markdown
1	to_language=
1	to_lat
1	to_layout
1	to_legacy
1	to_length
1	to_lex
1	to_lf
1	to_life_hash
1	to_lines
1	to_link
1	to_lla
1	to_lng
1	to_load_map
1	to_location
1	to_long
1	to_long_s
1	to_lookup
1	to_lowercase
1	to_lua
1	to_lunar
1	to_m_diagonal
1	to_map
1	to_markdown
1	to_markdown_table
1	to_mathml
1	to_matrix
1	to_md5
1	to_medium_s
1	to_metadata
1	to_meters
1	to_method_name
1	to_module
1	to_money
1	to_mongo
1	to_ms
1	to_mtif
1	to_multiset
1	to_mustache
1	to_n
1	to_nameable
1	to_namespace
1	to_nanos
1	to_native_start
1	to_ncname
1	to_nested
1	to_network
1	to_nfkc
1	to_ngrams
1	to_node
1	to_np
1	to_ntriples
1	to_num
1	to_num_s
1	to_numeric_array
1	to_object
1	to_octet
1	to_open_struct
1	to_oriented_segment
1	to_orion
1	to_outline
1	to_p2pkh
1	to_p2pkh_address
1	to_p2sh_p2wpkh_address
1	to_p2wpkh
1	to_packed_cbor
1	to_packed_cbor1
1	to_pages
1	to_pattern
1	to_percent
1	to_permalink
1	to_pforest
1	to_pgp_hex
1	to_pgp_words
1	to_phrase
1	to_pig_latin
1	to_pinyin
1	to_pipeline
1	to_pix
1	to_pkt
1	to_plaintext
1	to_port
1	to_port=
1	to_predicate
1	to_pretty
1	to_pretty_json
1	to_pretty_s
1	to_prompt
1	to_property_string
1	to_province
1	to_ptree
1	to_puml
1	to_querystring
1	to_radial
1	to_ral
1	to_ranges
1	to_rate_limit_value
1	to_rb
1	to_rdf
1	to_real_sexp
1	to_record
1	to_record_string
1	to_ref
1	to_rem!
1	to_resp
1	to_response
1	to_result
1	to_ron_list2
1	to_row
1	to_rpc_status
1	to_rspec
1	to_ruby_code
1	to_ruby_downcase
1	to_ruby_method
1	to_rupaiya
1	to_rx
1	to_s_children
1	to_s_without_default_format
1	to_sass
1	to_scale
1	to_scamel
1	to_scope
1	to_script
1	to_segment_end
1	to_sen_hyaku_jyu
1	to_seq
1	to_session
1	to_sexp_array
1	to_short_name
1	to_short_s
1	to_si
1	to_signed
1	to_sjis
1	to_slack
1	to_slice
1	to_so_expr
1	to_solo_config
1	to_sorted_array
1	to_sound
1	to_speech
1	to_stdout=
1	to_stem
1	to_step
1	to_string_list
1	to_strings
1	to_struct
1	to_struct_recursively
1	to_style
1	to_subgraph
1	to_svgf
1	to_sxg
1	to_sym_city
1	to_symbol_array
1	to_tasklist
1	to_term
1	to_textile
1	to_tile
1	to_time_of_day
1	to_time_series
1	to_title
1	to_titulo_eleitor_format
1	to_toc
1	to_tool_format
1	to_trace_header
1	to_trackable_id
1	to_truecolor_alpha
1	to_ts
1	to_ttl
1	to_twin_hash
1	to_txt
1	to_type_id
1	to_type_signature
1	to_tz
1	to_underscore!
1	to_unicode_map
1	to_unix_path
1	to_unpacked_cbor
1	to_unpacked_cbor1
1	to_unwrapped
1	to_url_param
1	to_vcard
1	to_verhoeff
1	to_vers_string
1	to_version
1	to_vevent
1	to_w
1	to_web
1	to_weeks
1	to_width
1	to_wif
1	to_wiki
1	to_win_path
1	to_wire
1	to_wof
1	to_write
1	to_xlsx
1	to_xlsx_filename
1	to_xml_attributes
1	to_xml_file
1	to_xml_node
1	to_xml_tag
1	to_xpath
1	to_xspf
1	to_xz
1	to_yaml_file
1	to_yes_no
1	to_yuml
1	to_zone
1	tobopomo
1	tock
1	today=
1	today_for_nil
1	todo!
1	todoist_evernote_map
1	todos
1	toeuc
1	toggle_flag
1	toggled_by
1	tojis
1	tok
1	tok?
1	tokanji
1	tokenURI
1	token_chain
1	token_client_from_schema
1	token_column
1	token_credential_key=
1	token_credential_secret=
1	token_data
1	token_duration
1	token_endpoint
1	token_endpoint=
1	token_exists?
1	token_expiration_tolerance_in_seconds
1	token_file
1	token_generator
1	token_grant_types
1	token_info
1	token_keys
1	token_name
1	token_patterns
1	token_size
1	token_string
1	token_subclass_from_text
1	token_to_id
1	token_to_string
1	token_types
1	token_url
1	token_url=
1	token_value
1	tokenise
1	tokenize!
1	tokenize_erb
1	tokenize_file
1	tokenize_sentence
1	tokenize_with_errors
1	tokenizer
1	tokens_repo
1	tolist
1	tomdoc
1	toml_adapter=
1	tomorrow=
1	tomorrow?
1	too_cold?
1	too_dry?
1	too_hot?
1	too_humid?
1	too_many_requests?
1	took
1	tool
1	toolTip=
1	tool_call_id
1	tool_description
1	tool_parameters
1	tool_result?
1	tool_schema
1	tool_use
1	toolbar
1	toolboxes
1	tooltip=
1	top=
1	topN_old_collective_explicit
1	topN_old_collective_implicit
1	top_25_tags
1	top_atbats
1	top_bottoms
1	top_contributors
1	top_inner_comment_block=
1	top_iseq
1	top_jobs
1	top_level?
1	top_level_namespace
1	top_level_void
1	top_level_window
1	top_level_window=
1	top_matches
1	top_node
1	top_of_grid
1	top_platforms
1	top_rec
1	top_weights
1	top_x
1	top_y
1	topartists
1	topic_field
1	toplevel
1	topologically_ordered_commits_from_root
1	topology
1	toponyms
1	toppages
1	topscope
1	topsort_iterator
1	toptags
1	torus
1	tos
1	totalCpu
1	totalItems
1	totalMemory
1	totalRow=
1	totalSale
1	totalSummary
1	totalSupply
1	total_affected_items
1	total_allocated
1	total_allocated_memsize
1	total_balance
1	total_commits
1	total_cost=
1	total_debt
1	total_duration_seconds=
1	total_elevation_gain
1	total_entries=
1	total_feature_number
1	total_fee
1	total_files
1	total_funds
1	total_games
1	total_in=
1	total_items
1	total_memory
1	total_metric_calls
1	total_objects
1	total_out=
1	total_queries
1	total_results_available=
1	total_results_returned
1	total_results_returned=
1	total_retained
1	total_retained_memsize
1	total_size
1	total_size=
1	total_sql_duration_ms
1	total_sum
1	total_time_in_seconds
1	total_tokens
1	total_weight
1	total_working_hours
1	totals_from_rows
1	totals_line
1	touch_coordinate
1	tour_mode
1	tournament
1	towers
1	toxml
1	tpe
1	tr_action
1	tr_s
1	trace?
1	traceSortOrder
1	trace_context
1	trace_context=
1	trace_enabled
1	trace_endpoint=
1	trace_flags
1	trace_header
1	trace_object_allocations
1	trace_object_allocations_stop
1	trace_off
1	trace_on?
1	trace_reading
1	trace_reporter_type
1	trace_tree
1	trace_tree=
1	trace_with
1	trace_with_result
1	tracer_provider=
1	tracing?
1	trackRegistrationRequest
1	trackRequest
1	track_bots
1	track_count
1	track_dirs
1	track_empty_hours?
1	track_feature_event
1	track_no
1	track_progress?
1	track_rails!
1	track_read
1	track_return_values
1	track_status_codes
1	track_using_carrier_code_and_tracking_number
1	track_using_label_id
1	track_visit
1	trackable_class_options=
1	trackables
1	tracked_files
1	tracked_paths
1	tracker=
1	tracker_host
1	tracker_id
1	tracking_files
1	tracking_info
1	trackno
1	tracknum
1	trade_id
1	trading_day?
1	traditional_chinese?
1	traffic_for
1	traffic_seed_hi
1	traffic_seed_lo
1	trailing
1	trailing_metadata
1	trailing_newlines
1	trailing_positionals
1	train!
1	train_epochs
1	train_incidents
1	train_interesting
1	train_kryon_aum_year
1	train_kryon_aum_year_album
1	train_kryon_aum_year_albums
1	train_path
1	train_stations
1	train_tracker
1	train_tracker_class
1	train_uninteresting
1	trainable?
1	trait
1	traitData
1	traitDetails
1	trait_name
1	trait_names_from_explicit
1	trajectories
1	tranID=
1	trans_home_path!
1	trans_y
1	transacoes
1	transact_functions
1	transaction=
1	transactionId=
1	transactionStatus
1	transactionType=
1	transaction_call?
1	transaction_group_id
1	transaction_hash
1	transaction_hash=
1	transaction_identifier=
1	transaction_inquiry
1	transaction_joinable=
1	transaction_receipt
1	transaction_receipts
1	transaction_sampler
1	transaction_type
1	transaction_version
1	transactions=
1	transactionsArray
1	transcluded_draft
1	transcoders
1	transferAmount=
1	transferType=
1	transfer_fk_constraints
1	transfer_id
1	transfer_indexes
1	transfer_messages
1	transfer_records
1	transfer_table
1	transfer_type
1	transform_body
1	transform_centuries_to_aat
1	transform_dates_to_centuries
1	transform_expression
1	transform_kubernetes
1	transform_lower_delta
1	transform_request_log_callable
1	transform_to_array
1	transform_to_lex
1	transform_upper_delta
1	transform_world_delta
1	transformation_statements
1	transformed_code
1	transforms=
1	transit_number
1	transit_routing_number
1	transition!
1	transition_coordination_status_to!
1	transition_duration
1	transition_screen
1	transition_semester?
1	transition_to!
1	transition_to_active
1	transition_to_expired
1	transition_to_processing_renewal
1	transition_type
1	transitions_for
1	transitions_up_to
1	transitiontime=
1	transitive_cbra_dependencies
1	translatable_fields
1	translatable_locales
1	translatable_segment
1	translatables
1	translate_Zchar
1	translate_assistant_message
1	translate_backtrace
1	translate_conan
1	translate_doc
1	translate_down_fold
1	translate_gem
1	translate_go
1	translate_html
1	translate_left_fold
1	translate_line
1	translate_maven
1	translate_npm
1	translate_nuget
1	translate_options
1	translate_options_constraints
1	translate_packagist
1	translate_path
1	translate_plural_message
1	translate_pypi
1	translate_resources_into_wadl
1	translate_right_fold
1	translate_singluar_message
1	translate_string
1	translate_tool_message
1	translate_type
1	translate_up_fold
1	translated=
1	translated_attributes=
1	translated_columns
1	translated_text
1	translates
1	translation_class
1	translation_for_key
1	translation_for_lang
1	translation_key_ids
1	translation_namespace
1	translation_repositories
1	translation_segments
1	translation_type
1	translation_value=
1	translations=
1	translations_column_name
1	translator_comment
1	translit_options
1	transmit
1	transmit_timestamp
1	transmitted_count
1	transparency_chunk
1	transparency_chunk?
1	transpile
1	transport_details=
1	transport_name=
1	transports
1	transproc
1	trap_chain
1	trap_int!
1	trap_interrupt
1	trashed?
1	traslados
1	travel_to_commit
1	traverseDownChildValue
1	traverseDownEdgeValue
1	traverseToNextSuffix
1	traverse_element
1	traverse_hash
1	traverse_preorder
1	travese
1	trd
1	treat_encoding_i
1	treat_encoding_s
1	treat_options
1	tree?
1	tree_entry
1	tree_from_right_aws
1	tree_processor
1	tree_sitter_language
1	tree_type
1	trello
1	trend=
1	trending
1	treshhold_in_percent
1	triad
1	trial
1	trial_period_days
1	triangle
1	triangle_to_parent
1	triangles
1	triangulate
1	tries=
1	trigger?
1	trigger_before_start_callbacks
1	trigger_build
1	trigger_build_complete
1	trigger_build_start
1	trigger_error
1	trigger_event
1	trigger_message
1	trigger_onerror
1	trigger_step
1	trigger_step_if
1	trigger_step_name
1	trigger_step_type
1	trigger_watchers
1	trigger_when_finished_callbacks
1	trilogy
1	trim_attr
1	trim_cookie_output
1	trim_first
1	trim_last
1	trim_lzeroes
1	triples
1	trips
1	trnstype
1	true_boolean_strings
1	true_cmd
1	true_probability=
1	true_val
1	true_values
1	truncate!
1	truncate_all
1	truncate_bytes
1	truncate_hex
1	truncate_words
1	truncated?
1	truncated_classes
1	trunk?
1	trunk_url
1	trust_root
1	trusted_pool
1	trusted_valid?
1	truthy_literal?
1	truveo
1	truveo=
1	try_activate
1	try_add
1	try_and_report
1	try_apply
1	try_chain
1	try_chain!
1	try_convert_from_wrapper
1	try_convert_from_wrapper_type
1	try_convert_to_proto_type
1	try_deserialize
1	try_fetch_value
1	try_for
1	try_invoke_from
1	try_load
1	try_log_info
1	try_or_check_login
1	try_respond_with
1	try_rhyme
1	try_sass
1	try_set
1	try_take
1	try_with_rescue
1	tryopen
1	ts=
1	ts_add
1	ts_header
1	tsclient_running?
1	tseries
1	tsne_run_double
1	tsung
1	tt
1	ttl_in_seconds
1	ttr
1	tts
1	tty=
1	tubes
1	tue
1	tumblr
1	tune
1	tunes
1	tuning_6_standard
1	tunnel
1	tuple_values
1	tuples
1	ture
1	turn=
1	turn_count
1	turn_manager
1	turn_on_all_warnings
1	turn_tag_into_overpass_filter
1	turned_off
1	turners
1	turns
1	turpleobject=
1	tushensei_in
1	tutorLine
1	tutos
1	tv
1	tv?
1	tv_nsec
1	twarn
1	tweet!
1	tweets
1	tweets_csv
1	twelve_result
1	twenty_result
1	twitter=
1	twitter_api
1	twitter_engagement
1	twitter_init
1	twitter_is_authorized?
1	twitter_likes_count
1	twoSideTest
1	two_factor_authentication_mandatory
1	two_player?
1	twos_comp_to_int
1	twox128
1	tx_incr
1	txn_id
1	txn_list_with_proof
1	txn_time
1	typ
1	typeDesc
1	type_alias_decls
1	type_cast_for_database
1	type_cast_for_schema
1	type_caster
1	type_code
1	type_constant
1	type_converters
1	type_error_message
1	type_from_encoding_name
1	type_gcd
1	type_ids
1	type_ids=
1	type_in_types?
1	type_initialize
1	type_is_enterprise?
1	type_line
1	type_map=
1	type_map_for_queries
1	type_map_for_queries=
1	type_map_for_results
1	type_mapping
1	type_match?
1	type_names=
1	type_narrowing_select?
1	type_of?
1	type_parameters?
1	type_registry
1	type_safety
1	type_schema
1	type_serializer
1	type_signature
1	type_signatures
1	type_tag
1	type_to_qitem
1	type_to_str
1	typecast_to_primitive
1	typecast_value_boolean
1	typecast_value_to_class
1	typecast_value_to_hash
1	typecaster
1	typed_attributes
1	typed_name
1	typedef?
1	typedefs
1	typeid
1	typeof
1	typestring
1	typhoeus_defaults
1	typing
1	typing_lag=
1	typo
1	ua_en?
1	ubl
1	ubox_order?
1	ubytes_needed
1	udap_authorization_code_request_scopes
1	udap_authorization_code_state
1	udap_client_uri
1	udp?
1	udp_dport
1	udp_server_loop
1	udp_sport
1	udphdr
1	uh
1	uhoh
1	ui=
1	ui_selector=
1	ui_user
1	uids
1	uint32
1	uint8_view
1	ulSampleRate
1	ulid
1	ulimate_creditor
1	umask=
1	umlaut_config
1	umlaut_map
1	umount
1	un
1	una
1	unaccent
1	unaccent!
1	unalias_the
1	unapproved
1	unarry
1	unassign
1	unassign?
1	unattached_functions
1	unauthorized_response
1	unavailability_code=
1	unavailable_message
1	unb
1	unbind
1	unblank?
1	unblock
1	unblock_next_blocked_job
1	unbork
1	unbound?
1	unbowl
1	unbowl!
1	uncache
1	uncallable_number
1	uncarriage
1	uncast
1	unchoose_except_self_column
1	uncoercible_variables
1	uncolor!
1	uncommitted
1	uncompile
1	uncompress
1	uncompressed_size
1	uncovered
1	undashify
1	undeclared_pools
1	undecorated_delete_at
1	undecorated_get
1	undecorated_insert
1	undecorated_set
1	undefined_controllers
1	undefined_features
1	undefined_ids
1	undefined_request
1	undefined_steps
1	undeletable_orig_relation_delete_all
1	undeletable_orig_relation_destroy_all
1	undent
1	under_context
1	underline?
1	underlying_app
1	underlying_app=
1	underover
1	underscore!
1	underscore_and_symbolize
1	underscore_and_symbolize_names
1	underscore_from_text
1	underscore_keys
1	underscore_keys!
1	underscore_to_space
1	underscored_private=
1	undisposed
1	undisposed_report
1	undoPruning
1	undo_vote
1	undone_count
1	unenclose
1	unencode
1	unencode_component
1	unescapeElement
1	unescapeURIComponent
1	unescape_bytea
1	unescape_newlines
1	unescape_uri
1	unextend
1	unfiltered_data
1	unfiltered_proc
1	unfinalized_context_changes
1	unfinished
1	unfixed
1	unflip
1	unform
1	unfriend
1	unget
1	unget_char
1	unget_token
1	unhandled?
1	unhandled_exception
1	uni
1	unicode_normalized?
1	unicode_string
1	unicode_to_utf8
1	unicode_version
1	unicorn_lockdown_prefix
1	unidecode
1	unified
1	unified_to_char
1	uniform!
1	unify_components
1	unify_goals
1	unimplemented
1	uninclude
1	uninitialized
1	uninstall!
1	uninstall_application
1	uninstall_command
1	union_array
1	union_array_map
1	union_parameters
1	union_type_context
1	union_types
1	unionize_persistant_children
1	unions
1	uniq_by_baseform
1	uniq_filter
1	uniq_response
1	uniq_values
1	unique=
1	uniqueRequestNo=
1	unique_ID
1	unique_clicks
1	unique_id=
1	unique_key
1	unique_key_check_options=
1	unique_keys
1	unique_path_for_temporary_file
1	unique_str
1	unique_token_id
1	unit?
1	unit_aliases
1	unit_conversions
1	unit_identifier=
1	unit_map
1	unit_set
1	unit_symbol
1	unit_values
1	unitary
1	unitestconnectionString
1	unity=
1	universal_links_only
1	unix_listener_stats
1	unix_md5_crypt
1	unix_rights
1	unix_socket_support?
1	unknock
1	unknock=
1	unknown!
1	unknown_attributes
1	unknown_enabled
1	unknown_tag
1	unlabel
1	unlimited
1	unloadAmount=
1	unload_request
1	unload_reversal
1	unlock!
1	unlocked
1	unmanaged_files
1	unmap
1	unmap_route
1	unmap_view_of_file
1	unmarshal_raw
1	unmarshal_raw_bool
1	unmarshal_raw_integer
1	unmarshal_raw_string_symbol
1	unmarshal_string
1	unmasked_pathname_without_trailing_slash
1	unmatched_classes
1	unmatched_lines
1	unmount
1	unmount_all
1	unobtrusive_date_picker
1	unobtrusive_date_text_picker
1	unobtrusive_datetime_picker
1	unoptimized_dockerfile
1	unpack1_without_homura_hex
1	unpack?
1	unpack_bool
1	unpack_byte
1	unpack_int
1	unpack_ip_addr
1	unpack_ip_netmask
1	unpack_long
1	unpack_short
1	unpack_string
1	unpack_subtitle_to
1	unpack_table
1	unpack_union
1	unpack_utype
1	unpack_vector
1	unpack_virtual_offset
1	unpad
1	unpad!
1	unparse_pp
1	unparsed
1	unpredef!
1	unpremultiply
1	unprotect_branch
1	unproxify
1	unpublished_events
1	unqualified_class
1	unqualify_schema_name
1	unqualify_table_name
1	unqualify_table_name_if_default_schema
1	unquote
1	unquote_and_convert_to
1	unquoted_string?
1	unrar_bin
1	unrar_flags
1	unreadline
1	unregister_adaptation
1	unregister_groups
1	unregister_state_change_observer
1	unregister_uri
1	unsafe?
1	unsafe_entries
1	unsaved_password
1	unscale
1	unschedule
1	unscoped=
1	unselect
1	unserialize
1	unset_app_properties
1	unset_entity
1	unset_global_properties
1	unshare
1	unsigned_ebcdic
1	unsort
1	unsort=
1	unsorted_children
1	unspacefy
1	unspacefy!
1	unstash
1	unsubscribe_from_channel
1	unswap
1	untag
1	untap!
1	untested_mappings
1	until_true!
1	untracked_files
1	untrain
1	untyped
1	untyped_props
1	unused
1	unused_args
1	unused_controllers
1	unverified_payload
1	unvetted_attributes
1	unviewable
1	unwalk_from_array
1	unwatch_new_instances
1	unweave_for_application
1	unweave_global
1	unwrap!
1	unwrapRequiredParameter
1	unwrap_error
1	unwrap_fragment
1	unwrap_root
1	unwrap_success
1	unwrap_symbols
1	unwrapped
1	up!
1	up2date?
1	up_to_and_matching
1	up_to_date?
1	up_to_port
1	upcase_ext
1	upcase_table_utf8
1	updatable_fields
1	update=
1	update?
1	updateDocument
1	updateMobileBackground
1	updateOrInsertMultiSyncSetColumn
1	updateOrInsertMultiSyncSetColumnSelective
1	updateOrInsertSyncSet
1	updatePrifileLogo
1	updateRecord
1	updateRect
1	updateRef
1	updateTime
1	updateWebBackground
1	update_account_password
1	update_activities
1	update_after_restore
1	update_all!
1	update_answer_key
1	update_assignment_data
1	update_asyncronously
1	update_attributes!
1	update_basket
1	update_billing_info
1	update_block
1	update_button_states
1	update_by_query
1	update_cache!
1	update_cache_if_needed
1	update_card_validation_num_on_token
1	update_cards
1	update_cartfile
1	update_castles_after_rook_move
1	update_cells
1	update_changelog
1	update_components_from_response
1	update_computed
1	update_config_map
1	update_contact
1	update_contacts
1	update_content
1	update_contents
1	update_current
1	update_data
1	update_database
1	update_dates
1	update_desired_count
1	update_dynamic_settings!
1	update_earth_time
1	update_entrie
1	update_environment
1	update_estimates
1	update_event
1	update_existing_lesson
1	update_files
1	update_filesystem!
1	update_formula
1	update_from_dataobject!
1	update_from_extend_response
1	update_from_io
1	update_from_session_response
1	update_function_configuration
1	update_gem_latest_version_by_one
1	update_gem_tarballs
1	update_gemfile!
1	update_groups_lc_and_scale_up
1	update_histories=
1	update_holdings
1	update_id
1	update_incremental
1	update_index_with_instance_elastico
1	update_interval
1	update_interval=
1	update_last_sync_date
1	update_latest_bundle_dir
1	update_limit
1	update_link_definitions
1	update_links_if_needed
1	update_live_activity
1	update_metadata
1	update_metric_value
1	update_mode=
1	update_monitor
1	update_navigation_configuration
1	update_object
1	update_option
1	update_or_create_attrs
1	update_ownership
1	update_page
1	update_page_content
1	update_page_data
1	update_panels
1	update_parent_commit
1	update_patch
1	update_payment_schedule
1	update_payment_token
1	update_plan
1	update_plans
1	update_plans=
1	update_player
1	update_podfile
1	update_point
1	update_position
1	update_pre_release
1	update_presentation
1	update_products
1	update_progress
1	update_projects
1	update_record_path
1	update_rects
1	update_regular_file
1	update_remote
1	update_repository
1	update_session
1	update_settings
1	update_spreadsheet_value
1	update_state
1	update_status
1	update_status_for_game
1	update_steps
1	update_submodules
1	update_subscription
1	update_superclasses
1	update_table
1	update_tag
1	update_time
1	update_time=
1	update_timers
1	update_title_field
1	update_to_latest_ledger
1	update_value
1	update_view
1	updated=
1	updated_by_id=
1	updated_cells
1	updated_range
1	updater_column
1	updater_column_type
1	updates_query
1	upgrade_pawn
1	upgrade_plan!
1	upgrade_workers
1	upi_merchant_account
1	uploadBerks
1	uploadFrameWork
1	uploadSiteHostedPictures
1	upload_apk
1	upload_array
1	upload_asset
1	upload_attachment
1	upload_code
1	upload_decision
1	upload_discovery_data
1	upload_extension
1	upload_file_content_type
1	upload_file_name
1	upload_file_name=
1	upload_files_from
1	upload_framework
1	upload_host
1	upload_id
1	upload_image
1	upload_item
1	upload_object
1	upload_rate_limit
1	upload_server_locale_file
1	upload_service
1	upload_status
1	upload_text
1	upload_timestamp
1	upload_timestamp=
1	upload_to_drive
1	upload_vcl
1	upload_view
1	upload_with_token_2
1	uploader
1	uploader_command_path
1	upp
1	upper
1	upper=
1	upper_bound=
1	upper_delta?
1	upper_sub_delta?
1	upper_world_delta?
1	uppercase_chars
1	upsert_capi_diego_process_association
1	upsert_local_dir
1	upsert_route
1	upserted_id
1	upstart_cmd_conf
1	upstream
1	upstream_pipelines
1	upstream_steps
1	upstream_tracefiles
1	upstream_version
1	urandom
1	uri_decode
1	uri_delete
1	uri_escape
1	uri_namespace
1	uri_option
1	uri_parameters
1	uri_parse
1	uri_path
1	uri_pattern
1	uri_scheme
1	uri_schemes_from_project
1	uri_template_to_route_pattern
1	uris
1	uris?
1	url2mp3
1	url2ssml
1	urlFor
1	url_c
1	url_for_coa_for_date
1	url_for_management
1	url_for_method
1	url_from_href
1	url_full
1	url_get
1	url_language
1	url_letter
1	url_letter_subpage
1	url_name
1	url_o
1	url_params
1	url_parser
1	url_patterns
1	url_placeholders_orig
1	url_question
1	url_suffix
1	url_template=
1	url_template_orig
1	url_to_id
1	url_version
1	urlenc
1	urlencoded
1	urls_getUserPhotos
1	urls_getUserProfile
1	urls_lookupGroup
1	urls_lookupUser
1	urlset
1	urs
1	us
1	us_state_select
1	usa_states
1	usable
1	usable_modules
1	usage_character_count_30d
1	usage_per_repo
1	usage_rights?
1	usage_specs
1	usb_claim_interface
1	usb_close
1	usb_control_msg
1	usb_get_string_simple
1	usb_interrupt_write
1	usd
1	useCaseDiagram
1	use_actual_email_as_sanitized_user_name
1	use_actual_email_prepended_to_subject
1	use_actual_environment_prepended_to_subject
1	use_addons?
1	use_all
1	use_alpha=
1	use_api
1	use_array=
1	use_basic_authentication=
1	use_best_practices?
1	use_binding_helper
1	use_broker
1	use_built_in_lists
1	use_cache?
1	use_cache_service
1	use_cases
1	use_cassette
1	use_color=
1	use_color?
1	use_colors
1	use_command
1	use_connection
1	use_constant_color
1	use_ctid_over_primary_key
1	use_currency_symbol
1	use_custom_css_switch
1	use_default_client_middleware!
1	use_default_configuration!
1	use_default_driver
1	use_default_middleware!
1	use_default_refs_heads
1	use_detected
1	use_digest_authentication=
1	use_dot_syntax
1	use_drb?
1	use_driver
1	use_effective_messaging
1	use_effective_qb_online
1	use_effective_qb_sync
1	use_fake_subdomains
1	use_font=
1	use_full_backtrace=
1	use_grammar
1	use_iam_profile?
1	use_in_file_templates!
1	use_instantiated_fixtures
1	use_item_names
1	use_jisx0213
1	use_json=
1	use_jynx
1	use_local_cache?
1	use_logger
1	use_logger_type
1	use_master_key!
1	use_middleware
1	use_nonce
1	use_null_object
1	use_options
1	use_password
1	use_paths
1	use_pg_system_column_ctid
1	use_pgcrypto
1	use_port
1	use_proc_helpers
1	use_pwd_symlinks
1	use_rcfiles?
1	use_repo_map=
1	use_resource
1	use_rest_server
1	use_schema_fingerprint_lookup
1	use_secondary_alert
1	use_secondary_alert=
1	use_semantic_cache
1	use_semantic_cache=
1	use_shelley_from_now_on
1	use_signed_url
1	use_size=
1	use_snippets!
1	use_solr_for_dynamic_form_models
1	use_source_pods
1	use_sprockets_derailleur_file_store
1	use_stdout
1	use_streams=
1	use_sub_superscripts?
1	use_system_prompt=
1	use_teleport?
1	use_temperature=
1	use_tenanted_migrations_directory
1	use_timestamp_timezones=
1	use_token
1	use_tor_proxy
1	use_transactional_fixtures
1	use_transactional_tests=
1	use_translation
1	use_tree_sitter
1	use_unicode
1	use_utf8
1	use_vim
1	use_vips
1	use_weeler_i18n
1	useable?
1	used?
1	used_hints
1	used_namespaces
1	useful_duration
1	user2_take_turn
1	userAccountControl
1	userAgent
1	userInfo
1	userMessage
1	userName
1	userPoolIdConverter
1	user_add
1	user_affiliations
1	user_agent_callback=
1	user_agent_info
1	user_agent_parser
1	user_attach
1	user_authenticated?
1	user_base
1	user_blocked?
1	user_categories
1	user_choice
1	user_code
1	user_commits
1	user_context_change
1	user_data
1	user_defined_id=
1	user_defined_string?
1	user_defined_types
1	user_delete
1	user_detach
1	user_details=
1	user_directory
1	user_edit
1	user_entity_tree
1	user_error
1	user_for
1	user_function_allowlist
1	user_groups
1	user_home_path
1	user_home_path=
1	user_id_for
1	user_id_salt
1	user_identifiers=
1	user_ids
1	user_increment_choice
1	user_info=
1	user_input=
1	user_key
1	user_lifecycle_class
1	user_lifecycle_class=
1	user_loader
1	user_location
1	user_mailer=
1	user_message
1	user_method
1	user_must_accept_cookie_use
1	user_must_accept_cookie_use=
1	user_name=
1	user_newest_followers
1	user_newest_friends
1	user_pairs
1	user_path_method
1	user_portal_domain
1	user_query
1	user_recover
1	user_recover_init
1	user_registered?
1	user_reload?
1	user_reply_y_or_n
1	user_repositories
1	user_results_returned=
1	user_selection
1	user_set=
1	user_settings_get
1	user_settings_set
1	user_sign_out
1	user_signature_timestamp
1	user_specifications
1	user_to_account
1	user_track_status?
1	useragent=
1	userdata
1	userdir
1	userid=
1	userinfo_endpoint=
1	usermode_sockets
1	usersPostURLs=
1	users_setPresence
1	users_with_answers
1	userspace_files
1	userstamp_class
1	uses_class_method?
1	uses_currency_symbol
1	using_delayed_job
1	using_docker?
1	using_history
1	using_hk
1	using_latest_emoji
1	using_user_table=
1	using_wait_time
1	usr
1	usr=
1	ust
1	usual_paths
1	utarget_id_to_symbol
1	utcfromtimestamp
1	utest
1	utf16_to_iso
1	utf8
1	utf8?
1	utf8_encode
1	utf8_to_wide
1	utf8encode=
1	utf_decode
1	utility_path
1	utilization
1	utils
1	utm_campaign
1	utm_content
1	utm_medium
1	utm_source
1	utm_term
1	utterances
1	uuid_v4
1	uunpack
1	uv_index
1	uw_cputop
1	uw_diskioreads
1	uw_diskiowrites
1	uw_diskused
1	uw_httpconns
1	uw_load
1	uw_memtop
1	uw_tcpused
1	uw_udpused
1	uwi=
1	v3=
1	v4
1	v93k?
1	v=
1	vData
1	vSpacing=
1	v_r_s_for
1	v_text_align
1	vacant_indices
1	vaccine_fuzzy_search=
1	vaccines
1	vaccines=
1	vaccines_by_disease=
1	vaccines_by_valence=
1	vacuum
1	vagrant
1	val_1
1	val_2
1	val_3
1	val_aggregate_scores
1	val_subscores
1	val_to_array
1	val_var
1	valence_ids
1	valences
1	valences=
1	valences_by_disease=
1	valences_by_vaccine=
1	valet_home
1	valid!
1	validPackage?
1	valid_args?
1	valid_at
1	valid_attributes
1	valid_authenticity_token?
1	valid_branch?
1	valid_case_type?
1	valid_chain?
1	valid_check_digit?
1	valid_children
1	valid_civil?
1	valid_class?
1	valid_color?
1	valid_command?
1	valid_configuration?
1	valid_connection?
1	valid_content_type?
1	valid_content_types
1	valid_credit_card_brand?
1	valid_domain
1	valid_dtypes
1	valid_encoding
1	valid_entry?
1	valid_estimates
1	valid_extensions?
1	valid_extractors
1	valid_factoradic_digits?
1	valid_feed?
1	valid_filters
1	valid_for?
1	valid_for_authentication?
1	valid_for_url?
1	valid_function_call?
1	valid_hand?
1	valid_html?
1	valid_ico?
1	valid_input?
1	valid_ip!
1	valid_ipv4?
1	valid_json
1	valid_json?
1	valid_key
1	valid_keys=
1	valid_keys_for_has_many_association
1	valid_lexer?
1	valid_license
1	valid_list?
1	valid_log_levels
1	valid_message_proc=
1	valid_mime_types
1	valid_mode
1	valid_mode?
1	valid_move?
1	valid_moves
1	valid_name?
1	valid_needs
1	valid_non_negative_integer?
1	valid_num_players?
1	valid_oid?
1	valid_one_only
1	valid_options
1	valid_or_raise_exception
1	valid_output?
1	valid_overlays
1	valid_params?
1	valid_parens_string?
1	valid_password?
1	valid_pat?
1	valid_periods
1	valid_points?
1	valid_postcode?
1	valid_pygments_theme?
1	valid_repo
1	valid_roles
1	valid_salt?
1	valid_schema?
1	valid_secret_key?
1	valid_sections
1	valid_settings?
1	valid_settings_file?
1	valid_sort_bys=
1	valid_species?
1	valid_string?
1	valid_time?
1	valid_types?
1	valid_value?
1	valid_verifier?
1	valid_word?
1	validateChallengeInput
1	validatePassword
1	validateTag
1	validateTestUserRegistration
1	validate_act_array
1	validate_action!
1	validate_action_id
1	validate_all_params_rule!
1	validate_and_normalize_usage!
1	validate_api_key!
1	validate_args
1	validate_args!
1	validate_ask_currency
1	validate_authentication
1	validate_aws
1	validate_bank_account
1	validate_bid_currency
1	validate_block_id
1	validate_blocks
1	validate_callback!
1	validate_cardinality!
1	validate_claims
1	validate_code!
1	validate_column
1	validate_commands
1	validate_conditions!
1	validate_configs!
1	validate_conversation_options!
1	validate_cookbooks
1	validate_credentials!
1	validate_data=
1	validate_datasource_name!
1	validate_device_id
1	validate_dir_path
1	validate_directories
1	validate_directory_for
1	validate_domain=
1	validate_email!
1	validate_env_vars!
1	validate_environment
1	validate_environment_id
1	validate_environment_name!
1	validate_eui
1	validate_field
1	validate_file_path
1	validate_filter
1	validate_find_request
1	validate_focus_on_load
1	validate_for_schema
1	validate_for_stats
1	validate_free!
1	validate_generate
1	validate_header_pattern
1	validate_header_presence
1	validate_html
1	validate_identifier!
1	validate_include_name_runtime!
1	validate_include_name_syntax!
1	validate_input_type
1	validate_install
1	validate_invariants
1	validate_ip_addr
1	validate_ip_netmask
1	validate_is_a
1	validate_item_state
1	validate_json!
1	validate_json_as_hal
1	validate_jwt
1	validate_label_status
1	validate_length
1	validate_locale!
1	validate_manifest
1	validate_members
1	validate_mind_name!
1	validate_modern_id_card_format
1	validate_msisdn_length_range
1	validate_name!
1	validate_nokogiri
1	validate_not_empty
1	validate_not_empty!
1	validate_number!
1	validate_numbers
1	validate_old_arc_id_format
1	validate_one_ticket_per_event
1	validate_optional_vars
1	validate_pages
1	validate_parameters
1	validate_params
1	validate_path_params
1	validate_patterns
1	validate_period
1	validate_period!
1	validate_pluralization
1	validate_positive_integer!
1	validate_prime?
1	validate_probability!
1	validate_project_domains
1	validate_queue_name!
1	validate_recipients
1	validate_reference_number
1	validate_request_parameter
1	validate_required_keys
1	validate_required_vars
1	validate_response_body
1	validate_result
1	validate_routes!
1	validate_ruby_code
1	validate_safelist
1	validate_schema_key!
1	validate_sender
1	validate_share_state
1	validate_sheet
1	validate_single
1	validate_single_database!
1	validate_single_param_rule!
1	validate_size
1	validate_skipped
1	validate_smtp
1	validate_snippet
1	validate_solidity_code
1	validate_source
1	validate_state!
1	validate_storage_options
1	validate_string_array!
1	validate_syntax
1	validate_targets
1	validate_templates
1	validate_test_directory_for
1	validate_unit
1	validate_uri
1	validate_user_contract
1	validate_utf8!
1	validate_value!
1	validate_vat_number?
1	validate_verbose
1	validate_yml
1	validate_zrconf
1	validateaddress
1	validated_merchant
1	validated_object=
1	validates!
1	validates_command
1	validates_confirmation_of
1	validates_each
1	validates_length_of
1	validates_raw_btc_map
1	validation_arguments!
1	validation_context
1	validation_contract_class
1	validation_contract_instance
1	validation_enforced?
1	validation_error_message
1	validation_factory
1	validation_failures
1	validation_failures=
1	validation_level=
1	validation_property_value
1	validation_report
1	validation_results
1	validation_url=
1	validations_proxy
1	validations_to_include
1	validator
1	validator_block
1	validator_for_name
1	validator_option
1	valido?
1	valign=
1	valor
1	valorEnergetico
1	valorUnitario
1	valor_energetico_menu
1	value2
1	valueAt
1	valueCanonical=
1	valueCode=
1	valueDescription
1	valueName
1	valueReference
1	valueReference=
1	valueString=
1	value_
1	value_as_class?
1	value_attributes
1	value_counts
1	value_date=
1	value_decode
1	value_dword
1	value_expr
1	value_for_database
1	value_for_field
1	value_for_undefined_key
1	value_from
1	value_from_nested_key
1	value_in?
1	value_including_codepoints
1	value_map
1	value_matcher
1	value_matches?
1	value_number_for
1	value_or
1	value_pos
1	value_qword
1	value_receiver?
1	value_serializer_type
1	value_set_oid_version_objects=
1	value_set_oids
1	value_set_oids=
1	value_suffix
1	value_sum
1	value_text
1	value_text=
1	value_types
1	value_value
1	valuesAreConsistent
1	valuesAreNumbers
1	values_equal?
1	values_from_args
1	values_of
1	values_only?
1	values_to_codepoints
1	values_to_compare
1	values_with_scores
1	valutes
1	valve
1	var?
1	var_args?
1	var_dump
1	var_name
1	variableName
1	variable_map
1	variable_value
1	variable_values
1	variables=
1	variablesWithType
1	variance_population
1	variant_for
1	variant_for?
1	variant_name
1	variants=
1	variation_call?
1	variation_selector?
1	vars_from_parse_tree
1	vartmp_dir
1	vat_format_valid?
1	vat_number
1	vat_number_existence?
1	vat_rate
1	vaule
1	vault_attributes
1	vault_client
1	vault_password
1	vault_url
1	vayacondios_client
1	vbguest
1	vbox_name
1	vbox_url
1	vbr
1	vcap_application
1	vcl
1	vclock
1	vclock=
1	vcn_id
1	vconfig
1	vcopy
1	vcpus
1	vcr_id
1	vcr_state_schema
1	vcs=
1	vd_order_sign_fans_rewards
1	vdcs
1	ve
1	veROReportItems
1	vector_set
1	vegSale
1	velocity
1	vendor=
1	vendor_id
1	vendor_pin
1	vendor_project
1	vendored_frameworks
1	vendored_libraries
1	venues
1	verDef
1	ver_range
1	verb=
1	verbatim
1	verbatim=
1	verbiage
1	verbose_errors=
1	verbose_executable_logging
1	verbose_js_logging
1	verbose_logging
1	verbose_puts
1	verbose_query_logs
1	verbosity=
1	verbs
1	verd_link
1	verification_code=
1	verification_value?
1	verified?
1	verifier=
1	verifierHash
1	verifier_for
1	verifyAddFixedPriceItem
1	verifyAddItem
1	verifyAddSecondChanceItem
1	verifyArguments
1	verifyRelistItem
1	verify_access_proc=
1	verify_account
1	verify_active_connections!
1	verify_actual
1	verify_all_cards=
1	verify_and_get_temperatures
1	verify_and_sanitize_options
1	verify_argument_type
1	verify_attribute_names!
1	verify_bind_method_called
1	verify_card
1	verify_certificate?
1	verify_certificate_identity
1	verify_cluster
1	verify_compiled_iseq
1	verify_config
1	verify_contract
1	verify_credentials!
1	verify_data
1	verify_data=
1	verify_discovery_results_openid2
1	verify_endpoint
1	verify_gem_presence
1	verify_grammar
1	verify_hash
1	verify_host=
1	verify_hostname
1	verify_keys
1	verify_l402
1	verify_lockfile_exists!
1	verify_mac
1	verify_match
1	verify_mimetype
1	verify_name
1	verify_no_missing
1	verify_no_unknown
1	verify_payload
1	verify_pods_are_installed!
1	verify_pss
1	verify_ssl_host=
1	verify_token
1	verify_version
1	version4?
1	versionId
1	versionModified
1	versionToLocalBranch
1	versionToStableBranch
1	versionUUID
1	version_1_1
1	version_1_2?
1	version_byte
1	version_class
1	version_class=
1	version_code=
1	version_column
1	version_column=
1	version_context
1	version_context=
1	version_creator=
1	version_file_contents
1	version_files
1	version_for
1	version_format_valid?
1	version_gte_8?
1	version_id=
1	version_ids
1	version_info
1	version_install_dir
1	version_parsed
1	version_requested?
1	version_requirements
1	version_source
1	versionable
1	versioned
1	versioned_base_path
1	versioned_generators
1	versioned_releases_dirname
1	versioned_version_id
1	versioner
1	versions=
1	versions_count
1	versions_count=
1	verticalAlignment=
1	vertical_alignment
1	vertical_border
1	vertical_indent
1	vertical_indent=
1	vertical_left_border
1	vertical_right_border
1	vertical_spacing
1	vertices=
1	vertices_filtered_by
1	very_high_level
1	verzinsung
1	verzinsung=
1	vet_attribute_names
1	vet_attribute_tests
1	vet_errors
1	vet_errors=
1	vet_modified_attributes
1	vet_modified_attributes=
1	vexpand=
1	vforward_ports
1	vframe
1	vframe?
1	vh_available_directory
1	vh_enabled_directory
1	vi_editing_mode
1	victory_message
1	vid
1	vid_
1	viddlereo
1	videoUrl
1	video_bit_rate_mode
1	video_by
1	video_checks
1	video_frame_rate
1	video_hash
1	video_height
1	video_info
1	video_library
1	video_mem
1	video_note
1	video_qn
1	video_qn=
1	video_scan_type
1	video_set
1	video_set=
1	video_set_title=
1	video_type
1	video_width
1	videos_by
1	videos_list_by_category_and_tag
1	view=
1	viewGemDir
1	viewGemRdoc
1	view_as_real
1	view_class
1	view_data
1	view_exists?
1	view_guard=
1	view_handlers
1	view_helpers
1	view_helpers=
1	view_hooks
1	view_id=
1	view_locals
1	view_path
1	view_ready?
1	view_set_object
1	view_stores
1	view_table_name
1	viewable
1	viewable_check_rule_access
1	viewable_group=
1	viewed!
1	viewed=
1	viewed_all!
1	viewport=
1	vigenere
1	village
1	villages
1	vim=
1	vim_dir
1	violate
1	violationCost
1	violations
1	virGetVersion
1	vira=
1	virtual?
1	virtualDatacenter
1	virtualMachineManager
1	virtual_attribute_names=
1	virtual_fields
1	virtual_giftcard
1	virtual_host_exists?
1	virtual_if
1	virtual_include_tag
1	virtual_ips
1	virtual_media
1	virtual_persisted_attributes
1	virtual_table_at
1	visible_endpoints_regex
1	visible_resources
1	visible_tools
1	visit=
1	visit_duration
1	visit_node
1	visit_or_create
1	visit_selector_node
1	visit_this_0
1	visit_token
1	visited
1	visited?
1	visitor_description
1	visitor_duration
1	visitor_token
1	visits
1	visual_studio
1	visualise
1	visualization
1	visualize
1	visualize_normal_build
1	vk_likes_count
1	vm_id
1	vm_type
1	vmaddr
1	vmemory
1	vms
1	vocab
1	vocabid
1	voice
1	voice=
1	voice_channel
1	voice_channel_separation
1	voice_connect
1	voice_destroy
1	voice_id
1	voice_limit
1	voice_manager
1	voice_message
1	void?
1	voidRequest
1	vol
1	volatile?
1	volume_attachments
1	volume_avg
1	volume_drives
1	volume_mounts
1	volume_name
1	volume_name=
1	vote_for
1	voxel_hapi_authkeys_read
1	vp
1	vpc
1	vpc?
1	vpc_id
1	vps_signature
1	vputs
1	vr_cols
1	vs_player_id
1	vspace
1	vsphere
1	vsphere_datacenter
1	vsphere_password
1	vsphere_server
1	vsphere_username
1	vsplit
1	vtab
1	vtabs
1	vtemplate
1	vulnerabilities
1	vulnerability_email
1	vv_json
1	vykurchhtjtcddhtdxhxbfxbttxjyytsgnxtyxxfudutdutdtxx
1	w=
1	wData
1	wFocusAbsolute
1	wait3
1	wait=
1	wait_all
1	wait_api
1	wait_delay
1	wait_delay=
1	wait_for_build
1	wait_for_document_ready=
1	wait_for_element
1	wait_for_idle!
1	wait_for_initialization
1	wait_for_job
1	wait_for_local_port
1	wait_for_normal_ip
1	wait_for_reply
1	wait_for_roster
1	wait_for_selector
1	wait_for_timeout
1	wait_for_updates
1	wait_for_updates=
1	wait_old
1	wait_on_spawned
1	wait_patiently
1	wait_response
1	wait_seconds
1	wait_stable
1	wait_step
1	wait_step_if
1	wait_step_name
1	wait_step_type
1	wait_time
1	wait_timeout=
1	wait_until_free
1	wait_until_ready
1	waiter
1	waitlist_items
1	walk_class_hierarchy
1	walk_files
1	walkable_neighbours
1	walks
1	walks=
1	wall?
1	wallet
1	wallet_partner_logo_url
1	wallet_partner_logo_url=
1	walls
1	wanted
1	wanted_temp_set
1	wantedunit
1	wants_to_quit
1	war=
1	warden=
1	warn=
1	warn_about_override
1	warn_backtrace
1	warn_color
1	warn_deprecated
1	warn_enabled
1	warn_if_ruby_box_is_disabled_in_rails!
1	warn_of_deprecated_options
1	warn_on_unknown
1	warn_on_unknown_flag
1	warn_on_unknown_flag=
1	warn_suspicious_callable
1	warn_when
1	warned_methods
1	warner=
1	warning!
1	warning: in Dry_Files_IOError#: cannot resolve call to 'message' on int (emitting 0)
1	warning: in ReCaptcha_Client#add_base_error: cannot resolve call to 'add' on int (emitting 0)
1	warning: in ReCaptcha_Client#add_base_error: cannot resolve call to 'add_to_base' on int (emitting 0)
1	warning=
1	warning?
1	warning_color
1	warning_messages
1	warnings=
1	was_executed
1	was_named?
1	was_unsatisfiable
1	was_validated
1	wat
1	watch_directories
1	watch_entities
1	watch_folder
1	watch_high
1	watch_list
1	watch_new_instances
1	watch_state
1	watchable_dirs
1	watched
1	watcher
1	watchers
1	water?
1	water_mark
1	watermark_text
1	waveOutClose
1	waveOutOpen
1	waveOutPrepareHeader
1	waveOutUnprepareHeader
1	waveOutWrite
1	waves
1	waypoints=
1	wborder
1	wborder_set
1	wcloud_path
1	wday_last
1	wday_named
1	wday_ord
1	wdays_configured?
1	weak
1	weak_model_name=
1	weakref_alive?
1	weapon
1	weapon_types
1	weave
1	weave_for_application
1	weave_global
1	webPlayerName
1	web_client
1	web_content_link
1	web_endpoint=
1	web_logger=
1	web_logger_enabled?
1	web_url
1	web_url=
1	web_view_link
1	webdriver_wait
1	webhook=
1	webhook_definitions
1	webhook_url=
1	webhooks
1	webmock!
1	webrat
1	webserver_host
1	webserver_port
1	webservice_production_url
1	webservice_test_url
1	websocket=
1	wechat?
1	wedge_new
1	week_start
1	week_start=
1	weekday?
1	weekday_occurrance
1	weekly
1	weekly_trends
1	weeks_till_now
1	weibo?
1	weigh
1	weight_str
1	weighted_bigrams
1	weighted_example_sum
1	weighted_label_sum
1	weighted_sample
1	welcome_player
1	welcome_screen
1	well_info
1	well_name=
1	western_date?
1	western_to_f
1	western_to_i
1	wff?
1	wgetch
1	wglGetProcAddress
1	wgsLat
1	wgsLng
1	whatami
1	when_data_received
1	when_run_completes_successfully
1	when_type?
1	whences
1	where_clause=
1	where_clause_for_facets
1	where_clauses
1	where_clauses=
1	where_cond
1	where_constraints
1	where_not_nil
1	where_props
1	where_type
1	where_user_input?
1	where_values=
1	whereby_camelize
1	whereis
1	wheres
1	which_all
1	whiches
1	while
1	while_count
1	while_count=
1	whirlpool
1	whiskey_disk
1	white?
1	white_on_black
1	white_on_blue
1	white_player
1	white_threshold
1	whitelist=
1	whitelist_domains
1	whitelist_domains=
1	whitelist_files
1	whitespace=
1	whitespace?
1	whitney_scraper
1	who?
1	who_am_i
1	who_called_me_data
1	whoami
1	whodunit_reverse_associations_enabled?
1	whodunit_setting
1	whodunnit=
1	wholeText
1	whole_note
1	whose_turn
1	whuffie
1	wibble_wobble_value
1	widget
1	widow_modifier
1	width_chars=
1	width_for_stitches
1	width_inc
1	width_scaling
1	width_spin
1	wierdo
1	wifi_off
1	wifi_on
1	wii?
1	wiiu?
1	wiki
1	wiki_title
1	wiki_to_html
1	wikipedia
1	wikirate_api_url
1	wikitext
1	wilcox_test
1	wilcoxon
1	wildcard_domain
1	wildcard_mask
1	will
1	will_payload=
1	will_qos=
1	will_retain=
1	will_topic=
1	win32_activexopen
1	win32_activexplay
1	win32_msgbox
1	win32_vbbrowseforfolder
1	win32_vbinputbox
1	win=
1	win_percentage
1	wind
1	windSpeed
1	wind_chill=
1	wind_direction
1	wind_magnitude
1	wind_units
1	window_enum_callback
1	window_height=
1	window_manager
1	window_position=
1	window_rect
1	window_screenshot
1	window_width=
1	windows_bundled_jre_error_message=
1	windows_friendly_name
1	windows_jre_version_error_message=
1	windows_launcher_error_message=
1	windows_output_dir=
1	windows_startup_error_message=
1	windows_uuid
1	windsp_orig_open
1	winfo_children
1	winfo_geometry
1	winfo_parent
1	winfo_rootx
1	winfo_rooty
1	wingeom
1	winner=
1	winner?
1	winner_on_board?
1	winning_percentage
1	winning_symbol
1	winrm
1	wins
1	wins_from
1	wire_output_to_input
1	wire_provider_ensure_tasks
1	wire_type
1	wireless
1	wiringPiSetup
1	wisdom_modifier
1	with=
1	withPidFile
1	with_all
1	with_approval
1	with_around_and_singleton_context_hooks
1	with_attribute
1	with_best_failure
1	with_cache
1	with_callbacks
1	with_child
1	with_chunk_size
1	with_class
1	with_clean_rbenv
1	with_client
1	with_code
1	with_color
1	with_configuration
1	with_context_if_available
1	with_crop_impl
1	with_dataset
1	with_db
1	with_default
1	with_deleted
1	with_dot_access
1	with_dry_run
1	with_element
1	with_embedding
1	with_env
1	with_error_handling
1	with_exclusive_scope
1	with_exec
1	with_extended_data
1	with_failure_notifier
1	with_files
1	with_filter
1	with_first_names
1	with_friendly_errors
1	with_gen
1	with_gists
1	with_grant
1	with_guarded_io_pos
1	with_guards
1	with_handler
1	with_hidden_resolvable
1	with_history
1	with_id
1	with_inner_boundaries
1	with_iop_smart_proxy?
1	with_language
1	with_level
1	with_loader
1	with_logger
1	with_message
1	with_meta_context
1	with_model
1	with_moving_average
1	with_name
1	with_native_ruby
1	with_optional_saved_config
1	with_output
1	with_overrides
1	with_package
1	with_padding
1	with_params
1	with_paren=
1	with_parent
1	with_path
1	with_placemark_name
1	with_progress
1	with_proxy
1	with_rbenv
1	with_redis
1	with_response
1	with_shard
1	with_slave
1	with_spinner
1	with_sq_auth
1	with_sql
1	with_strategy
1	with_strategy_build_option?
1	with_stringified_keys
1	with_subscription_scope
1	with_subtitles
1	with_suffix
1	with_time_range
1	with_trace_id
1	with_transaction
1	with_values
1	with_western_digits
1	with_yardopts
1	with_z
1	within_bizside_namespace?
1	within_clean_rbenv
1	within_frame
1	within_window
1	within_working_dir
1	without_ansi
1	without_cache
1	without_default_scopes
1	without_environment
1	without_ext
1	without_grant
1	without_group
1	without_gvl
1	without_injected_scope
1	without_instrumentation
1	without_logging
1	without_memoization
1	without_memoization=
1	without_rails?
1	without_tenant
1	wlast
1	wma
1	wnck_screen_force_update
1	wnck_screen_get
1	wnck_window_get
1	wnck_window_get_name
1	wnck_window_get_screen
1	wnext
1	wnoutrefresh
1	wo_dm
1	women_formula
1	wordArray
1	wordWrap=
1	word_boundaries
1	word_correct
1	word_error_rate
1	word_file_folder_path
1	word_frequencies
1	word_list
1	word_metadata
1	word_stems
1	word_wrap
1	words=
1	words_container
1	wordwise?
1	workEmail=
1	work_day?
1	work_dir
1	work_dir=
1	workbench
1	workdir=
1	worker_class_registry
1	worker_concurrency
1	worker_count
1	worker_number
1	worker_pool
1	worker_processes
1	worker_timeout
1	worker_token
1	workflowDefinitionTicket=
1	workflow_client
1	workflow_executions
1	workflow_file
1	workflow_folder
1	workflow_mode
1	workflow_mode=
1	workflows
1	working_branch
1	working_dir=
1	working_path
1	working_tree_clean?
1	working_url
1	workload
1	workload=
1	workouts
1	worksheet_name
1	workspace_file
1	world=
1	world_space
1	wp_docker_list
1	wrap_all_assertions!
1	wrap_and_check
1	wrap_assertion
1	wrap_assertions_with
1	wrap_by_width
1	wrap_client
1	wrap_error
1	wrap_error_with_bare_state
1	wrap_fragment
1	wrap_html_for_pdf
1	wrap_in!
1	wrap_in_array
1	wrap_inline
1	wrap_input
1	wrap_methods
1	wrap_proc
1	wrap_process
1	wrap_replace_pattern
1	wrap_request_store
1	wrap_run
1	wrap_success
1	wrap_text
1	wrap_top
1	wrapped_client
1	wrapper2
1	wrapper_element
1	wraps?
1	wresize
1	wrikeToken
1	writable
1	writableClassName
1	writable_attributes
1	writable_tags?
1	write0
1	writeData
1	writeEntry
1	writeOLI
1	writeOffDebt
1	writeSI
1	write_array_of_char
1	write_array_of_int16
1	write_array_of_int32
1	write_array_of_type
1	write_array_of_uint
1	write_array_of_uint32
1	write_array_of_ulong_long
1	write_async
1	write_audio_block
1	write_audio_header
1	write_bit
1	write_bits
1	write_check
1	write_class_end
1	write_closing_tag
1	write_compiled_iseq
1	write_configs_encode_if_needed
1	write_configuration
1	write_credentials_to_config
1	write_cyclo_index
1	write_database_block
1	write_database_header
1	write_docs
1	write_double
1	write_double_attribute
1	write_duration
1	write_editor
1	write_encrypted_pem
1	write_entries
1	write_export
1	write_f32
1	write_f64
1	write_feed
1	write_file_end
1	write_file_header
1	write_files_for_definition_set
1	write_foot
1	write_framed_message
1	write_gpx
1	write_graphics_block
1	write_graphics_header
1	write_head
1	write_i16
1	write_i32
1	write_i64
1	write_i8
1	write_inheritable_attribute
1	write_initial_memory
1	write_int64
1	write_integer_attribute
1	write_interruptible
1	write_jpg
1	write_json_file
1	write_labels!
1	write_lock
1	write_lockfiles
1	write_master_markdown_file
1	write_master_smil
1	write_metadata_and_data
1	write_mode
1	write_ncc_html
1	write_noop
1	write_null_attribute
1	write_opening_tag
1	write_package_yml!
1	write_packet
1	write_page
1	write_pdf
1	write_pem
1	write_pid_file
1	write_plist
1	write_pointer
1	write_query_count
1	write_raster
1	write_renpy_script
1	write_result
1	write_results
1	write_row
1	write_session
1	write_simple
1	write_ssh_config!
1	write_state
1	write_static_translation_file
1	write_string_attribute
1	write_string_to_File
1	write_swarm
1	write_table
1	write_tags_to
1	write_tempfile
1	write_timesheet
1	write_title_smil
1	write_to_output
1	write_to_spreadsheet
1	write_to_stream
1	write_to_tmp_stderr
1	write_token_index
1	write_tree
1	write_tree_from
1	write_u16
1	write_u32
1	write_u64
1	write_u8
1	write_uint
1	write_user_data
1	write_version
1	write_version_file
1	write_with_handler
1	write_xlsx
1	writef
1	writefile
1	writeless
1	writeln
1	writenl
1	writerOptions
1	writes_code?
1	writes_to_file
1	writes_to_file_system?
1	writes_to_files
1	wrong
1	ws
1	ws_config
1	ws_ex_appwindow=
1	ws_ex_toolwindow=
1	ws_port
1	ws_url
1	wsse
1	wstrip
1	wtf
1	wubit
1	www_directory
1	wwwroot_dir
1	x2
1	x509_certificate
1	x86_64?
1	x_api_email
1	x_api_email=
1	x_api_key
1	x_api_token
1	x_api_token=
1	x_auth_token
1	x_axis_label=
1	x_height
1	x_label
1	x_marker
1	x_object
1	x_objects
1	x_resolution
1	x_resolution=
1	x_size
1	x_wr_calname=
1	x_y_from
1	xaal_serialize
1	xar_open
1	xarchive
1	xargs
1	xaxis
1	xcode_dir
1	xcode_project
1	xcodebuild_path
1	xcodeproj
1	xctool_path
1	xday=
1	xdg_config
1	xeno_signature
1	xero_api
1	xfa_form?
1	xform
1	xfr
1	xhtmlrenderer
1	xid_header
1	xliff
1	xlsx
1	xlsx_filename?
1	xmatch?
1	xmax
1	xmin
1	xml2obj
1	xmlChecksum
1	xmlNodeGetContent
1	xmlSecDSigCtxEnableReferenceTransform
1	xmlSecDSigCtxVerify
1	xmlSecEncCtxCreate
1	xmlSecEncCtxDecrypt
1	xmlSecErrorsDefaultCallback
1	xmlSecFindNode
1	xmlSecKeyCreate
1	xmlSecKeyDestroy
1	xmlSecKeyInfoCtxCreate
1	xmlSecKeyInfoCtxDestroy
1	xmlSecKeySetName
1	xmlSecKeysMngrCreate
1	xmlSecKeysMngrDestroy
1	xmlSecOpenSSLAppDefaultKeysMngrAdoptKey
1	xmlSecOpenSSLAppDefaultKeysMngrInit
1	xmlSecOpenSSLAppKeyCertLoad
1	xmlSecOpenSSLAppKeysMngrCertLoadMemory
1	xmlSecPtrListAdd
1	xmlSecPtrListGetItem
1	xmlSecPtrListGetSize
1	xmlSecTmplKeyInfoAddKeyName
1	xmlSecTmplKeyInfoAddX509Data
1	xmlSecTransformIdsGet
1	xmlSecTransformXsltGetKlass
1	xml_adapter_type
1	xml_attr_mappings=
1	xml_child_mappings=
1	xml_content
1	xml_decl
1	xml_document
1	xml_element
1	xml_elements
1	xml_format
1	xml_join
1	xml_mapping
1	xml_miner
1	xml_rpc
1	xml_set_parameter
1	xml_string
1	xml_to_bool
1	xml_to_date
1	xml_to_hash
1	xml_to_int
1	xml_to_json
1	xml_to_slim
1	xml_to_str
1	xml_type
1	xml_value
1	xmldata
1	xmlns=
1	xmlpath
1	xmlpath=
1	xmlsafe!
1	xmp_data
1	xmp_get_error
1	xnor
1	xobjects
1	xoff=
1	xor!
1	xor_secret
1	xor_strings
1	xpath_for
1	xpath_search
1	xpi
1	xquery
1	xrandr_available?
1	xrefs
1	xrefs=
1	xreftable
1	xrender_available?
1	xsdize
1	xsl?
1	xsl_html
1	xsl_template
1	xsystem
1	xtc?
1	xterm256_bg
1	xterm256_fg
1	xthickness
1	xvfb
1	xvfb_run_path
1	xxh32
1	xy2loc
1	y2
1	y_label
1	y_max
1	y_min
1	y_resolution
1	y_size
1	yaml?
1	yaml_adapter
1	yaml_content
1	yaml_falsey?
1	yaml_feature_profile
1	yaml_file?
1	yaml_load_file_compati
1	yaml_source_folder
1	yaml_str_to_dicts
1	yaml_truthy?
1	yandexsearch
1	yap_binpath=
1	yard_options
1	yardoc_file_for_gem
1	yards
1	yarn_index
1	yauth_account
1	yauth_account_id=
1	yauth_host=
1	yauth_user
1	yawareness_update
1	yaxml2json
1	yaxmlnode2json
1	ycomb
1	ydiff_attrs
1	ydiff_insert
1	ydoc_transact
1	year_name
1	years_ago
1	years_since
1	years_to_words
1	yeild
1	yellow_on_black
1	yelow
1	yertle_slow_time
1	yes
1	yes_always=
1	yes_no_menu
1	yesterday?
1	yf
1	yield_jobs
1	yield_self
1	ymax
1	ymin
1	ymlconf
1	yoff=
1	youknowme!
1	yours?
1	youtube_duration_to_seconds
1	yp_get_default_domain
1	yp_match
1	ype
1	yperr_string
1	yrx_compile
1	yrx_compiler_build
1	yrx_compiler_create
1	yrx_compiler_destroy
1	yrx_last_error
1	yrx_pattern_identifier
1	yrx_pattern_iter_matches
1	yrx_rule_identifier
1	yrx_rule_iter_metadata
1	yrx_rule_iter_patterns
1	yrx_rule_iter_tags
1	yrx_rule_namespace
1	yrx_rules_destroy
1	yrx_rules_iter
1	yrx_scanner_create
1	yrx_scanner_destroy
1	yrx_scanner_on_matching_rule
1	yrx_scanner_scan
1	yrx_scanner_set_global_bool
1	yrx_scanner_set_global_float
1	yrx_scanner_set_global_int
1	yrx_scanner_set_global_str
1	yscrollcommand
1	ythickness
1	ytransaction_apply_update
1	ytransaction_apply_update_v2
1	ytransaction_commit
1	ytransaction_state_vector
1	ytransaction_state_vector_v2
1	yui_compressor
1	yview
1	yyerror
1	yyyymmdd
1	yyyymmdd_hhmmss
1	z0?
1	z2h_h
1	z2h_h2z
1	zError
1	zanzou_class
1	zeebe_url
1	zemu_debug_get_memory
1	zemu_debug_halted
1	zemu_debug_pc
1	zemu_debug_register
1	zemu_debug_step
1	zemu_free
1	zemu_init
1	zemu_power_off
1	zemu_power_on
1	zemu_reset
1	zemu_set_io_clock_handler
1	zemu_set_io_read_handler
1	zemu_set_io_write_handler
1	zemu_set_mem_read_handler
1	zemu_set_mem_write_handler
1	zen
1	zencoder_enabled=
1	zenodo_pdf
1	zero!
1	zero_count
1	zero_data_retention
1	zero_threshold
1	zf=
1	zf?
1	zfp_compress
1	zfp_decompress
1	zfp_field_alloc
1	zfp_field_free
1	zfp_field_set_pointer
1	zfp_field_set_size_1d
1	zfp_field_set_size_2d
1	zfp_field_set_size_3d
1	zfp_field_set_size_4d
1	zfp_field_set_type
1	zfp_stream_close
1	zfp_stream_maximum_size
1	zfp_stream_open
1	zfp_stream_rewind
1	zfp_stream_set_accuracy
1	zfp_stream_set_bit_stream
1	zfp_stream_set_precision
1	zfp_stream_set_rate
1	zfp_stream_set_reversible
1	zfs_path
1	zfsget
1	zh_convt
1	zigzig?
1	zip=
1	zip_4
1	zip_5
1	zip_archive
1	zip_futures
1	zip_futures_on
1	zip_results
1	zip_to_slug
1	zip_valid?
1	zipcode
1	zipcode_hash
1	zipkey
1	zipline_create
1	zipname
1	zlevels
1	zmprov_aaa
1	zmprov_adla
1	zmprov_adlm
1	zmprov_ca
1	zmprov_cdl
1	zombies
1	zone_default=
1	zone_for_cluster
1	zone_id
1	zone_identifier
1	zone_name
1	zone_offset
1	zoom_to_box
1	zoroban?
1	zpopmin
1	zsh_completion
1	zstd_compress
1	zstd_compress_bound
1	zstd_create_dctx
1	zstd_decompress
1	zstd_decompress_begin
1	zstd_decompress_continue
1	zstd_find_decompressed_size
1	zstd_free_dctx
1	zstd_get_error_name
1	zstd_get_frame_header
1	zstd_get_frame_params
1	zstd_is_error
1	zstd_next_src_size_to_deompress
1	zstd_version_number
1	zulage
1	zulu
1	zwischensumme_netto
1	 10
1	λ
1	→
1	∃_enclosures
1	🔥
