count	call
1588	new
1131	[]
539	expand_path
438	add_identifier
392	empty?
379	include?
366	join
334	parse
251	call
249	first
233	delete
229	split
214	dirname
214	unshift
205	extend
201	length
200	include
191	dup
179	merge
170	match
154	gsub
150	keys
146	any?
144	respond_to?
140	key?
134	to_a
133	load
132	on_load
132	sort
128	name
127	read
125	to_sym
123	size
120	open
115	logger
112	merge!
111	find
109	config
108	require_relative
107	last
103	close
103	warn
102	Array
102	glob
99	body
99	collect
97	each
97	fetch
96	synchronize
94	const_get
94	shift
92	lambda
92	path
92	strip
86	gsub!
86	register
85	puts
84	setup
83	prepend
82	current
82	debug
81	instance
80	to_s
79	to_h
79	version
78	pack
77	flatten
73	===
73	downcase
72	uniq
71	get
71	mkdir_p
70	class
70	count
68	const_defined?
68	pop
68	sort_by
68	start_with?
67	configure
67	start
67	values
66	unpack
65	code
65	hexdigest
65	info
64	error
63	instance_variable_set
63	write
62	compact
62	dump
62	reverse
61	index
60	map!
60	scan
59	has_key?
59	object_id
59	sub
58	all?
58	clear
58	push
58	to_json
57	present?
56	message
56	value
55	fail
55	with_index
54	level=
54	root
53	env
53	exist?
53	run
53	update
52	use_ssl=
51	for_gem
50	load_file
49	children
49	encode
48	instance_variable_get
48	pwd
47	+@
46	blank?
46	each_key
46	request
45	delete_if
45	inspect
45	options
43	parent
43	status
42	add
42	arity
42	gem
42	scheme
41	concat
41	headers
41	host
41	ignore
41	post
40	generate
40	map
40	sub!
39	execute
39	replace
39	to_f
38	application
38	configuration
38	end_with?
37	exists?
36	URI
36	__dir__
36	backtrace
36	slice
35	match?
35	type
34	autoload
34	body=
34	method
33	[]=
33	each_value
33	force_encoding
33	hash
33	strftime
33	success?
33	tty?
33	verify_mode=
32	attributes
32	build
32	detect
32	port
32	reject!
32	upcase
31	clone
31	digest
31	print
31	round
31	text
30	create
30	each_line
30	each_with_index
30	escape
30	formatter=
30	instance_methods
30	singleton_class
30	source
29	all
29	decode
29	loaded_specs
29	url
29	uuid
28	extname
28	flush
28	result
28	safe_load
28	to_hash
28	to_set
28	tr
27	caller
27	chdir
27	inflector
27	read_timeout=
27	select
27	sync=
27	timeout
26	Pathname
26	const_set
26	flatten!
26	inflect
26	max
26	min
26	slice!
26	strict_encode64
26	superclass
26	to_enum
25	data
25	encode64
25	freeze
25	group_by
25	instance_exec
25	kill
25	module_eval
25	pretty_generate
25	reset
24	ancestors
24	enum_for
24	instance_method
24	load_path
23	chomp
23	content
23	format
23	gets
23	reverse_each
23	times
23	where
22	connect
22	constantize
22	constants
22	equal?
22	exit
22	for
22	instance_variable_defined?
22	instance_variables
22	lines
22	query=
22	wrap
21	connection
21	init
21	output
21	transform_keys
21	transform_values
21	unlink
21	valid_encoding?
20	bytesize
20	define_singleton_method
20	file
20	hex
20	insert
20	log
20	pipe
20	query
20	set
20	try
20	uniq!
20	zero?
19	<=>
19	send_request
19	stat
19	strip!
18	__send__
18	arguments
18	at
18	closed?
18	decode64
18	end
18	executable?
18	exitstatus
18	floor
18	grep
18	key=
18	last_match
18	method_defined?
18	mtime
18	response
18	rewind
18	select!
18	sort!
18	to_str
18	to_xml
18	underscore
18	xpath
17	captures
17	descendants
17	elements
17	encode_www_form
17	encoding
17	entries
17	fork
17	mkdir
17	open_timeout=
17	process
17	sort_by!
17	string
17	symbolize_keys
17	to_yaml
17	zip
16	XML
16	binmode
16	bytes
16	camelize
16	eql?
16	finish
16	foreach
16	gethostname
16	id
16	iso8601
16	logger=
16	ord
16	parameters
16	partition
16	readlines
15	begin
15	bind
15	compact!
15	debug?
15	each_slice
15	filename
15	key
15	list
15	mktmpdir
15	none?
15	remove
15	render
15	reverse!
15	rm_rf
15	to_i
15	win_platform?
14	add_module
14	basic_auth
14	except
14	filter_map
14	header
14	methods
14	mv
14	remove_const
14	source_location
14	t
14	union
14	unpack1
13	add_offense
13	chars
13	chr
13	default_external=
13	each_char
13	eager_load
13	file?
13	let
13	member?
13	metadata
13	plugins
13	realpath
13	receiver
13	set_backtrace
13	shutdown
13	subscribe
13	sum
13	throw
13	tr!
13	valid?
13	version=
13	with
12	absolute?
12	add_config!
12	address
12	ca_file=
12	capture3
12	cop_config
12	decrypt
12	delete_at
12	diff
12	eager_load!
12	encrypt
12	exit!
12	find_all
12	load!
12	loop
12	namespace
12	password
12	path=
12	presence
12	seek
12	transaction
12	unescape
12	use
12	values_at
12	wait
11	abs
11	absolute_path
11	chmod
11	classify
11	content_type
11	context
11	cp
11	default
11	development?
11	each_index
11	each_object
11	enable
11	encode!
11	errors
11	extensions
11	group
11	inject
11	put
11	rand
11	require_jar
11	rm
11	stop
11	to
11	with_indifferent_access
10	basename
10	caller_locations
10	chomp!
10	client
10	cp_r
10	css
10	deep_merge
10	downcase!
10	files
10	flock
10	hooks
10	insert_after
10	max_by
10	metadata=
10	method_name
10	mode
10	params
10	patch
10	pos
10	post_match
10	reduce
10	relative_path_from
10	release
10	store
10	test
10	test?
10	to_html
10	validate
10	value=
9	abort
9	add_field
9	add_operation
9	attr
9	compile
9	coverage_path
9	default_internal=
9	description
9	detach
9	each_byte
9	extract_options!
9	fatal
9	final
9	find_by_name
9	http_request
9	iv=
9	line
9	loc
9	location
9	now
9	popen
9	pos=
9	properties
9	public_methods
9	push_dir
9	register_command
9	register_tag
9	rjust
9	satisfied_by?
9	scrub
9	set?
9	settings
9	sign
9	source_range
9	style
9	table_name
9	take
9	urlsafe_encode64
9	utc
9	windows?
8	Rational
8	__getobj__
8	alias_method
8	alive?
8	args
8	aws_partition
8	boolean_equals?
8	byteslice
8	cast
8	chop!
8	convert
8	define
8	delete_prefix
8	dependencies
8	endpoint_provider
8	fields
8	from_string
8	html_safe
8	infinite?
8	lazy
8	normalize
8	operation_name
8	owner
8	pluck
8	pp
8	progname=
8	public_instance_methods
8	red
8	redis
8	regional_endpoint
8	request_uri
8	resolve_auth_scheme
8	safe_constantize
8	save
8	search
8	setsockopt
8	skip
8	spawn
8	sync
8	tmpdir
8	to_int
8	to_time
8	use_dualstack_endpoint
8	use_fips_endpoint
8	use_ssl?
8	user
8	waitpid
8	writable?
7	BigDecimal
7	HTML
7	adapter
7	add_child
7	add_element
7	apply
7	ask
7	attach_to
7	casecmp
7	ceil
7	class_attribute
7	cleanpath
7	collapse
7	collect!
7	column
7	commands
7	compare_by_identity
7	connection_pool
7	create_key
7	credentials
7	days
7	defaults
7	each_pair
7	enabled?
7	exclude_end?
7	first_argument
7	frozen?
7	head
7	helper
7	inflector=
7	install
7	instrument
7	invert
7	klass
7	limit
7	lineno
7	load_locales
7	method?
7	mkpath
7	model
7	name=
7	names
7	nan?
7	notify
7	on
7	password=
7	popen3
7	positive?
7	private_instance_methods
7	private_methods
7	public_key
7	rename
7	require_rel
7	rindex
7	rm_f
7	sample
7	scope
7	send_type?
7	stringify_keys
7	subject
7	tags
7	text=
7	time
7	title
7	to_r
7	today
7	trace
7	validate!
7	winsize
6	Proxy
6	add_hook
6	allocate
6	ascii_only?
6	at_xpath
6	banner
6	bind_call
6	cert_store=
6	clean
6	cmd
6	coerce
6	color
6	cover?
6	crc32
6	date
6	day
6	deep_symbolize_keys
6	default=
6	default_options
6	define_finalizer
6	dir
6	directory?
6	drop
6	each_ancestor
6	enabled=
6	filter
6	find_all_by_name
6	from
6	from_hash
6	getc
6	git
6	host=
6	hostname
6	hour
6	href
6	http_body
6	insert_before
6	invoke
6	ipv4?
6	items
6	java
6	lang
6	load_yaml_configuration
6	local
6	main
6	members
6	merge_with_default
6	node
6	offset
6	parts
6	printf
6	private_method_defined?
6	processed_source
6	production?
6	queue
6	quote
6	random_bytes
6	rows
6	say
6	set_encoding
6	set_form_data
6	shape
6	singleton_methods
6	site
6	started?
6	state
6	stderr
6	stdout
6	strptime
6	subject=
6	tag
6	take_while
6	to_ary
6	to_date
6	to_path
6	total
6	unlock
6	unscoped
6	url_encode
6	user_agent
6	verbose
6	wait_for_termination
6	wday
6	year
6	zone
5	__id__
5	accept
5	add_attribute
5	add_namespace
5	add_previous_sibling
5	ago
5	as_json
5	at_css
5	attr_accessor
5	attribute_nodes
5	authenticate
5	before
5	block
5	boot
5	cache
5	call!
5	capitalize
5	codepoints
5	colorize
5	command
5	command_name
5	config=
5	content=
5	content_tag
5	cookies
5	copy
5	covered_lines
5	debugging=
5	debugging?
5	default_configuration
5	deflate
5	deliver
5	desc
5	disable
5	disconnect
5	do_not_eager_load
5	doc
5	each_codepoint
5	email
5	enabled
5	encode_www_form_component
5	eq
5	establish_connection
5	exclude?
5	exec
5	execute_script
5	extract
5	fragment
5	full_gem_path
5	gem_dir
5	gem_version
5	get_response
5	getaddrinfo
5	getwd
5	handle
5	httpdate
5	in?
5	inflate
5	kind
5	label
5	locale
5	lookup
5	measure
5	module_function
5	number
5	object
5	of
5	options=
5	os
5	output=
5	owned?
5	parse_file
5	perform
5	pre_match
5	primary_key
5	public_key=
5	random
5	read_string
5	readline
5	recv
5	registers
5	registry
5	remove_namespaces!
5	report
5	reset!
5	rm_r
5	routes
5	run_load_hooks
5	serialize
5	shell
5	show
5	signature
5	singularize
5	source=
5	sources
5	status=
5	str_type?
5	subclasses
5	sync_close=
5	tag!
5	tag=
5	task
5	transpose
5	truncate
5	types
5	unsubscribe
5	user_agent_frameworks
5	verify
5	wait_readable
5	waitpid2
5	width
5	with_connection
5	xml
4	POST
4	active?
4	adapter_name
4	add?
4	add_next_sibling
4	add_text
4	added_files
4	after_initialize
4	arel_table
4	assert_valid_keys
4	assoc
4	attribute
4	available?
4	backend
4	begin_pos
4	begin_type?
4	binread
4	body_stream
4	body_stream=
4	branch_coverage?
4	ca_file
4	callback
4	cause
4	cert=
4	chop
4	class_exec
4	column_names
4	columns
4	configure_server
4	connection=
4	connection_db_config
4	contents
4	coverage
4	covered_percent
4	currency
4	document
4	dot
4	driver
4	duration
4	enable!
4	eof?
4	exception
4	expression
4	fcntl
4	find_files
4	fnmatch?
4	fragment=
4	get_attribute
4	get_header
4	getbyte
4	handle_interrupt
4	hash_type?
4	headers=
4	import
4	included_modules
4	increment
4	indent
4	interval
4	io
4	keep_if
4	last_argument
4	left_sibling
4	listen
4	loader
4	local_variable_get
4	lock
4	mask
4	matches
4	minute
4	minutes
4	modified_files
4	month
4	negative?
4	next_tick
4	normalize!
4	ok?
4	one?
4	orm
4	pairs
4	parenthesized?
4	parse_with_comments
4	parsed
4	path_info
4	payload
4	pid
4	pluralize
4	prepare
4	private
4	private_class_method
4	proxy
4	public
4	publish
4	quote_column_name
4	quote_table_name
4	raise
4	raw
4	raw_connection
4	reactor_running?
4	read_nonblock
4	read_pointer
4	realtime
4	regexp
4	register_filter
4	relative_path
4	remove_attribute
4	reorder
4	rest
4	rstrip
4	run_callbacks
4	run_command
4	running?
4	s
4	sanitize
4	seconds
4	segments
4	selector
4	service
4	session
4	set_debug_output
4	setup!
4	setup_gem_load_path
4	sexp_type
4	shelljoin
4	shellsplit
4	squish
4	ssl_version=
4	stream
4	strict_decode64
4	success
4	target
4	template
4	timing
4	to_datetime
4	to_numo
4	to_pem
4	to_proc
4	total_lines
4	touch
4	tracer
4	translate
4	try_convert
4	type?
4	ui
4	uid
4	undef_method
4	upload
4	uri
4	user=
4	verify_callback=
4	which
4	write_array_of_pointer
4	yellow
3	ArgumentError
3	Sequence
3	__setobj__
3	abort_on_exception=
3	access_token
3	adapter=
3	add_cert
3	addr
3	after_fork
3	alert
3	aliases
3	all_errors_are_fatal=
3	amount
3	announce
3	apiVersion
3	api_key=
3	api_version
3	append
3	append_path
3	apply!
3	ascend
3	assert
3	attr_reader
3	attributes=
3	auth
3	auth=
3	auth_data=
3	author
3	authorization=
3	backend=
3	backtrace_locations
3	base64
3	before_action
3	before_filter
3	before_scenario
3	block_size
3	block_type?
3	bold
3	braces?
3	browser
3	capture2e
3	cast_to
3	change
3	charset
3	checks
3	child
3	class_variable_get
3	clear!
3	collect_namespaces
3	collection
3	column_size
3	compact=
3	compatible?
3	compress
3	configure_client
3	connected?
3	connection_config
3	connection_handler
3	console
3	const_name
3	const_type?
3	content_type=
3	context=
3	cookie=
3	correct
3	coverage_statistics
3	covered_branches
3	create_id=
3	ctime
3	current_span
3	database
3	debug!
3	debug_dev=
3	decode_www_form_component
3	decoded
3	decompress
3	decorate
3	deep_dup
3	deep_merge!
3	def_type?
3	default_adapter
3	default_external
3	default_locale=
3	default_port
3	default_url_options
3	definitions
3	delegate
3	delete!
3	delete_suffix
3	demodulize
3	describe
3	deserialize
3	destroy
3	dev
3	diagnostics
3	disable!
3	display
3	distinct
3	e
3	each_child_node
3	each_descendant
3	eager_autoload!
3	element?
3	endpoint
3	enforce_available_locales=
3	errback
3	error_handler
3	error_string
3	escapeHTML
3	evalsha
3	example
3	examples
3	execution_result
3	expires_in
3	extension
3	external_encoding
3	factories
3	family
3	file_name
3	file_path
3	fill
3	find_converter_instance
3	find_elements
3	find_in_batches
3	find_type
3	fit
3	for_file
3	format_time
3	formatter
3	free
3	from_file
3	full_messages
3	gauge
3	get?
3	getch
3	glob_require
3	grep_v
3	height
3	helper_method
3	helpers
3	hget
3	hours
3	html_part
3	id=
3	identical?
3	import_module
3	in_time_zone
3	includes
3	indexes
3	indices
3	inflections
3	initialize!
3	inner_html
3	install!
3	instruct!
3	integer?
3	isatty
3	issuer=
3	items=
3	l
3	lambda?
3	leap?
3	left
3	level
3	load_paths
3	loaded
3	locked?
3	login
3	lstrip
3	lstrip!
3	make
3	messages
3	mime_type
3	min_by
3	module_name
3	mon_initialize
3	msg
3	multipart?
3	must
3	n
3	named_captures
3	namespace=
3	namespaces
3	next
3	nkf
3	not
3	not_after=
3	not_before=
3	null?
3	odd?
3	open_timeout
3	operator
3	optimize
3	or
3	out
3	output_ext
3	page=
3	pages
3	parent=
3	parse!
3	parse_nested_query
3	parse_string
3	paths
3	patterns
3	pbkdf2_hmac
3	permalink
3	platforms
3	podfile
3	prefix
3	pretty_inspect
3	priority=
3	private_decrypt
3	protected_method_defined?
3	public?
3	putc
3	query_values=
3	rails?
3	random_number
3	range
3	range_between
3	read_array_of_float
3	reason
3	receive_timeout=
3	recheck
3	reload!
3	remote_ip
3	remove_method
3	reopen
3	request_method
3	required
3	resize
3	resolve
3	reverse_merge!
3	rfc3339
3	right
3	root=
3	row
3	rpartition
3	satisfies?
3	scheme=
3	sec
3	section
3	send_node
3	separator
3	serial=
3	set_attribute
3	set_auth
3	set_trust_ca
3	sibling_index
3	signaled?
3	silence
3	size?
3	slug
3	smembers
3	source_buffer
3	specs
3	sql_query_propagator
3	ssl_config
3	state=
3	states
3	strategies
3	subset?
3	switch_to
3	symbolize_names
3	termsig
3	text?
3	text_part
3	time_zone
3	titleize
3	to=
3	to_ascii
3	to_bytes
3	token
3	total_branches
3	tracker
3	transform_keys!
3	transform_values!
3	transport
3	true?
3	type_for
3	unescapeHTML
3	ungetc
3	unsafe_load_file
3	upcase!
3	url_helpers
3	urlsafe_decode64
3	usec
3	username
3	using
3	utime
3	verify_depth=
3	verify_mode
3	wakeup
3	warnings
3	within
3	write?
3	write_bytes
3	write_timeout=
3	yield
2	+
2	BinarySecurityToken
2	ExecQuery
2	GET
2	Hash
2	JSON
2	Login
2	LoginByToken
2	Logout
2	Nokogiri
2	Rainbow
2	RetrieveProperties
2	RetrieveServiceContent
2	ServiceInstance
2	Signature
2	SignedInfo
2	Sync
2	System
2	Timestamp
2	UsernameToken
2	XSLT
2	_delete
2	_dup_string_if_frozen
2	_errorable_registry=
2	abort_with
2	about
2	absolute_path?
2	abstract_class?
2	access_token=
2	account_id
2	action_dispatch
2	active
2	active=
2	active_record
2	adapters
2	add_attributes
2	add_dll_directory
2	add_headers
2	add_index
2	add_injector
2	add_namespace_definition
2	add_observer
2	add_schema
2	add_selector
2	add_silencer
2	after_run
2	after_save
2	after_scenario
2	aggregate
2	alias?
2	align
2	allow
2	allowed_element?
2	already_ignored_entries_with_empty_notes
2	analyze
2	and_return
2	andand
2	annotation
2	api
2	api_key
2	app
2	application_name
2	apply_subs
2	apply_to
2	arel
2	arel_node?
2	arg
2	arguments?
2	array
2	array_type?
2	artifactory_api_key
2	as_text
2	asarray
2	associate
2	at_exit
2	attach_function
2	attachments
2	attribute_with_ns
2	auth_code
2	auth_tag=
2	authenticate!
2	authenticated?
2	authorization_method
2	autoload?
2	autoload_paths
2	available_locales
2	b
2	backtrace_cleaner
2	backtrace_reject=
2	banner=
2	base_class
2	base_uri
2	base_url
2	basic?
2	before_failure
2	before_validation
2	between
2	binmode?
2	blksize
2	block_node
2	boolean
2	bot?
2	branches
2	broadcast
2	buffer
2	bundle_path
2	bust_cache!
2	by_name
2	byte_size
2	cache_key
2	cache_store
2	cached_files
2	camelcase
2	cancel
2	canonname
2	capabilities
2	capture2
2	category
2	cattr_accessor
2	cbor_diagnostic
2	cbor_prepare_deterministic
2	cc
2	cd
2	cdata_escape
2	cdata_needs_escaping?
2	center
2	certificate
2	chain
2	check
2	checkcache
2	checkout
2	child_nodes
2	children=
2	chunk_while
2	cities
2	clamp
2	class_options
2	class_type?
2	class_variables
2	cleanup
2	clear_active_connections!
2	clear_all_connections!
2	clear_file_cache
2	client_cert
2	client_credentials
2	clip
2	close!
2	close_read
2	close_write
2	column_count
2	column_stack
2	combination
2	comment
2	comments
2	commit
2	compare
2	compile_string
2	complete?
2	conditions
2	conf
2	configs_for
2	configuration_hash
2	configurations
2	connect_nonblock
2	content_length
2	content_length=
2	contexts
2	continue_timeout=
2	cookbook
2	cookie_jar
2	coordinates
2	cop_name
2	copyright
2	correct?
2	counters
2	countries
2	cpu
2	create_pipeline_message
2	create_table
2	critical
2	critical=
2	crop
2	crypt
2	current=
2	curry
2	curve_name
2	custom_options=
2	d
2	daemon
2	data=
2	databasecolumn
2	databasetype
2	datetime
2	datetime_format=
2	db_config
2	db_dir=
2	debug=
2	decode_json
2	decode_www_form
2	decrypt_and_verify
2	decrypt_crypto_key
2	deep_freeze!
2	deep_merge_hashes
2	deep_sort
2	default_configuration=
2	default_driver=
2	default_format=
2	default_gemfile
2	default_header=
2	default_internal
2	default_max_retries
2	default_page_size
2	defaults!
2	definition
2	defs_type?
2	del
2	delete?
2	delete_prefix!
2	delimiter
2	delivery_method
2	denominator
2	depend_on
2	deploy
2	deprecate
2	deprecate_constant
2	deprecated
2	deprecated?
2	deprecation_warning
2	description=
2	destination
2	detail
2	device
2	diff_for_file
2	digest_length
2	directives
2	disabled=
2	disabled?
2	disconnected?
2	discover!
2	distance
2	divmod
2	do_not_reverse_lookup=
2	docidentifier
2	docs
2	docstring
2	doctype
2	domains
2	done
2	drop_while
2	duplicable?
2	each_capitalized
2	each_cons
2	each_element
2	each_entry
2	each_header
2	each_node
2	each_row
2	elapsed_time
2	element
2	emails
2	enable_cache
2	encode_from_single_bytes
2	encrypt_and_sign
2	encrypt_crypto_key
2	end_pos
2	ensure_application_exists!
2	entry
2	env=
2	errno
2	error_message
2	escape_html
2	evaluate
2	event
2	events
2	exception_handler
2	exec_params
2	exec_query
2	execute_async_script
2	exists
2	exitcode
2	expand
2	export
2	failed
2	feature
2	features
2	feed
2	field
2	fields=
2	filenames
2	filter_warnings
2	filters
2	find_by
2	find_external_lib_dir
2	find_index
2	finished?
2	fix
2	fixed_length_secure_compare
2	flat
2	flatten_params
2	font
2	format=
2	format_version
2	format_version=
2	fragments
2	fresh_when
2	from_config
2	from_options
2	from_path
2	from_xml
2	from_yaml
2	full_message
2	full_methods_desc
2	full_props_desc
2	full_version
2	gc_pause_server_request=
2	gem_path
2	generate_class
2	generate_id
2	generate_line
2	generator
2	get_application_default
2	get_logger
2	get_or_set
2	get_resolv_info
2	get_text
2	get_token
2	getaddress
2	getaddresses
2	getline
2	getlines
2	getlocal
2	getpgid
2	getsockopt
2	gid
2	global_logger=
2	gmtime
2	grammar
2	green
2	grid
2	gss_unwrap_iov
2	gss_wrap_iov
2	handle_error
2	has_attribute?
2	hash_key
2	hdel
2	head?
2	help
2	hgetall
2	hide
2	html?
2	http
2	http_code
2	http_config
2	http_method
2	id2name
2	identifier
2	identity
2	ignore_node
2	ignored_files
2	ignored_filter=
2	in
2	in_bundle?
2	index_exists?
2	init!
2	init_context
2	init_plugin
2	initialize_checks
2	inner_text
2	install_assets
2	instance=
2	instance_of?
2	instructions=
2	integer
2	internal
2	internal?
2	intersection
2	ip_address_list
2	is_a?
2	isnan
2	javascript_driver=
2	job
2	jobs
2	keep_alive_timeout=
2	key_id
2	kill_process
2	klass_name
2	last_line
2	latest_spec_for
2	layouts
2	ldexp
2	lex
2	limit_value
2	links
2	lint
2	lint!
2	listeners
2	load_all
2	load_brakeman_dependency
2	load_integrations
2	load_plugins
2	loaded=
2	loaded_features
2	local_address
2	local_variable_set
2	locale=
2	localtime
2	locked_gems
2	log_level=
2	logical
2	logout
2	lookup_ip_string
2	lstat
2	lvar_type?
2	lvm_version
2	macro
2	major
2	make_creds
2	make_excludes_absolute
2	make_false
2	make_true
2	manage
2	management
2	manifest
2	map_rows
2	mappings
2	marshal_dump
2	matches?
2	max_fragment_blob_size
2	max_line_length
2	max_network_retries
2	me
2	meta
2	method_locations
2	methods_desc
2	metric
2	middleware
2	migrations_paths=
2	minmax_by
2	minor
2	missingSet
2	missing_checks
2	mode=
2	model_name
2	module_parent_name
2	module_type?
2	mon
2	move
2	msg2str
2	multi
2	multiline?
2	named
2	named_routes
2	ndim
2	new_client
2	new_cond
2	next_cursor
2	next_month
2	next_sibling
2	next_year
2	nil?
2	node_name
2	node_parts
2	noecho
2	normalize_offset
2	normalize_system_path
2	not_to?
2	notify_exception
2	nsec
2	numerator
2	objects
2	objects_to_ids
2	oct
2	on_complete
2	open_buffer
2	open_uri
2	optional_checks
2	opts
2	order
2	orders
2	original_url
2	os_name
2	outputters=
2	pack_sockaddr_in
2	pack_sockaddr_un
2	pad
2	padding=
2	page
2	page_report
2	parse_resolv_conf
2	parser
2	pass
2	passed
2	pathname
2	peek
2	peer_cert
2	peeraddr
2	percent
2	perform_deliveries
2	perform_later
2	perform_request
2	phone
2	pick
2	pipelined
2	platform
2	port=
2	post?
2	pre_install
2	prediction
2	preferred_factory
2	prepend_before_filter
2	preprocess
2	prerelease?
2	previous=
2	priority
2	private_key
2	private_key=
2	process_mine?
2	process_running?
2	product
2	productcode
2	project
2	project_id
2	propSet
2	properties=
2	property
2	propertyCollector
2	props_desc
2	provider
2	proxy=
2	put_pointer
2	query_values
2	queues
2	quiet
2	quiet=
2	quo
2	rails_console?
2	raises
2	range_by_whole_lines
2	range_with_surrounding_space
2	rationalize
2	read_from_file
2	read_int
2	read_new
2	read_pid
2	read_timeout
2	reading_body
2	readlink
2	real
2	real_path
2	record
2	recv_reply
2	recvfrom
2	reference
2	reflections
2	register_alias
2	register_driver
2	register_engine
2	register_rb_hook
2	register_task
2	register_template_handler
2	register_template_path
2	register_type
2	relation
2	remap_file
2	remap_file_lines
2	remove_instance_variable
2	renamed_files
2	report_on_exception=
2	repository
2	request_headers
2	require_environment!
2	require_paths
2	required?
2	requires
2	res
2	reshape
2	response_header
2	responses
2	restart
2	retrieve
2	retry
2	returns
2	reverse_merge
2	role
2	rootFolder
2	root_dir
2	row_count
2	row_size
2	rule
2	run!
2	run_checks
2	running
2	runtime_dependencies
2	sadd
2	safe
2	safe_load_file
2	safe_name
2	scan_each
2	scan_until
2	scenario_outline
2	schemas
2	script
2	script_name
2	scrub!
2	seal_message
2	searchIndex
2	secret
2	secret_key
2	secure_compare
2	seed
2	select_value
2	select_values
2	self
2	send_error
2	server_url
2	sessionManager
2	set_attr
2	set_client_cert_file
2	set_default_paths
2	set_notice_processor
2	set_range
2	setbyte
2	shellescape
2	shellwords
2	short
2	sidekiq_options
2	sign_message
2	sign_request
2	signal
2	silence_warnings
2	singleton_class?
2	sismember
2	skip_verify_env
2	sleep
2	soap_envelope
2	socket
2	source_root
2	spec
2	sql
2	sqrt
2	starts_with?
2	static_files
2	stats
2	status_code
2	stddev
2	stopsig
2	strict=
2	strip_heredoc
2	stub_request
2	sub_ext
2	subscribers
2	succ
2	succ!
2	summary
2	swap
2	sym_type?
2	symbolize_keys!
2	symlink?
2	system
2	table
2	table_exists?
2	tabs
2	tagged
2	tail
2	tally
2	target!
2	tcp
2	telemetry_provider
2	template_name=
2	term
2	terminal_size
2	terminate
2	test_mode
2	test_to_normal
2	thread_variable_set
2	time=
2	timed_out?
2	timeout=
2	title=
2	to_cbor
2	to_css
2	to_der
2	to_java
2	to_line
2	to_options
2	to_png
2	to_prepare
2	to_query
2	to_rack
2	to_sentence
2	to_table
2	to_unsafe_h
2	to_uri
2	to_xhtml
2	to_xslt
2	token=
2	tokenize
2	top_level_tasks
2	trace_line_numbers
2	trace_object_allocations_start
2	tracer_provider
2	transform
2	trigger
2	try_lock
2	twitter=
2	type=
2	type_alias
2	type_member
2	unicode_names=
2	unicode_normalize
2	unicode_normalize!
2	unix
2	unix?
2	unknown
2	unpack_sockaddr_in
2	unpacker
2	unparsed_value
2	unsafe_load
2	unscope
2	unseal_message
2	unused_fingerprints
2	update_all
2	update_cache
2	updated_at
2	upto
2	url=
2	urlsafe_base64
2	usage
2	usage=
2	user_agent=
2	user_home
2	userinfo
2	username=
2	val
2	validate_filters
2	value?
2	values_match?
2	variant
2	vector_names
2	verify_signature
2	versions
2	view
2	view_paths
2	vm
2	wait2
2	wait_timeout
2	warden_config
2	weakref_alive?
2	where_clause
2	white
2	width=
2	window_handle
2	with_locale
2	with_object
2	world
2	write_array_of_float
2	write_int
2	write_to
2	wsdl_name
2	wsdl_name=
2	www_auth
2	x=
2	xml?
2	xmlschema
2	xstr_type?
2	y=
2	yes_no
2	yields
2	yml
2	zeros
1	AddMatch
1	AfterConfiguration
1	AfterStep
1	Async
1	AutoDateFormatter
1	AutoDateLocator
1	Buffer
1	CFArrayAppendValue
1	CFArrayApplyFunction
1	CFArrayCreate
1	CFArrayGetCount
1	CFArrayGetValueAtIndex
1	CFArraySetValueAtIndex
1	CFBooleanGetValue
1	CFCopyDescription
1	CFDataCreate
1	CFDataGetBytePtr
1	CFDataGetLength
1	CFDateCreate
1	CFDateGetAbsoluteTime
1	CFDictionaryApplyFunction
1	CFDictionaryCreateMutable
1	CFDictionaryGetCount
1	CFDictionaryGetValue
1	CFDictionarySetValue
1	CFEqual
1	CFGetTypeID
1	CFHash
1	CFNumberCompare
1	CFNumberCreate
1	CFNumberGetValue
1	CFNumberIsFloatType
1	CFStringCompare
1	CFStringCreateWithBytes
1	CFStringGetBytes
1	CFStringGetLength
1	CFStringGetMaximumSizeForEncoding
1	Chebyshev
1	Class
1	ClearEventLog
1	CliNotAvailableError
1	CloseEventLog
1	CloseHandle
1	Color
1	Complex
1	ConnectServer
1	CreateEvent
1	CreateFile
1	CreateFileMapping
1	CreateMutexW
1	CreateSemaphore
1	DataDictionary
1	Database
1	EvtClose
1	EvtGetPublisherMetadataProperty
1	EvtOpenPublisherMetadata
1	ExpandEnvironmentStrings
1	Fail
1	File
1	FileModifyDate
1	FormatMessage
1	FreeLibrary
1	Get
1	GetConnectionCredentials
1	GetEventLogInformation
1	GetNameOwner
1	GetNumberOfEventLogRecords
1	GetOldestEventLogRecord
1	GetVideoInfo
1	Header
1	Hermite
1	HermiteE
1	Hpricot
1	I
1	Init
1	LGBM_BoosterAddValidData
1	LGBM_BoosterCalcNumPredict
1	LGBM_BoosterDumpModel
1	LGBM_BoosterFeatureImportance
1	LGBM_BoosterGetEval
1	LGBM_BoosterGetEvalCounts
1	LGBM_BoosterGetEvalNames
1	LGBM_BoosterGetFeatureNames
1	LGBM_BoosterGetLoadedParam
1	LGBM_BoosterGetNumClasses
1	LGBM_BoosterGetNumFeature
1	LGBM_BoosterPredictForMat
1	LGBM_BoosterSaveModel
1	LGBM_BoosterUpdateOneIter
1	LGBM_DatasetCreateFromMat
1	LGBM_DatasetGetFeatureNames
1	LGBM_DatasetGetField
1	LGBM_DatasetGetNumData
1	LGBM_DatasetGetNumFeature
1	LGBM_DatasetGetSubset
1	LGBM_DatasetSetFeatureNames
1	LGBM_DatasetSetField
1	LGBM_GetLastError
1	LOG_UPTO
1	Laguerre
1	Legendre
1	LoadLibraryEx
1	LoadModel
1	LocalTransformations
1	LoginBySSPI
1	LookupAccountSid
1	ManagementFactory
1	Manifest
1	MapViewOfFileEx
1	MaskedArray
1	MonthLocator
1	Node
1	OpenBackupEventLog
1	OpenEventLog
1	Organization
1	PlivoError
1	PlivoXMLError
1	Polynomial
1	PropertiesChanged
1	ReadEventLog
1	RegCloseKey
1	RegConnectRegistry
1	RegOpenKeyEx
1	RegQueryValueEx
1	ReleaseSemaphore
1	RemoveMatch
1	ResetEvent
1	SDLError
1	SV_decomp
1	Schema
1	Segmentation
1	Set
1	SetEvent
1	Style
1	Then
1	Thread
1	TransformationDictionary
1	TypeError
1	UnmapViewOfFile
1	VERSION
1	VerificationError
1	Version
1	VirtualQuery
1	WaitForMultipleObjects
1	WaitForSingleObject
1	WasInit
1	World
1	Wow64DisableWow64FsRedirection
1	Wow64RevertWow64FsRedirection
1	XGBGetLastError
1	XGBoosterBoostedRounds
1	XGBoosterCreate
1	XGBoosterDumpModelExWithFeatures
1	XGBoosterEvalOneIter
1	XGBoosterGetAttr
1	XGBoosterGetNumFeature
1	XGBoosterGetStrFeatureInfo
1	XGBoosterLoadModel
1	XGBoosterPredict
1	XGBoosterReset
1	XGBoosterSaveModel
1	XGBoosterSetAttr
1	XGBoosterSetParam
1	XGBoosterSetStrFeatureInfo
1	XGBoosterUpdateOneIter
1	XGDMatrixCreateFromMat
1	XGDMatrixDataSplitMode
1	XGDMatrixGetFloatInfo
1	XGDMatrixGetStrFeatureInfo
1	XGDMatrixGetUIntInfo
1	XGDMatrixNumCol
1	XGDMatrixNumRow
1	XGDMatrixSetFloatInfo
1	XGDMatrixSetInfoFromInterface
1	XGDMatrixSetStrFeatureInfo
1	XGDMatrixSliceDMatrix
1	_Constraint
1	__attribute_list__
1	__attributes__
1	__callee__
1	__class__
1	__config_change__
1	__define_singleton_method__
1	__dict__
1	__enter__
1	__exit__
1	__fattr_list__
1	__fattrs__
1	__format_pd_expression__
1	__get__
1	__implementation__
1	__implementation__=
1	__initialize
1	__instance_eval__
1	__instanceof
1	__pyptr__
1	__raise__
1	__schema
1	__set_test_mode
1	__xmlFree
1	__xmlMalloc
1	_active_record_configuration=
1	_all
1	_all_load_paths
1	_all_settings
1	_begin
1	_client_read
1	_connect
1	_convert_html_color_to_dec
1	_count
1	_defry
1	_destroy
1	_each
1	_end
1	_eql?
1	_error
1	_explode
1	_get
1	_is
1	_itunes_categories
1	_last_used
1	_latest_specs
1	_mh_hash_for
1	_nbtfile_bytesize
1	_nbtfile_encode
1	_nbtfile_force_encoding
1	_nbtfile_getbyte
1	_nbtfile_valid_encoding?
1	_new_depot
1	_new_starts_ends
1	_orig_stderr=
1	_orig_stdout=
1	_original_output=
1	_pcore_all_contents
1	_prepare_output
1	_print
1	_properties
1	_reflections
1	_resort!
1	_run
1	_server_read
1	_set
1	_set_maximize
1	_set_objective_coefficient
1	_solution_boolean_value
1	_solution_integer_value
1	_solve
1	_train
1	_typeof
1	a_expr
1	abbrev
1	abilities
1	abs2
1	abs_file
1	abstract
1	abstract_class
1	abstract_classes
1	abuse_reports
1	accNum
1	accNum=
1	accType
1	accType=
1	accept_nonblock
1	accept_visitor
1	accepts_definition
1	accepts_definitions
1	accessible?
1	accessor?
1	according_to
1	account
1	accountInfo=
1	accountNumber=
1	accountNumberLength=
1	account_info
1	accuracy
1	acquire
1	acronym_regex
1	action
1	actionReason=
1	action_calls
1	action_mailbox
1	action_mailer
1	activate!
1	activateAmount=
1	active_features
1	active_job
1	active_job?
1	active_job_id
1	active_record_encryption
1	active_span
1	activesupport_concern_class_methods_block?
1	actor_uri
1	acts_as_tenant_unscoped
1	acts_as_tenant_unscoped=
1	acts_like_date?
1	acts_like_time?
1	actual_expiration
1	actual_interval
1	actual_source_reflection
1	adapter_class
1	adapters_dependencies
1	addOnCode
1	addOnCode=
1	add_all_different
1	add_app
1	add_auth
1	add_batches
1	add_bool_or
1	add_brand
1	add_breadcrumb
1	add_button_to_query
1	add_camelization
1	add_char
1	add_check
1	add_children
1	add_color_matcher
1	add_command
1	add_days
1	add_default_name_and_id
1	add_delivery_method
1	add_dependency!
1	add_edge
1	add_extension
1	add_extra_field_definition
1	add_field_to_trace
1	add_file
1	add_filter
1	add_flag_group
1	add_framework
1	add_from_directory
1	add_header
1	add_hen
1	add_javascript
1	add_link_to_screenshot_for_failed_examples=
1	add_listener
1	add_locale
1	add_mapping
1	add_match
1	add_match_with
1	add_message
1	add_months
1	add_node
1	add_option
1	add_param
1	add_periodic_timer
1	add_plugin
1	add_query
1	add_rakelib
1	add_rate
1	add_record
1	add_request_method
1	add_resources
1	add_serialized_file
1	add_setting
1	add_shutdown_hook
1	add_source!
1	add_strategy
1	add_stream_cleaner
1	add_stylesheet
1	add_subplot
1	add_tag
1	add_text_content
1	add_timer
1	add_type
1	add_vertex
1	add_weeks
1	add_word_lists
1	added?
1	additional_apartment_models
1	addr_port
1	addressLine1
1	addressLine1=
1	addressLine2
1	addressLine2=
1	addressLine3
1	addressLine3=
1	addresses
1	addrs
1	adjacent?
1	adjoin
1	admin_token
1	admins
1	advancedAVSResult
1	advancedAVSResult=
1	advancedFraudChecks=
1	advancedFraudResults=
1	advisory_unlock
1	affected_rows
1	affiliate
1	affiliate=
1	after
1	after_commit
1	after_filter
1	after_fork=
1	after_hooks
1	after_hooks=
1	after_load
1	after_move_files!
1	after_queue_store
1	after_request
1	after_request_validation
1	after_response_validation
1	after_save_html
1	after_save_screenshot
1	after_set_user
1	after_subset_queue_store
1	after_tests
1	agent
1	agent_name=
1	aggregated_offenses
1	ahoy_data=
1	ahoy_options=
1	aix?
1	ajd
1	akid
1	alias=
1	alias_command
1	alias_for
1	alias_kwarg
1	align_case_when
1	align_chained_calls
1	alignment
1	alignment_period=
1	all=
1	all_extension_numbers_of_type
1	all_formats
1	all_key_names
1	all_listeners_for
1	all_of
1	all_plugins
1	alloc
1	allocated
1	allocation_class_path
1	allocation_method_id
1	allocation_sourcefile
1	allocation_sourceline
1	allocator=
1	allow=
1	allow?
1	allowPartialAuth=
1	allow_camel_case_methods
1	allow_concurrency
1	allow_conditional_parentheses
1	allow_file_uris
1	allow_hard_tabs
1	allow_invalid_ruby
1	allow_local_network_access
1	allow_net_connect!
1	allow_network_connections
1	allow_screaming_snake_case_classes
1	allow_trailing_line_spaces
1	allow_unnecessary_double_quotes
1	allow_unnecessary_interpolation
1	allowed
1	allowed?
1	allowed_attributes=
1	allowed_members
1	allowed_method?
1	allowed_parameters
1	allowed_sub_commands
1	allowed_tags=
1	alpha
1	alpha?
1	alpha_num12!
1	alpha_num4!
1	alphanumeric_key_for
1	already_wrapped?
1	alt
1	alt_text
1	amexAggregatorData=
1	amount=
1	analyse
1	analyse_file
1	analyze?
1	analyze_post_43x
1	anchored
1	and
1	and_call_original
1	annotations
1	annotator
1	announcer=
1	ansi
1	answer_type=
1	any_args
1	any_bb_tags?
1	any_block_type?
1	any_def_type?
1	anycable_socket
1	api_base_url
1	api_only
1	api_root
1	api_token
1	apimap
1	app=
1	app_host=
1	app_name
1	app_path
1	app_path=
1	app_root
1	append_return_block
1	appenders=
1	applepay=
1	applicable_parsers
1	application=
1	applicationData
1	applicationData=
1	apply_activerecord_patch
1	apply_caps_file_raw
1	apply_color_and_font_settings
1	apply_config
1	apply_defaults
1	apply_filter
1	apply_options
1	apply_through_coercion
1	approx
1	arc_cost_for_vehicle
1	arch
1	archive_schema
1	argcount
1	argmax
1	argon2i
1	argon2id
1	args_match?
1	args_type?
1	argument_as
1	argument_block
1	argument_declaration?
1	argument_description
1	argument_kwargs
1	argument_name
1	argument_to_hash
1	arguments=
1	arguments_include_method_call?
1	around
1	around_action
1	around_hook_events
1	array?
1	array_paragraphs
1	artifact_dir
1	arvados
1	as_avro
1	as_is_matcher
1	as_yaml
1	asc
1	ascii_compatible?
1	ascii_tree
1	asciicompat_encoding
1	ask_once
1	assert_authorized
1	assert_equal
1	assert_equal_with_empty_literal
1	assert_equal_with_false
1	assert_equal_with_object_id?
1	assert_equal_with_truthy
1	assert_file_exists
1	assert_match
1	assert_no_unused_options!
1	assert_valid_chroot_str!
1	assert_valid_credentials
1	assert_with_bang_argument
1	assert_with_equal?
1	assert_with_two_arguments?
1	assertion_method?
1	assertion_name
1	assertions
1	asset_bought
1	asset_code
1	asset_host_public
1	asset_path
1	asset_root
1	asset_type_credit_alphanum12
1	asset_type_credit_alphanum4
1	asset_type_native
1	assets
1	assets_pipeline_enabled?
1	assign_caption
1	assign_values
1	assigned_to
1	association_foreign_key
1	association_names
1	assume
1	ast
1	ast?
1	ast_with_comments
1	async
1	async_each
1	async_exec
1	async_query_executor
1	async_ready?
1	async_thread=
1	atom?
1	attach
1	attached
1	attachment_file_model=
1	attr?
1	attr_writer
1	attribute_definitions
1	attribute_fixed?
1	attribute_for
1	attribute_name
1	attribute_names
1	attributes!
1	attributes_as_html
1	attributes_hash
1	attrset
1	auditlog_enabled
1	auditlog_enabled=
1	auditlog_file=
1	auditlog_file_mode=
1	auditlog_log_input=
1	auditlog_log_output
1	auditlog_log_output=
1	authAmount
1	authAmount=
1	authCode
1	authCode=
1	authDate
1	authDate=
1	authInformation=
1	authReversalAmount=
1	auth_key
1	auth_methods
1	auth_policy
1	auth_private_methods
1	auth_tag
1	auth_ttl
1	auth_type=
1	auth_value_methods
1	authenticatable?
1	authenticatedByMerchant
1	authenticatedByMerchant=
1	authentication=
1	authenticationResult
1	authenticationResult=
1	authenticationTransactionId
1	authenticationTransactionId=
1	authenticationValue
1	authenticationValue=
1	authorizationSourcePlatform=
1	authorized_json_connection
1	auto_require
1	auto_shift_type=
1	auto_spin
1	auto_toc=
1	autocorrectable?
1	autodetect
1	autoload_once_paths
1	autoloaders
1	automatic_routes_mount=
1	autoregister
1	autorelease
1	autorelease=
1	avail_in=
1	avail_out
1	avail_out=
1	available_locales=
1	available_platforms
1	available_users
1	available_users=
1	available_users_identifiers=
1	available_users_names=
1	average
1	avsResult
1	avsResult=
1	awesome_inspect
1	aws_client
1	axis
1	backend_type
1	background_reporting_enabled
1	backtrace_filter
1	backtrace_formatter
1	backup
1	bad_route
1	baggage
1	bank_holiday?
1	bank_holidays
1	bare
1	bare_access_modifier?
1	bare_sig?
1	bareword
1	base
1	base64digest
1	base64digest!
1	base_class=
1	base_concern=
1	base_interval
1	base_style
1	base_uri=
1	base_url=
1	baseline
1	bash
1	bash_version
1	basic
1	basic_conditional?
1	basic_header_from
1	basis
1	batch
1	batch_get_item
1	batch_insert
1	batch_write_item
1	bcc
1	bcc=
1	be_invalid?
1	before_action_proc
1	before_action_proc=
1	before_fork
1	before_format=
1	before_hooks
1	before_hooks=
1	before_queue_store
1	before_request_validation
1	before_run
1	before_run_callbacks
1	before_subset_queue_store
1	beginning_of_day
1	beginning_of_month
1	beginning_of_year
1	belongs_to
1	benchmark
1	benchmark_all
1	berkshelf
1	berkshelf_path
1	best_score
1	best_solution_contains?
1	between?
1	between_description_format
1	bfs_search_tree_from
1	bg
1	bias
1	billMeLaterRequest=
1	billToAddress=
1	billingDate=
1	billing_mode_summary
1	bin
1	bin_path=
1	binary
1	binary_encode_one
1	binary_operation?
1	binary_operator
1	binary_operator_loc
1	binary_pack
1	binary_version
1	bind_attribute
1	binding=
1	bindir
1	binwrite
1	bit_length
1	bitflags_from_tokens
1	bits
1	black_hole
1	black_list_tables
1	black_list_tables=
1	blackout
1	blank
1	blank_reader
1	blind_indexes
1	block?
1	block_arg
1	block_connection
1	block_connection=
1	block_mode?
1	block_pass_type?
1	block_receiver?
1	block_scanf
1	blocks_available
1	blurHashForPixels
1	bmlMerchantId
1	bmlMerchantId=
1	bmlProductType
1	bmlProductType=
1	body_background_color
1	body_background_image
1	body_canonicalization=
1	bool_expr
1	boolean?
1	boolop
1	boot_application
1	boot_once
1	boot_system
1	booted
1	bot_detection_version
1	bot_exception?
1	box
1	brace
1	bracket
1	bracketed?
1	branch
1	brand
1	brands=
1	breadth
1	breadth_first_each
1	breadth_first_search
1	break_contents
1	breakable
1	breakables
1	bridge
1	bright
1	browse
1	browser?
1	browser_name
1	browser_preferred_media_types
1	bsearch_index
1	bucket
1	build_action
1	build_api_compatible_html
1	build_command
1	build_configuration
1	build_configurations
1	build_docstring
1	build_from_dir
1	build_from_erroneous
1	build_from_file
1	build_from_successful
1	build_graph
1	build_hash
1	build_instance
1	build_interface
1	build_markup
1	build_mode
1	build_postfix_lookup_class_group_ids
1	build_prefix_regexp
1	build_qr_code
1	build_query
1	build_quoted
1	build_request
1	build_scanner
1	build_singleton
1	build_transport
1	build_typed_stage
1	build_url
1	build_version
1	builder
1	bulk
1	bundled_path
1	bury_put
1	bust_caches!
1	busy_timeout=
1	buyer_purchases_refund
1	by_line_number
1	by_path
1	by_type
1	bypassVelocityCheck
1	bypassVelocityCheck=
1	byte_position
1	byte_string_from_array
1	c
1	ca_path
1	cachable?
1	cache_builder
1	cache_buster
1	cache_classes
1	cache_constants=
1	cache_enabled?
1	cache_home
1	cache_path
1	cache_ttl=
1	cached_cookbook_class
1	calc_average_degree
1	calculate_adjacent
1	calculate_slow_id_paths
1	call_operator_loc
1	call_with
1	callable
1	callback_names
1	callback_url
1	caller=
1	camel
1	camel_cased_keys
1	camelize_with_space
1	campaign
1	campaign=
1	can_render?
1	cancel_quiet_down
1	candidates
1	canonical_request
1	canonical_segments
1	canonicalize
1	cap_style
1	capability
1	capability=
1	capify_ec2
1	capitalize_first_letter
1	caps_file_raw
1	capsule
1	capture
1	captureAmount=
1	captureGivenAuthAmount=
1	capture_enabled?
1	capture_exception
1	capture_stream
1	card=
1	cardAcceptorTaxId
1	cardAcceptorTaxId=
1	cardValidationNum
1	cardValidationNum=
1	cardValidationResult=
1	cardholderAuthentication=
1	cardholderId
1	cardholderId=
1	cas_create_user
1	casecmp?
1	casein
1	casese
1	casgn_type?
1	cat
1	catLevel
1	catLevel=
1	catch_error
1	category=
1	cbor__indent_helper
1	cbor_annotation_add
1	cbor_annotation_replace
1	cbor_annotations
1	cbor_map_lost_warning
1	cbor_nan_toggle
1	cbor_pre_canonicalize
1	cbor_stream!
1	cbor_stream?
1	cbor_warnings
1	cc=
1	ccdPaymentInformation
1	ccdPaymentInformation=
1	cell_for
1	cents
1	cert_store
1	certificates
1	certificates=
1	cfg
1	cfunc
1	chained_reflection_and_chained_constraints
1	challenge_appliance
1	challenge_au
1	challenge_crawlers
1	challenge_desktoptools
1	challenge_digitaltv
1	challenge_docomo
1	challenge_firefox
1	challenge_google
1	challenge_http_library
1	challenge_linux
1	challenge_maybe_crawler
1	challenge_maybe_rss_reader
1	challenge_misc
1	challenge_mobilephone
1	challenge_msie
1	challenge_nintendo
1	challenge_opera
1	challenge_osx
1	challenge_playstation
1	challenge_safari_chrome
1	challenge_samsungbrowser
1	challenge_sleipnir
1	challenge_smartphone
1	challenge_smartphone_patterns
1	challenge_softbank
1	challenge_vivaldi
1	challenge_webview
1	challenge_willcom
1	challenge_windows
1	challenge_yandexbrowser
1	change_hour_to
1	change_id
1	change_settings_dummy_prefix
1	changed?
1	changed_lines
1	chapter_number
1	chapters
1	chapters=
1	character=
1	character_spacing
1	chararray
1	chargeback
1	chargeback=
1	charpos
1	charset=
1	charstrings_index
1	chebyshev
1	check!
1	check?
1	checkNum
1	checkNum=
1	checkParams
1	check_ace_prefix
1	check_constraint_options
1	check_constraints
1	check_deprecations
1	check_domain_length
1	check_dot
1	check_gemfile?
1	check_hyphen34
1	check_hyphen_sides
1	check_int
1	check_length
1	check_lzma_code_retval
1	check_multi
1	check_nfc
1	check_or_prompt_report_automatically
1	check_range
1	check_unknown_options?
1	checkdigit
1	checked_tests
1	checking
1	checking_for
1	checking_only
1	checks_on_each_request
1	checksum
1	chef
1	chef_node_methods
1	chef_server
1	chef_server_download_concurrency
1	chef_server_url
1	cheque
1	chgat
1	choices
1	chop_basename
1	chown
1	chunk
1	chunks
1	ci?
1	ci_node_index
1	ci_node_total
1	ci_only_rules
1	ciphers=
1	ciphertext
1	ciphertext_blob
1	city
1	city=
1	civil
1	claimable_balance
1	clamscan_version
1	class_at_least_one_option_names
1	class_contents
1	class_def_nodes
1	class_exclusive_option_names
1	class_loader=
1	class_map
1	class_variable_defined?
1	classname_for
1	classpath
1	clean_db
1	clean_empty_lines!
1	clean_frame
1	clean_versions
1	clear_cache
1	clear_dynamic_settings!
1	clear_expired
1	clear_head
1	clear_paths
1	clear_schedule!
1	clear_stats
1	cli_arguments
1	clicks
1	client=
1	client_key
1	client_meta_version
1	clients
1	clinicOtherAmount
1	clinicOtherAmount=
1	clock_gettime_without_mock
1	cloexec!
1	clone_to
1	clone_wait_matcher
1	clone_wait_matcher=
1	close_batch
1	close_data_server_socket
1	close_job
1	close_screen
1	close_table_tag
1	closed
1	closed=
1	closing?
1	cmab_uuid
1	cmd=
1	cmd_name
1	cmdstan_installed?
1	cmp
1	code_around_binding
1	code_cols=
1	code_map
1	code_name
1	code_page
1	code_rows=
1	codes
1	coerce=
1	coerce_value
1	coercer
1	coercions
1	col
1	collapse!
1	collect_note
1	collect_routes
1	collection_actions
1	collection_has?
1	collection_key
1	collection_name
1	collection_set
1	color_space=
1	colorize_code
1	colorize_result_with_timeout
1	colors
1	cols
1	column_for_attribute
1	column_info
1	column_of
1	column_ref
1	column_vector
1	columnize
1	columnize_opts=
1	columns_hash
1	combine
1	combine_options
1	command=
1	command_and_options
1	command_args
1	command_help
1	command_line
1	command_line_used
1	command_paths
1	command_sequence_checker
1	comment?
1	comment_describing
1	comments=
1	commercial
1	commit_db_transaction
1	commodityCode
1	commodityCode=
1	companyName
1	companyName=
1	compare_elements
1	compare_file
1	compare_levels
1	compare_paths?
1	compare_tables3
1	compare_versions
1	comparison=
1	compatible_with?
1	compile!
1	compile_formats
1	compiled_method_container
1	complete
1	complete_expression?
1	completion=
1	completion_append_character=
1	completion_ignore_case
1	completion_ignore_case=
1	completion_proc=
1	component_ary
1	compose!
1	composite
1	compress_enhanced
1	compression_method
1	compute_size
1	computer
1	concat_test_files
1	concatenate
1	concurrency=
1	condition
1	conditional_requests
1	conditional_requests=
1	config_directory
1	config_filepath
1	config_for
1	config_name
1	config_path=
1	config_reset!
1	config_ru_path
1	configurable?
1	configuration_builder
1	configuration_builder=
1	configuration_files
1	configuration_for
1	configurations=
1	configure_for_combustion
1	configure_ruby_terraform
1	connect!
1	connect_timeout=
1	connect_unix
1	connection_class
1	connection_class_for_self
1	connection_config=
1	connection_switcher
1	connections_should_exist
1	conninfo_hash
1	consistent_read
1	console?
1	console_code_for
1	const?
1	const_cache
1	const_lookup
1	const_source_location
1	constant_path
1	constraint
1	constraint_message
1	constraints
1	construct
1	construct_dataflow
1	construct_factory
1	constructable?
1	consume
1	consume_all_responses_until_mn
1	consumer=
1	consumers
1	contact_point
1	contacts
1	containing_type
1	contains_resolver_method_with_guard?
1	contentType
1	content_encoding_hooks
1	content_model
1	content_type_id
1	content_types
1	context!
1	context_changes_param_name
1	context_class_loader
1	context_class_loader=
1	context_flag_call?
1	continue_lex
1	controller_guard=
1	controller_runtime
1	convenience_fn
1	convertTypes
1	convert_and_write
1	convert_from_iso_8859_1
1	convert_key
1	convert_to_10
1	convert_to_13
1	convert_to_array
1	convert_to_model
1	convert_to_node
1	convert_value
1	cookbook?
1	cookbook_version
1	cookie_domain
1	cookie_jar=
1	cookie_manager
1	cookie_options
1	cookie_params
1	cookie_value
1	cool_require
1	coolline_paren_matching=
1	coord_mode
1	copy_data
1	copy_file
1	copy_on_write_friendly=
1	copy_stream
1	copy_to
1	core
1	count_memory
1	count_objects
1	counter
1	country
1	country=
1	country_code
1	country_select
1	counts
1	coverage_file_class
1	coverage_instance
1	covered
1	covered?
1	create!
1	create_accessor
1	create_all_by_format
1	create_and_return_token
1	create_anonymous
1	create_before_direct_upload!
1	create_by_entry
1	create_by_hash
1	create_cdata
1	create_class_map
1	create_dir
1	create_document
1	create_element
1	create_file
1	create_from_kube
1	create_function
1	create_id
1	create_image
1	create_index
1	create_inline
1	create_job
1	create_makefile
1	create_module
1	create_pack!
1	create_package_graph!
1	create_path_if_not_exist
1	create_prepared_statement
1	create_shorthand!
1	create_ssl_context
1	create_tag
1	create_team_graph!
1	create_topic
1	create_version
1	create_with_filename
1	created_at
1	creditAmount=
1	credit_card_surcharge_percent
1	critical!
1	crosstab
1	css_advanced_color_optimization?
1	css_compress_variables?
1	css_compressors
1	css_enhanced_mode?
1	css_merge_duplicate_selectors?
1	css_optimize_shorthand_properties?
1	css_preserve_ie_hacks?
1	csv_mapping
1	ctrl_keys
1	cull
1	cumsum
1	curl!
1	current?
1	current_buffer
1	current_buffer=
1	current_cert
1	current_context
1	current_context_override=
1	current_country
1	current_country=
1	current_database
1	current_driver=
1	current_example
1	current_fill_color
1	current_h
1	current_helper
1	current_node_is?
1	current_page
1	current_parent_block_helper
1	current_reporter
1	current_reporter=
1	current_scheduler
1	current_second
1	current_seconds
1	current_session
1	current_shard
1	current_stroke_color
1	current_tenant
1	current_tenant=
1	current_thread
1	current_transaction
1	current_url
1	current_user_method
1	current_version
1	current_w
1	cursor_at_mark
1	cursor_position=
1	custom
1	customAttribute1
1	customAttribute1=
1	customAttribute2
1	customAttribute2=
1	customAttribute3
1	customAttribute3=
1	customAttribute4
1	customAttribute4=
1	customAttribute5
1	customAttribute5=
1	customBilling=
1	customIdentifier=
1	custom_checks
1	custom_data_proc
1	custom_functions
1	custom_headers=
1	custom_levels
1	custom_logger
1	custom_metrics
1	custom_payload_method
1	custom_styles
1	customerBillingAddressChanged
1	customerBillingAddressChanged=
1	customerCheckingAccount
1	customerCheckingAccount=
1	customerEmailChanged
1	customerEmailChanged=
1	customerId=
1	customerInfo=
1	customerIpAddress
1	customerIpAddress=
1	customerPasswordChanged
1	customerPasswordChanged=
1	customerPhoneChanged
1	customerPhoneChanged=
1	customerReference
1	customerReference=
1	customerRegistrationDate
1	customerRegistrationDate=
1	customerSavingAccount
1	customerSavingAccount=
1	customerType
1	customerType=
1	customerWorkTelephone
1	customerWorkTelephone=
1	customize
1	cwd_is_nanoc_site?
1	cwday
1	cweek
1	cwyear
1	cxx_flags
1	cycle
1	darwin?
1	dashed?
1	data_bag
1	data_binding=
1	data_channel_protection_level
1	data_dir
1	data_directory
1	data_encoding=
1	data_server
1	data_store
1	data_type
1	database_server
1	databases
1	datacenter
1	datacenters
1	datapoints
1	dataset_id
1	datasets
1	datatable_name
1	date=
1	date_str
1	date_time_format
1	datetime_type
1	days=
1	days_in_common_year_months
1	days_in_leap_year_months
1	days_in_month
1	days_left_in_month
1	days_of_week
1	db
1	db=
1	db_time_now
1	ddl_disabled?
1	debtRepayment=
1	debug_debug
1	debug_error
1	debug_notice
1	debug_output
1	debug_reporter
1	debugging
1	debuglog
1	decanonize
1	decimals
1	declare
1	decline_all_cards
1	decline_all_cards=
1	decode_base
1	decode_bbox
1	decode_from_bytes
1	decode_json_hash
1	decode_segments
1	decode_stream
1	decode_userinfo_from_header
1	decode_with_rest
1	decoded?
1	decompose
1	deconstantize
1	deconstruct
1	decorated
1	decorator
1	decorators
1	decr_incr
1	decrement
1	decrement_month!
1	decrypt_data
1	decrypt_fallback_to_plain
1	decrypt_generic
1	decrypt_with_key
1	deep_copy
1	deep_freeze
1	deep_sort!
1	deep_stringify_keys
1	deep_symbolize_keys!
1	deeper_merge!
1	def_extend_command
1	def_inspector
1	default?
1	default_adapter_options
1	default_additional_tags_to
1	default_area_code
1	default_cache_to
1	default_cache_type_to
1	default_checked_level
1	default_chroot
1	default_cleaner
1	default_cli_options
1	default_commit
1	default_config_hash
1	default_content
1	default_country_code
1	default_crawl_finished_queue_to
1	default_debug_to
1	default_defaults!
1	default_delivery_method
1	default_description_str
1	default_destination
1	default_discover
1	default_display_methods
1	default_editor
1	default_env
1	default_error_mode
1	default_external_urls_to
1	default_first_page_redirect_internal_to
1	default_flag_handler
1	default_follow_redirects_to
1	default_formats
1	default_host
1	default_infinite
1	default_instance
1	default_instance=
1	default_instrumentation_service
1	default_internal_urls_to
1	default_kerning?
1	default_lang
1	default_leading
1	default_locale
1	default_max_wait_time
1	default_model_class=
1	default_obey_robots_to
1	default_options=
1	default_parser
1	default_path
1	default_processing_queue_to
1	default_proxy_addr_to
1	default_proxy_port_to
1	default_queue
1	default_queue_system_to
1	default_queues
1	default_quiet_to
1	default_raise_exceptions_to
1	default_redirect
1	default_redirect_limit_to
1	default_redis_options_to
1	default_retry_after
1	default_routing_search_parameters
1	default_scope=
1	default_seed_urls_to
1	default_state
1	default_store_inbound_links_to
1	default_text_mime_types_to
1	default_thresholds
1	default_timeout
1	default_timeout=
1	default_timeout_to
1	default_transaction_isolation_level
1	default_transaction_isolation_level=
1	default_treat_https_as_http_to
1	default_ttl
1	default_uri
1	default_use_encoding_safe_process_job_to
1	default_user_agent_to
1	default_valid_mime_types_to
1	default_wait_time
1	defaultprefix
1	defaults=
1	defaults_str=
1	defer
1	deferred
1	define_aliases
1	define_column_methods
1	define_command_installation_tasks
1	define_module
1	define_providers_installation_tasks
1	define_strategy_methods
1	define_struct
1	defined_attributes
1	defined_class
1	defined_module_name
1	defined_traits
1	delattr
1	delayed_job
1	delete_all
1	delete_field
1	delete_stmt
1	delete_suffix!
1	deleted_files
1	delimiter_loc
1	deliver!
1	deliver?
1	deliver_message
1	deliver_messages
1	deliver_now
1	deliveries
1	deliveryType
1	deliveryType=
1	delivery_methods
1	deluxe
1	deluxe_delayed
1	dentalAmount
1	dentalAmount=
1	department
1	dependency
1	deploy_pack_dir
1	deprecate_option
1	deprecator
1	depth
1	depth_first_each
1	depth_first_keys
1	depth_first_values
1	depth_first_visit
1	dereference
1	descend
1	descendents
1	describe_instance_health
1	describe_security_groups
1	describe_time_to_live
1	description?
1	description_for
1	description_format
1	description_method_call?
1	descriptor
1	descriptor=
1	desensitize
1	dest
1	destinationCountryCode
1	destinationCountryCode=
1	destinationPostalCode
1	destinationPostalCode=
1	destination_directory
1	destination_folder
1	destination_pack
1	destination_pathname
1	destination_postfix
1	destroy_all
1	destroyed_by_association
1	detach=
1	detect!
1	detect_best
1	detect_bot?
1	detect_device
1	detect_implicit
1	detect_mobile?
1	detect_mode
1	detect_version?
1	determinant_bareiss
1	determine_expected_content_length
1	deviceReputationScore=
1	deviceReviewStatus=
1	device_type
1	devise_user
1	dfs_module
1	dh_compute_key
1	diag
1	diagnostic
1	diagonal
1	dices_coefficient_similar
1	diff_files
1	diffs
1	dimensions=
1	dir_name
1	directory
1	directory_name
1	dirs
1	dirty=
1	disable_assertions
1	disable_bias
1	disable_global_uid
1	disable_required_check?
1	disable_webpacker
1	disabled
1	disabled_warnings=
1	disasm
1	disassemble
1	disconnect!
1	disconnect_all!
1	discountAmount
1	discountAmount=
1	discountCode
1	discountCode=
1	discover
1	discover_queues
1	discover_schedules
1	discovered_api
1	discovered_include_level
1	discovery_document
1	disks
1	dispensary_flag_call?
1	display_description
1	display_error
1	display_failure
1	display_line
1	display_locale?
1	display_name
1	display_pending
1	display_success
1	distance_fast
1	distance_in_km
1	distance_in_mi
1	distance_metric=
1	distance_per_latitude_degree
1	dln_find_exe
1	dlopen
1	dns_name
1	do_parse_without_tracing
1	do_queue
1	dob
1	dob=
1	docode!
1	docs_to_write
1	docstring=
1	doctitle
1	document?
1	document_symbols
1	documentation_url
1	dogecoin?
1	dogecoin_testnet?
1	doi_fetch_and_convert
1	domain
1	domain=
1	domains_path
1	double
1	download
1	downstream
1	draw_data
1	driver_path=
1	driver_quit
1	driver_version=
1	drivers
1	drop_environment_variables
1	dry_instance
1	dry_methods
1	dry_run
1	dry_run?
1	dsa_sign_asn1
1	dst?
1	dstr_type?
1	dump_error
1	dump_json
1	dump_options=
1	dump_stats
1	dump_suppressions
1	duration_for
1	dutchie_flag_call?
1	dutyAmount
1	dutyAmount=
1	dynamic
1	dynamic_every
1	dynamic_inclusion?
1	dynamic_superclass?
1	dynamo_db_client
1	dynamodb_client
1	each_caller_location
1	each_chunk
1	each_connection_pool
1	each_declaration
1	each_edge
1	each_filename
1	each_option
1	each_over_axis
1	each_page
1	each_parameter
1	each_rate
1	each_token
1	each_types_explainer
1	each_vector
1	each_vertex
1	eager_load_namespace
1	eager_load_paths
1	eager_loading
1	eager_loading!
1	earth_radius_km
1	echeck=
1	echeckCreditAmount=
1	echeckForToken=
1	echeckSalesAmount=
1	echeckToken=
1	echeckVerificationAmount=
1	echo
1	ed25519
1	edges
1	edit
1	edit_definition
1	editing_mode=
1	editing_mode_is?
1	edition
1	editor_from_symbol
1	edtf!
1	effect
1	effect=
1	element_repository
1	ellipsable_tags
1	em_synchrony_sleep_hook=
1	email=
1	emit
1	emit_agent_complete
1	emit_chat_created
1	emit_file_line_as_literals=
1	emit_item
1	emit_run_complete
1	emit_run_start
1	emit_tool_complete
1	emit_tool_start
1	employerName
1	employerName=
1	empty
1	enable_analytics?
1	enable_bulk_invitations
1	enable_final_checks_on_hooks
1	enable_locking
1	enable_resolv_replace
1	enable_ssl
1	enable_vertical_whitespace
1	enabled_checks
1	encapsulate
1	encode_base
1	encode_component
1	encode_from_single
1	encode_headers
1	encode_hostname
1	encode_json
1	encode_parameters
1	encode_special_chars
1	encode_unsafe_chars_in_userinfo
1	encoded_type
1	encoder
1	encrypt_data_bag_item
1	encrypt_generic
1	encrypt_with_key
1	encrypted?
1	encryptedTrack
1	encryptedTrack=
1	encryption
1	enctype
1	end?
1	endDate
1	endDate=
1	end_column
1	end_line
1	end_of_day
1	end_of_month
1	end_time
1	end_time=
1	endpoint=
1	ends_with?
1	enforce_privacy
1	engine
1	engine=
1	engine_assets
1	engine_assets=
1	english
1	enhancedData=
1	enough_interval?
1	enqueue
1	ensure
1	ensure_gem
1	ensure_pdfs
1	ensure_pool
1	ensure_reactor_running!
1	enterprise
1	enterprise?
1	enterprise_flag_call?
1	entity
1	entity_expansion_text_limit=
1	entryMode
1	entryMode=
1	entry_filter
1	enum
1	enumValues
1	enum_select
1	enumerate_domains
1	enumerations=
1	enums_block?
1	env_path
1	envelope_type_tx_fee_bump
1	environment
1	environment=
1	environment_name
1	environment_variable
1	environments=
1	envs
1	eof
1	eos?
1	ephemeralPublicKey
1	ephemeralPublicKey=
1	epochs
1	epub_mobi_preview_chapter_range
1	eqb
1	erange_type?
1	erf
1	err_boundary
1	error!
1	error_callback=
1	error_class
1	error_class=
1	error_condition
1	error_count
1	error_handler=
1	error_id=
1	error_message=
1	error_on_ignored_order
1	error_pool
1	error_response=
1	errored
1	escape_argument
1	escape_html_once
1	escape_literal
1	eslevel=
1	etag
1	etld_data
1	etransfer
1	euid
1	eval_input
1	evaluate!
1	evaluate_file
1	evaluate_method
1	eventType=
1	event_id
1	event_patterns
1	event_store
1	events_param_name
1	every?
1	evict_cache_from_params
1	evict_cache_param_name
1	examine
1	examine_cell
1	example_group_file_path_for
1	except!
1	exception_classes
1	exception_classname_from_hash
1	exception_handler=
1	exception_matcher=
1	exception_message_from_hash
1	exceptions_app=
1	exclude
1	exclude_method
1	exclude_packs
1	excluded
1	excluded_deduplication_keys_for
1	excluded_environments
1	excluded_files
1	excluded_keys=
1	excluded_methods
1	excluded_models
1	excluding
1	exclusion_pattern
1	exclusive
1	exec_
1	exec_in_proxy_context
1	executable
1	executable_count
1	executable_filepath
1	executable_path=
1	execute!
1	execute2
1	execute_command
1	execute_driver
1	execute_query
1	execute_update
1	executed_count
1	executes?
1	execution_stack
1	existing_visit_token
1	exists_alias
1	exists_lock?
1	exit_code
1	exit_status
1	exit_value
1	exited?
1	exp
1	expDate
1	expDate=
1	expand_attributes
1	expand_dims
1	expand_ftp_path
1	expand_references!
1	expand_shorthand!
1	expect
1	expect?
1	expected=
1	expensive?
1	expire
1	expire_cache_from_params
1	expire_cache_param_name
1	expire_token
1	expired?
1	expires_in=
1	explicit_association?
1	explode
1	exponent_for
1	export_actionwords
1	export_proxies
1	exporters
1	expose_adapter_config
1	expression_at
1	expunge
1	ext
1	extend_active_storage!
1	extend_cache_on_failure=
1	extend_classes
1	extend_orms
1	extend_shrine!
1	extend_t_sig?
1	extend_t_sig_or_helpers?
1	extend_world
1	extended
1	extending
1	extension_number
1	extra_fingerprinted_files
1	extra_headers
1	extra_sources
1	extract_all
1	extract_api_list
1	extract_geometry_options
1	extract_keyword
1	extract_linters_from
1	extract_scale_options
1	extract_text
1	extract_text_or_html
1	facility
1	facterdb_string_keys
1	factory
1	factory_call
1	factory_calls_in_array?
1	factory_files
1	fail?
1	fail_context
1	fail_fast
1	fail_mutex
1	fail_on_invalid_construct
1	fail_target
1	failed?
1	failed_at
1	failure
1	failure?
1	failure_app=
1	failure_color
1	failure_column
1	failure_count
1	failure_for
1	failure_line
1	failure_message
1	failure_message_for
1	failure_reason
1	failure_type_for
1	failures
1	fallback
1	fallback_data
1	fallback_fonts
1	false?
1	false_value?
1	falsy?
1	fattrs
1	fault
1	fbody
1	feature_cache=
1	feature_caching_strategy=
1	feature_importance
1	feed_url
1	fetch_access_token!
1	fetch_attribute
1	fetch_header
1	fetch_or_store
1	fetch_project
1	fetch_sample
1	fetch_std
1	fetch_values
1	ffmpeg_binary
1	ffmpeg_binary=
1	ffprobe_binary
1	ffprobe_binary=
1	fg
1	fhirVersion
1	field_block
1	field_count
1	field_definition
1	field_definition?
1	field_definition_with_body?
1	field_description
1	field_helpers
1	field_kwargs
1	field_name
1	field_names
1	field_type
1	field_types
1	field_with_body_name
1	field_with_body_type
1	field_with_guard_in_body?
1	field_with_pundit?
1	field_with_pundit_with_body?
1	figcaption?
1	figcaption_html
1	figure
1	file_by_filename
1	file_containing_extension
1	file_containing_symbol
1	file_count
1	file_descriptor_response=
1	file_field_tag
1	file_format
1	file_loader
1	file_name=
1	file_size
1	file_system
1	filename_and_options_from_arguments
1	filename_prefix_formatters
1	fileno
1	filepath
1	files_references
1	fill!
1	fill_between
1	fill_color
1	fill_color=
1	filter!
1	filter_IPv4Net
1	filter_IPv6Net
1	filter_request
1	filter_with
1	filterable_by
1	filtered_label_provider=
1	filtering=
1	finalPayment
1	finalPayment=
1	finalize
1	find!
1	findOffsets
1	find_all_first?
1	find_attached_object
1	find_attribute_for
1	find_by_alpha_code
1	find_by_codepoints
1	find_by_cop_name
1	find_by_id_and_grid_name
1	find_by_moji
1	find_by_prefix_id
1	find_by_unicode
1	find_command
1	find_css
1	find_description_method
1	find_each
1	find_element
1	find_element_by_image
1	find_elements_by_image
1	find_emails
1	find_factories
1	find_latest_files
1	find_local_url
1	find_manifests
1	find_manifests_from_contents
1	find_manifests_from_paths
1	find_one_and_update
1	find_one_for
1	find_or_create_record
1	find_preferred_dir
1	find_severity
1	find_trace_for
1	fingerprint
1	finite?
1	firestore
1	first!
1	firstName
1	firstName=
1	first_and_second_arguments_range
1	first_column
1	first_line
1	first_lineno
1	first_or_initialize
1	first_solution_strategy=
1	fix_msbuild_path
1	fix_unterminated_line
1	fixed
1	fixed?
1	fixture_files
1	fixtures
1	fixtures_path=
1	fixup_mode
1	flags
1	flash_keys=
1	flat_contents
1	flat_map
1	flat_records
1	flavor
1	flip
1	float
1	flush_notification
1	flushdb
1	flushed_write
1	fnmatch
1	focus_pack
1	follow_meta_refresh
1	follow_meta_refresh=
1	follow_meta_refresh_self
1	follow_meta_refresh_self=
1	footerpos
1	forName
1	for_all_cops
1	for_class
1	for_cop
1	for_fd
1	for_formatting_string
1	for_gem_extension
1	for_linter
1	for_logger
1	for_package
1	for_proc
1	for_site
1	for_these_files
1	force
1	force=
1	force?
1	forceCaptureAmount=
1	force_auth=
1	force_color
1	force_correct_attribute_escaping!
1	force_mode
1	force_overwrite
1	foreign_key
1	fork_worker?
1	formatId
1	formatId=
1	format_answer
1	format_array=
1	format_backtrace
1	format_cmd
1	format_date
1	format_for_data
1	format_helper
1	format_mask=
1	format_minutes
1	format_problem
1	format_rbs
1	format_unit
1	format_with
1	formats
1	formatted
1	formatted_duration
1	formatted_with
1	formatters
1	forms
1	forward
1	forward_port
1	fraction
1	fragments_attributes=
1	frame
1	frame_locals
1	frame_self
1	framework
1	framework=
1	framework_paths_by_config
1	frameworks
1	fraudCheck=
1	fraudFilterOverride=
1	fraudResult=
1	free=
1	free_enabled
1	freeze!
1	freeze_config
1	frequency
1	freshclam
1	from=
1	from_api
1	from_ast
1	from_binary
1	from_clause
1	from_config_block
1	from_db
1	from_env
1	from_event_loop
1	from_feature_state_models
1	from_filenames
1	from_graph
1	from_io
1	from_items
1	from_json
1	from_lockfile
1	from_name
1	from_now
1	from_public_key
1	from_queryable
1	from_raw
1	from_row_column_to_index
1	from_shexj
1	from_struct
1	from_subunits
1	from_sxp
1	from_table
1	from_version
1	from_xdr
1	from_xrds
1	from_yml
1	frontend
1	frontmatter
1	frontmatter=
1	fs
1	fsync
1	ftype
1	fulfill
1	full_path
1	full_require_paths
1	full_sanitizer
1	full_state_machine_name
1	fullpath
1	func
1	functor_expr
1	fundingSubmerchantId=
1	fundsTransferId=
1	future
1	future=
1	future_on
1	fuubar_output_pending_results
1	fuubar_progress_bar_options
1	garbage_after
1	gather
1	gather_answers
1	gather_selected
1	gc_metrics_enabled
1	gem_cmd
1	gem_loaded?
1	gem_paths
1	gemfile_path
1	gems
1	gen
1	generate_additional_classes_for
1	generate_block
1	generate_classes
1	generate_cron_output
1	generate_file_tree
1	generate_helpers!
1	generate_key
1	generate_rails_text_part=
1	generate_sid
1	generate_template_with
1	generate_uuid
1	generated_at
1	generated_pool
1	generic
1	generic?
1	generic_deinit
1	generic_init
1	generic_passwords
1	genericarg
1	geocode
1	get32bits
1	getClass
1	getClassLoader
1	getMBeanInfo
1	getMBeanServerConnection
1	getMainAttributes
1	getMethods
1	getNotifications
1	getProperty
1	getResources
1	getThreadMXBean
1	getValue
1	get__REXP
1	get_abbrev
1	get_access_token
1	get_alias
1	get_aliases
1	get_all_keyrings_named
1	get_array
1	get_array_of_string
1	get_batch_name
1	get_binding
1	get_blank_table
1	get_body
1	get_byte_ranges
1	get_caller_identity
1	get_character
1	get_client
1	get_columns_num
1	get_complex_type_methods
1	get_constants
1	get_content
1	get_countries_lookup
1	get_css
1	get_date
1	get_demand
1	get_dev_dir
1	get_elements
1	get_env
1	get_ext
1	get_fields
1	get_figure
1	get_first_row
1	get_format_from_filename
1	get_frames_infos
1	get_full_year
1	get_group_id_for_arbitrary_property
1	get_helper
1	get_hooks
1	get_hours
1	get_identity_segments
1	get_initialization_details
1	get_instance
1	get_int64
1	get_item
1	get_job_result
1	get_last_error
1	get_latest_version_txt
1	get_many
1	get_mapping
1	get_media_upload_params
1	get_metric_statistics
1	get_metrics
1	get_minutes
1	get_month
1	get_mother_path
1	get_name
1	get_name_for_attachment
1	get_node
1	get_oauth_url
1	get_object
1	get_one
1	get_op_or_user_services
1	get_own_style
1	get_parameters_info
1	get_params
1	get_parser_class
1	get_pixels
1	get_processor
1	get_properties
1	get_query_execution
1	get_query_results
1	get_query_store_model
1	get_regexp
1	get_repos_art_dir
1	get_request_token
1	get_result
1	get_seconds
1	get_secret_value
1	get_settings
1	get_shapes
1	get_sidekiq_options
1	get_table
1	get_tables
1	get_terminal
1	get_verifier_code
1	get_yticks
1	get_zone_operation
1	getattr
1	getche
1	getenv
1	getgrgid
1	gethostbyname
1	getimagesize
1	getk_response_from_buffer
1	getlogin
1	getpeername
1	getpwuid
1	getresp
1	getrlimit
1	getservbyport
1	getset
1	geturl
1	getutc
1	giftCardAuthReversalOriginalAmount=
1	giftCardBin=
1	giftCardCaptureAmount=
1	giftCardCreditAmount=
1	gift_card_auth_reversal
1	gift_card_capture
1	gift_card_credit
1	github
1	github_actions
1	gitignore
1	gitlab
1	glob=
1	glob_files_in_dir
1	glob_include?
1	global_config_get
1	global_config_list
1	global_config_set
1	global_key
1	global_metrics_enabled
1	global_secondary_indexes
1	global_secondary_indexes_for_migration
1	global_variables
1	glyph
1	glyph_present?
1	gmtoff
1	go
1	good_job
1	good_job_labels
1	good_job_notify
1	google_analytics_id
1	google_client
1	gpgme_check_version
1	grammar_hash
1	graph=
1	graph_html
1	graphic_state
1	graphicsmagick
1	gravatar_defaults=
1	gravatar_source=
1	grok=
1	group_name
1	group_names
1	groupings=
1	groupname
1	groups
1	guard_class=
1	guard_inspect
1	guarding_recursion_of
1	guid
1	gvar?
1	gzip_enabled
1	gzip_enabled=
1	h
1	halt
1	halted?
1	haml_available?
1	haml_enabled?
1	hamlbars_extensions
1	hamming_distance
1	handle_argument_error
1	handle_no_command_error
1	handle_requirement
1	handle_specification
1	handle_virtuals
1	handle_while
1	handlebars_extensions
1	handled_exceptions
1	handler
1	handlers
1	has
1	has_adapter?
1	has_attributes?
1	has_authorized_method?
1	has_can_can_action?
1	has_default?
1	has_elements?
1	has_flag?
1	has_format_option?
1	has_iv?
1	has_long?
1	has_more
1	has_one
1	has_one?
1	has_pry_doc=
1	has_pundit_role?
1	has_require_rails_helper_option?
1	has_short?
1	has_terminal?
1	has_text?
1	hasattr?
1	hash128
1	hash128_with_seed
1	hash32
1	hash64
1	hash64_with_seed
1	hash64_with_seeds
1	hash_argon2id_encode
1	hash_dot_use_default
1	hash_key_to_use
1	hash_with_link_object
1	have_no?
1	have_received
1	haystack=
1	he
1	head_object
1	header=
1	header?
1	header_canonicalization=
1	header_fields
1	header_str
1	headers_whitelist
1	headnumber
1	healthcareAmounts=
1	healthcareIIAS=
1	healthy?
1	height=
1	helcim
1	help_for
1	helper_names
1	helper_with_guest
1	helper_with_guest=
1	heredoc_end
1	hermite
1	hermite_e
1	heuristic_parse
1	hex_to_lin
1	hexbytes
1	hexencode
1	hexists
1	hf_tempfiles
1	hidden_field
1	hidden_namespaces
1	hide_body_diff!
1	hide_cursor
1	hide_m17n_warning
1	hide_m17n_warning=
1	hide_stubbing_instructions!
1	highlight
1	hincrby
1	histogram
1	history
1	history=
1	hmac_length
1	hmac_method
1	hmget
1	holiday?
1	homepage
1	hooks=
1	horizontal_separator
1	host_id
1	host_locales
1	host_os
1	hostname=
1	hosts
1	href=
1	hset
1	hsla?
1	hstack
1	html
1	html5_support?
1	html_attributes
1	html_escape
1	html_parser
1	html_path
1	html_safe?
1	http?
1	http_basic_authentication_enabled=
1	http_client
1	http_default_port
1	http_post
1	http_proxy
1	http_response
1	http_routes
1	http_service
1	http_version
1	https?
1	https_default_port
1	human
1	human_attribute_name
1	human_name
1	humanize
1	humans
1	i18n
1	i18n=
1	i18n_scope
1	iat
1	iat=
1	iban
1	iban=
1	icon
1	icon_dirs
1	iconv
1	id_value
1	ident
1	identify
1	identify_manifests
1	identities=
1	identity=
1	identity_overrides
1	idle_timeout
1	idle_timeout=
1	ids_to_text
1	ie_version
1	if?
1	if_type?
1	ifconfig_command
1	ifconfig_path_default
1	ignore?
1	ignore_actions
1	ignore_arity
1	ignore_bad_chunking
1	ignore_bad_chunking=
1	ignore_block
1	ignore_custom
1	ignore_extra_args
1	ignore_handler=
1	ignore_locales
1	ignored_dirs
1	iiasFlag
1	iiasFlag=
1	imag
1	image?
1	image_format
1	image_hash_for
1	imaginary
1	imap_connection
1	implementation=
1	implicit_association?
1	import_dangerfile
1	import_plugin
1	importers
1	in_context
1	in_deploy_pack?
1	in_groups_of
1	in_threads
1	include_after_commit_extensions
1	include_all
1	include_any?
1	include_group?
1	include_match_first?
1	include_only
1	include_patterns
1	include_proc?
1	include_replicas_key
1	include_xml_declaration
1	included_files
1	included_methods
1	includes?
1	includes_frameworks?
1	inclue?
1	inclusive?
1	incomeAmount
1	incomeAmount=
1	incomeCurrency
1	incomeCurrency=
1	incomplete
1	incrby
1	increment!
1	increment_month!
1	indent?
1	indentation_spaces
1	independent?
1	indeterminate?
1	index?
1	index_by
1	index_name
1	index_name_exists?
1	index_nested_attribute_errors
1	index_to_node
1	index_with
1	infect_an_assertion
1	infer_name
1	infer_resource_class
1	infer_trend
1	inferred_port
1	inflector_mixins
1	info!
1	info_for
1	inform_interceptors
1	ingredients
1	inherit!
1	inherit_socket!
1	init_converter
1	init_i18n
1	init_i18n!
1	init_openssl
1	init_plugins
1	init_screen
1	init_threadsafe
1	init_web
1	initial_copy_of_attributes
1	initial_network_retry_delay
1	initialize_async
1	initialize_attributes
1	initialize_cimpl
1	initialize_client
1	initialize_compiler_memfs_lib_cache
1	initialize_configuration
1	initialize_http_header
1	initialize_logger
1	initialize_rails
1	initialize_settings
1	initialize_test
1	initialized?
1	inject_dsl
1	inject_message
1	inject_with_index
1	inline
1	inline?
1	inline_annotations
1	inline_forms_attribute_list
1	inline_source_maps
1	inner
1	inner_join
1	inner_xml
1	ino
1	inpsect
1	input
1	input_params
1	input_paths
1	input_type_of
1	inputs
1	insert_all!
1	insert_id
1	insert_multiline_text
1	insert_page
1	insert_property_defaults=
1	inset
1	install_cmdstan
1	install_path
1	install_selenium_runner
1	installed_gems
1	instance_id
1	instance_of_assertion?
1	instance_values
1	instance_variables_to_inspect
1	instances
1	instantiate_node
1	instantiate_subclasses
1	instructions
1	instrumenter
1	instruments_app_running?
1	int
1	int_from_bytes
1	int_from_prime_division
1	int_to_IPv4
1	int_to_bytes
1	int_type?
1	integrate!
1	integrate_without_bugsnag!
1	intercept_401=
1	intern
1	internal=
1	internal_distance
1	internal_encoding
1	internal_lock
1	internal_request
1	international
1	international=
1	interpolates
1	intersect?
1	interval=
1	intervalType=
1	interval_count
1	interval_description_format
1	intervals
1	intfs
1	invalid?
1	invalid_service_id?
1	inverse_from
1	inverse_transform
1	invert_codes
1	invoiceReferenceNumber
1	invoiceReferenceNumber=
1	invoke_hook_events
1	invoke_with_progress
1	io_position
1	ioctl
1	ip
1	ip_address
1	ip_command
1	ip_path_default
1	ip_port
1	ipaddr
1	ipaddr=
1	ipconfig_command
1	ipconfig_path_default
1	ipv4_compat
1	ipv6?
1	irange_type?
1	is
1	is_bundler?
1	is_child
1	is_debug
1	is_function
1	is_middleware?
1	is_multirequest
1	is_one_among_string_url?
1	is_perma_link
1	is_switch?
1	is_valid
1	isinf
1	isnan?
1	iso_code
1	isoify_dates
1	ispeed
1	issued_at
1	issuer_certificate=
1	issues
1	istate
1	it!
1	item
1	itemCategoryCode
1	itemCategoryCode=
1	itemDescription
1	itemDescription=
1	itemDiscountAmount
1	itemDiscountAmount=
1	itemSequenceNumber
1	itemSequenceNumber=
1	iterations
1	itself
1	itunes_categories
1	iv_len=
1	iv_size
1	ivar
1	ivars
1	ivars=
1	jail
1	jar
1	jarfile
1	java_class
1	javascript_compressors
1	javascripts
1	jdbc_connection
1	jgrep
1	job_base_class_name
1	job_delete
1	job_get
1	job_state
1	join_association
1	join_expr
1	join_keys
1	join_no_fragment
1	join_path
1	join_style
1	join_table
1	joinable?
1	joins
1	joins_values
1	json
1	json_adapter
1	json_body
1	json_decode_one
1	json_encode_one
1	json_encode_payload
1	json_escape
1	json_mappings
1	json_media_type?
1	json_scalar?
1	jsonify
1	jts_port
1	kCFAbsoluteTimeIntervalSince1970
1	kCFNull
1	kCFPreferencesAnyHost
1	kCFPreferencesAnyUser
1	kCFPreferencesCurrentHost
1	kCFPreferencesCurrentUser
1	kakadu_enabled
1	kbhit
1	kdtree
1	keep
1	keep_alive
1	keep_alive=
1	keep_around
1	keep_back
1	keep_device
1	keep_drop
1	keep_end
1	keep_original_rails_log
1	keep_start
1	key1
1	key2
1	key_for
1	key_for!
1	key_len
1	key_number
1	key_present?
1	key_schema
1	key_size
1	key_sizes
1	key_sort_order
1	key_type
1	key_types
1	key_values
1	keyboard_encoding=
1	keyword
1	keyword_args
1	keyword_argument
1	keyword_params
1	keyword_rest
1	keywords
1	keywords?
1	kick
1	kill_instruments
1	kindlegen_available?
1	kinds
1	klass_from_options
1	kms_keys
1	knapsack__deprecated_run_all_when_everything_filtered_enabled?
1	knapsack__error_exit_code
1	knapsack__exit_early
1	knapsack__run_specs
1	knapsack__seed
1	knapsack__setup
1	knapsack__wants_to_quit?
1	known?
1	ksn
1	ksn=
1	kv
1	kwargs
1	label=
1	labeled
1	labels
1	laguerre
1	lambdas
1	lang_code
1	language_group_configs
1	languages
1	lastName
1	lastName=
1	last_column
1	last_description
1	last_ids
1	last_lineno
1	last_modified_artifact_time
1	last_modified_filename
1	last_modified_src_file
1	last_modified_src_time
1	last_modified_time
1	last_name
1	last_option
1	last_response
1	latest_danger_version
1	latest_specs
1	launch_url
1	layer_extension_installed?
1	layout
1	layout_expr
1	leader
1	lease_connection
1	leave
1	left_diff
1	left_joins
1	lefts
1	legal?
1	legendre
1	len
1	length1
1	levenshtein_similar
1	lexpr
1	libcurl_version
1	libexec_dir
1	library_version=
1	license
1	lifecycle
1	lifecycle_hook_method?
1	lifetime_table
1	lifetime_table_setup
1	light
1	light?
1	limit_pair
1	lindex
1	lineItemTotal
1	lineItemTotal=
1	lineItemTotalWithTax
1	lineItemTotalWithTax=
1	line_comments
1	line_for_offset
1	line_for_position
1	line_number
1	line_string
1	linear_ring
1	link
1	link_annotation
1	link_color
1	link_data
1	link_type=
1	link_with
1	links=
1	lint_package_todo_yml_files!
1	lint_package_yml_files!
1	lint_paths
1	linter_name
1	linter_names
1	linters
1	linux?
1	liquid_renderer
1	liquidity_pool
1	list_aliases
1	list_gems
1	list_meterpreter_dirs
1	list_of_strings
1	list_project_time_series
1	list_series
1	list_services
1	list_services_response=
1	list_suppressed_destinations
1	list_time_series
1	list_to_run
1	list_top_dependency_violations
1	list_top_privacy_violations
1	listened_queues_only
1	listeners_for
1	lists
1	lit
1	lite
1	literal
1	literal?
1	litleInternalRecurringRequest=
1	litleToken
1	litleToken=
1	litleTxnId
1	litleTxnId=
1	ljust
1	ln
1	lng=
1	lnums_for_file
1	lnums_for_str_array
1	loadAmount=
1	load_all_categories
1	load_available
1	load_backends
1	load_balancers
1	load_category
1	load_client_configuration
1	load_column_processors
1	load_config_file
1	load_config_from_env
1	load_contact
1	load_crypto_currencies
1	load_currencies
1	load_documents
1	load_env
1	load_feed
1	load_file_info_list
1	load_file_info_list_from_contents
1	load_file_info_list_from_paths
1	load_file_list
1	load_first_found
1	load_fixture
1	load_from!
1	load_from_config
1	load_from_file
1	load_from_string
1	load_from_url
1	load_initial_configs
1	load_isolated
1	load_json
1	load_nearest_project
1	load_options=
1	load_options_from_yaml
1	load_path=
1	load_private_key
1	load_project_rakefile
1	load_raw
1	load_requires
1	load_ruby_config
1	load_runtime_jars!
1	load_safe_marshal
1	load_schedule!
1	load_stats
1	load_stream
1	load_tags
1	load_tasks
1	load_tlds
1	load_tracking_number_data
1	load_yaml
1	load_yardoc
1	loaded_from
1	loaded_gems
1	loaded_urls
1	loader!
1	loaders
1	loc?
1	local?
1	local_evaluation?
1	local_name
1	local_to_utc
1	local_variables
1	locale_code
1	locale_from_args
1	locale_id
1	locale_param_key
1	locale_param_present?
1	locales
1	localized_country_select
1	localname
1	locals
1	locate
1	location=
1	locator
1	lock_down
1	lock_expiry_time
1	lock_max_wait_time
1	lock_retry_delay
1	lock_type_migrated?
1	lockbox_attachments
1	lockbox_attributes
1	lockup
1	log=
1	log_deprecation
1	log_device_ignored_lines
1	log_device_log_level
1	log_error
1	log_format
1	log_format=
1	log_headers
1	log_host_for
1	log_host_key
1	log_host_key_for
1	log_hosts
1	log_in
1	log_info
1	log_message
1	log_name=
1	log_status
1	log_stream_name
1	log_subscribers
1	log_to_stdout
1	log_with_severity
1	loggable?
1	loggedInUser=
1	logger_patch_applied
1	logger_patch_applied=
1	logger_topic
1	logging
1	logging?
1	logical_volumes=
1	login_exclusive=
1	logistic_floor
1	logmask=
1	lograge
1	long
1	longName
1	long_press
1	longest_element
1	lono_pro_removal_check!
1	lookup_by_content_type
1	lookup_by_extension
1	lookup_by_kind
1	lookup_delivery_method
1	lookup_ip_number
1	lookup_store
1	lookup_variable
1	loop_once
1	lrange
1	ls_remote
1	lsp
1	lvm_version=
1	lzma_easy_encoder
1	lzma_end
1	lzma_stream_decoder
1	ma
1	mac?
1	mae
1	magic
1	mailer
1	main_group
1	maintainer
1	maintainer_email
1	make_conflicted_cell
1	make_error_from_response
1	make_public!
1	make_regexp
1	make_request
1	make_shareable
1	make_subclass
1	make_typed
1	make_validator
1	makedirs
1	makepasv
1	makeport
1	malloc
1	manager
1	mandateProvider
1	mandateProvider=
1	mandateReference
1	mandateReference=
1	mandateSignatureDate
1	mandateSignatureDate=
1	mandateURL
1	mandateURL=
1	mandatory
1	mandatory?
1	manifest_digest
1	manifest_lines
1	manifest_path
1	manifest_uuid_path
1	many?
1	map_deferred_result
1	map_for
1	mapbox_access_token
1	mapify
1	mapped_msetnx
1	mapped_os_version
1	mariadb?
1	mark
1	mark_as_paid_enabled
1	mark_spaces
1	markdown
1	markdown_value
1	markup
1	markup_for_file
1	markups
1	marshal
1	marshal_load
1	marshal_version
1	marshall
1	marshaller
1	marshallers
1	masgn_type?
1	mask=
1	mask_ips
1	masquerade_storage_method
1	mass_assign
1	master_key
1	master_pid
1	match=
1	match_response
1	matchee
1	matcher
1	matcher_name
1	math
1	matrix
1	mattr_inheritable
1	max_age
1	max_ascender
1	max_code_lines_in_class
1	max_code_lines_in_method
1	max_connects=
1	max_descender
1	max_elapsed_time
1	max_file_buffer
1	max_file_buffer=
1	max_history=
1	max_interval
1	max_line_height
1	max_logged_cookie_size
1	max_logged_param_size
1	max_network_retry_delay
1	max_page_size
1	max_retries=
1	max_size=
1	max_stale
1	max_value
1	maximize
1	maximum
1	maxsize
1	maxsize=
1	may_req_ambiguous_char_width
1	maybe_parse
1	maybe_stream
1	mcall
1	mean
1	measure_block
1	measure_code
1	measure_method
1	med25519
1	med25519!
1	media
1	media_type
1	median
1	megabytes
1	member_type
1	memberkey
1	memmap
1	memoization_observers
1	memoized?
1	memsize_of
1	mention_format
1	mentos
1	menus
1	merchantData=
1	merchantGroupingId
1	merchantGroupingId=
1	merchantId=
1	merchantPromotionalCode
1	merchantPromotionalCode=
1	merchantSdk=
1	merchant_city
1	merchant_id=
1	merchant_name
1	merge_error_context
1	mergeable?
1	merged_result
1	message=
1	message_group_id_for
1	message_loc
1	messaging=
1	meta_delete
1	meta_get_with_metadata
1	meta_get_with_value
1	meta_get_with_value_and_cas
1	meta_get_without_value
1	meta_noop
1	meta_schema=
1	meta_set
1	meta_set_append_prepend
1	meta_set_with_cas
1	meter
1	meth
1	method_id
1	method_return
1	method_stack
1	method_to_use
1	method_types
1	metric=
1	metricType=
1	metrics
1	metrics_reporter
1	metrics_server_enabled
1	metrics_server_logger_enabled
1	mf_get_default_param
1	mf_load_model
1	mf_save_model
1	mfenced
1	mget
1	mi
1	microsoft_symbol?
1	middleInitial
1	middleInitial=
1	midnight
1	migrating?
1	migration_context
1	migrations_paths
1	migrations_status
1	miller_rabin_bases
1	miller_rabin_test
1	mime_library
1	mimic_JSON
1	min_version
1	mingw_bin_path
1	minify
1	minify_output=
1	minmax
1	missed_lines
1	missing
1	missing_methods
1	missing_variables
1	mix_in_comparable?
1	mixed?
1	mixes_in_class_methods?
1	mktime
1	mn
1	mo
1	mobile
1	mobile?
1	mobile_only_browser?
1	mock_enabled
1	mock_enabled=
1	mock_variation_call?
1	model_class
1	model_names
1	model_valid?
1	models
1	modern_ie?
1	modes
1	modified?
1	modified_time
1	modifiers
1	module_exec
1	module_extends_activesupport_concern?
1	module_names
1	module_type=
1	modulo
1	mon_enter
1	mon_exit
1	moneris
1	moneris_checkout
1	month_day
1	months
1	months_of_year
1	mop
1	mop=
1	more_results?
1	mount_at
1	move_to_pack!
1	move_to_parent!
1	move_units
1	move_without_extras
1	mover
1	mpos=
1	mrow
1	msgclass
1	msgctxt
1	msgid
1	msie?
1	msub
1	msubsup
1	msup
1	msys2_installation
1	mtable
1	mtext
1	mtime=
1	mtimes
1	mul
1	multi_cell
1	multi_line_string
1	multi_point
1	multi_polygon
1	multi_select
1	multi_valid_param?
1	multiary
1	multiary?
1	multiparam_query?
1	multipart
1	multiplier
1	multiply!
1	munder
1	munderover
1	munge!
1	mutate
1	mutationType
1	mute!
1	mutex
1	my_require
1	mysql_gaplock_protection?
1	n1_bind_to?
1	n1_length
1	n1_loaders
1	n_of
1	name?
1	name_for
1	name_list
1	name_loc
1	name_positional_attributes
1	namecoin?
1	named_formats
1	names=
1	names_old_overriden
1	names_overriden
1	namespace_inheritance=
1	namespace_scopes
1	namespace_uri
1	native
1	native_targets
1	native_types
1	natives
1	navigate
1	ncols
1	ndxExecutableActions
1	nearest
1	needle=
1	nested?
1	nested_models
1	net_http_res
1	network_error=
1	network_interfaces
1	never_lines
1	new!
1	new_basic_help
1	new_bool_var
1	new_cmap_table
1	new_file
1	new_for
1	new_from_cwd
1	new_from_string
1	new_group
1	new_int_var
1	new_matrix
1	new_offset
1	new_ones
1	new_record?
1	new_request
1	new_response
1	new_seed
1	new_shell_script_build_phase
1	new_with_book
1	new_with_configuration
1	newdesttype
1	next=
1	next_day
1	next_id=
1	next_in=
1	next_node_is?
1	next_out=
1	next_scheduled_at
1	next_var
1	nice
1	nick
1	nickname
1	nics
1	nil_assertion
1	nil_refutation
1	no?
1	no_config
1	no_more_warnings
1	no_vary
1	node_cache
1	node_for
1	node_id_for_backtrace_location
1	node_type
1	nodelist
1	nofollow?
1	non_deferrable_constraints
1	non_public?
1	non_recording_span
1	non_standard_options
1	none
1	nonzero?
1	noreferrer?
1	norm
1	normal_cookies_for_ie_in_iframes?
1	normal_to_test
1	normalize_association_name
1	normalize_object
1	normalized
1	not_after
1	not_found_exception_class_name
1	not_nested
1	not_to
1	note
1	notice
1	notice_error
1	notification_handler=
1	notifier
1	ns
1	ntlm_v1_response
1	null
1	null_relation?
1	null_test
1	nullable_or_optional?
1	nulltesttype
1	numAccountUpdates=
1	numActivates=
1	numAuthReversals=
1	numAuths=
1	numBalanceInquirys=
1	numBatchRequests=
1	numCancelSubscriptions=
1	numCaptureGivenAuths=
1	numCaptures=
1	numCreatePlans=
1	numCredits=
1	numDeactivates=
1	numEcheckCredit=
1	numEcheckPreNoteCredit=
1	numEcheckPreNoteSale=
1	numEcheckRedeposit=
1	numEcheckSales=
1	numEcheckVerification=
1	numForceCaptures=
1	numFundingInstructionVoid=
1	numGiftCardAuthReversals=
1	numGiftCardCaptures=
1	numGiftCardCredits=
1	numLoads=
1	numPayFacCredit=
1	numPayFacDebit=
1	numPhysicalCheckCredit=
1	numPhysicalCheckDebit=
1	numReserveCredit=
1	numReserveDebit=
1	numSales=
1	numSubmerchantCredit=
1	numSubmerchantDebit=
1	numTokenRegistrations=
1	numUnloads=
1	numUpdateCardValidationNumOnTokens=
1	numUpdatePlans=
1	numUpdateSubscriptions=
1	numVendorCredit=
1	numVendorDebit=
1	num_bytes
1	number=
1	number?
1	numberOfPayments
1	numberOfPayments=
1	number_field_tag
1	number_list
1	number_of_capturing_groups
1	number_pool
1	number_to_bigdecimal
1	number_with_delimiter
1	numlit
1	oas
1	oauthbearer_token_refresh_callback=
1	object_name
1	objective
1	objective_value
1	objects=
1	objects_by_uuid
1	objectspace=
1	observers
1	ofType
1	of_string
1	of_type
1	off_call?
1	offending_node
1	offense
1	offer
1	offers
1	offline
1	offline_handler
1	offline_mode
1	offline_mode?
1	offset_diff
1	offset_value
1	ohai
1	old_initialize
1	old_read
1	old_render
1	old_render_liquid
1	old_reset
1	old_run
1	old_site_payload
1	old_subcribe
1	old_transaction_key
1	old_write
1	omit
1	omit_hash_value?
1	omit_source_map_url?
1	omniauth_configs
1	omnibus
1	on_block
1	on_call?
1	on_empty
1	on_jruby?
1	on_methods
1	on_page_create_action
1	on_request
1	on_retry
1	on_state
1	on_thread_error
1	on_unknown
1	one_char_to_ebcdic
1	oneofs
1	only
1	op
1	open!
1	open?
1	open_file
1	open_http
1	open_transactions
1	opened?
1	opening
1	opening_loc
1	operator_loc
1	operators
1	opt
1	optgroup
1	optimistic
1	option?
1	optional
1	optionals
1	options?
1	options_for
1	options_for!
1	options_for_safe_load
1	or=
1	order!
1	orderDate
1	orderDate=
1	orderId=
1	orderSource=
1	order_option
1	ordered
1	organization_class_name
1	organization_enabled
1	origActionType=
1	origId=
1	origLitleTxnId=
1	orig_cmd
1	orig_cmd=
1	orig_link
1	orig_should_flatten?
1	orig_sources
1	origin
1	origin_pathname
1	original
1	originalAmount=
1	originalNetworkTransactionId=
1	originalRefCode=
1	originalSequenceNumber=
1	originalSystemTraceId=
1	originalTransactionAmount=
1	originalTxnTime=
1	original_dir
1	original_key_order
1	original_message
1	original_method
1	original_methods
1	original_methods=
1	original_new=
1	original_output=
1	original_platform
1	original_require
1	original_run
1	original_type
1	os_family
1	os_version
1	ospeed
1	outer_xml
1	outport
1	output_cols
1	output_directory
1	output_enabled?
1	output_style
1	output_to
1	outputs
1	outputters
1	outputting_to
1	outside_bounds
1	overlaps?
1	overlaps_with?
1	override?
1	override_location
1	override_mail_method=
1	overset
1	overwrite
1	owned_by
1	owner_assoc=
1	owner_class=
1	p_factors
1	pack_paths
1	package_names=
1	package_names_for_files
1	package_path
1	packer
1	packet
1	packwerk_cli_execute_safely
1	page_annots
1	page_count
1	page_size
1	page_with_options
1	paginate_array
1	pandoc_path
1	paragraph_finished?
1	parallel_executor
1	parallel_workers
1	param_encoder
1	parameter_binding
1	parameterize
1	parametrized_sql
1	params_schema
1	parens_in_def
1	parent_class
1	parent_document
1	parent_frame
1	parent_name
1	parent_reflection
1	parse?
1	parseREXP
1	parse_IPv4
1	parse_IPv6
1	parse_all_migrations
1	parse_answer
1	parse_arguments
1	parse_ast
1	parse_bool
1	parse_bool!
1	parse_certificates
1	parse_columnize_options
1	parse_config_spec
1	parse_cookies_header
1	parse_database
1	parse_date
1	parse_device
1	parse_device_spec
1	parse_expression
1	parse_failure_cause
1	parse_file_any_syntax
1	parse_from
1	parse_graph
1	parse_hash_format
1	parse_hello
1	parse_html
1	parse_line
1	parse_map_uint32
1	parse_markup
1	parse_message
1	parse_options
1	parse_os
1	parse_pack_format
1	parse_properties
1	parse_push_ticket
1	parse_query
1	parse_response
1	parse_results
1	parse_stage
1	parse_stream
1	parse_text
1	parse_tree_for_meth
1	parse_tree_for_proc
1	parse_tree_for_str
1	parse_ua
1	parse_with_filepath
1	parse_xccoverage
1	parsed?
1	parsed_body
1	parsed_headers
1	parsers
1	part
1	partial=
1	partial_inserts
1	partial_regexp
1	partial_tag
1	pass=
1	pass_ci_if_error
1	pass_job
1	passive=
1	passwords
1	patch!
1	patch?
1	path_for
1	path_resolver
1	paths_by
1	pattern
1	pattern_matches?
1	pause
1	paused
1	paused?
1	payFacCreditAmount=
1	payFacDebitAmount=
1	payPalNotes=
1	payPalOrderComplete=
1	payerEmail
1	payerEmail=
1	payerId
1	payerId=
1	payload=
1	payload_or
1	paypage=
1	paypageRegistrationId
1	paypageRegistrationId=
1	paypal
1	paypal=
1	pdf_preview_page_range
1	peek_on_signal
1	peer_cert=
1	pending
1	pending_color
1	per
1	per_series_aligner=
1	percentage
1	percentile
1	perform!
1	perform_all_later
1	perform_async
1	performing_active_job_ids
1	periodic_metrics_enabled
1	permalink_options
1	permit_autoloading_before
1	permitted_description_str
1	permutations
1	persist
1	persist=
1	persisted?
1	persistent
1	persistent_init
1	phantom_migrations
1	phone=
1	physicalCheckCreditAmount=
1	physicalCheckDebitAmount=
1	physical_volumes=
1	picture_model=
1	pin
1	pin=
1	ping
1	ping_socket
1	ping_tcp_socket
1	pins
1	pipeline=
1	pipeline_abort
1	pipeline_response_setup
1	pipeline_start
1	pix_key
1	pk_to_address
1	pkey
1	place_in_layout?
1	plaintext
1	planCode
1	planCode=
1	plausible?
1	playbook?
1	plugin
1	plugin_installed?
1	plugins_enabled?
1	plurals
1	png
1	pods_from_project
1	point
1	pointer
1	points
1	poll_interval=
1	poller
1	polling_lock
1	poly1d
1	polyfill_versions_to_use
1	polygon
1	polymorphic?
1	polynomial
1	polytex
1	pool
1	pool_size
1	pool_size=
1	popen2
1	popen4
1	populate
1	populate_from_env
1	populate_local
1	populate_pages_from_store
1	populate_store
1	port_mapping
1	positional_args
1	positional_params
1	positioning_columns
1	positions=
1	posix?
1	post_7?
1	post_configure
1	post_connect_hooks
1	post_connection_check
1	post_content
1	post_file
1	post_form
1	post_init
1	post_params
1	post_process_image
1	post_uninstall
1	postageapp
1	postal_code
1	postpone
1	postprocess
1	posts
1	power_int
1	pre_connect_hooks
1	pre_process
1	pre_setup
1	pread
1	preapprovalNumber
1	preapprovalNumber=
1	precache_all
1	preceding_alias=
1	preceding_comment?
1	preceding_lines
1	precision
1	predicate
1	predicate_in_actual?
1	predicate_matcher?
1	predict
1	preferredLanguage
1	preferredLanguage=
1	prefix?
1	prefix_map
1	prefix_values
1	preload?
1	preload_all
1	preloaded=
1	prepaid
1	prepaid=
1	prepare_class
1	prepare_load_path
1	prepare_message
1	prepared_statements
1	prepend_before_action
1	preprocess_options
1	prerelease
1	prerequisites
1	presentation
1	preserve_key_order
1	pretend_enabled
1	pretty_size
1	pretty_unparse
1	prevent_operator_matchers
1	preview
1	preview_paths
1	previous
1	previous_sibling
1	prevtrkey
1	prime_division
1	primitive
1	print=
1	print_engine=
1	print_footer
1	print_header
1	print_stacktrace?
1	printer=
1	printer_class
1	privacy_extension_installed?
1	private?
1	private_call?
1	private_chat
1	private_encrypt
1	private_id
1	private_message?
1	proc_cookie_token
1	proc_external_attributes
1	process_line
1	process_opt_outs_method
1	process_opts
1	process_orderable
1	process_string
1	process_taxonomy_file
1	process_text_options
1	process_tuple_directory
1	processes
1	processingInstructions=
1	processingType=
1	processor=
1	processor_count
1	processors
1	prod
1	prodalt
1	prodatom
1	prodname
1	prodterm
1	produce_async
1	produce_sync
1	productCode
1	productCode=
1	production
1	products
1	profane?
1	profanity_count
1	profile
1	profiling?
1	progname
1	program_name
1	progress=
1	progress_reporter
1	project?
1	project_key
1	project_name=
1	project_root
1	project_root=
1	projection
1	promise_fulfilled
1	promise_rejected
1	prompt=
1	prop_name
1	proper_table_name
1	properties_
1	property_sets_connection_class
1	props
1	protect_from_forgery
1	protected
1	protected_instance_methods
1	protected_methods
1	protocol_retry_count
1	provided?
1	provider=
1	provider_job_id
1	provider_params
1	provides_attrs
1	provision
1	proxy_host
1	proxy_module_with_purpose
1	prune_old_screenshots
1	ps
1	pubid_select
1	publicKeyHash
1	publicKeyHash=
1	public_decrypt
1	public_encrypt
1	public_folder
1	public_id
1	public_method_defined?
1	public_path
1	publish_if_updated
1	purge!
1	purge_by_key
1	purge_old_tokens
1	purging_enabled?
1	push=
1	put?
1	put_bytes
1	put_int64
1	put_settings
1	puzzle
1	pwned?
1	pwned_count
1	pygments_lexers
1	pygments_styles
1	pygments_stylesheet_data
1	q_factors
1	qb_online_sync_free_orders
1	qualified?
1	qualified_const_defined?
1	qualifier?
1	quality=
1	quality_value
1	qualname
1	quantity
1	quantity=
1	que_attrs
1	queryType
1	query_command
1	query_execution
1	query_execution_id
1	query_flags
1	query_flags=
1	query_parser
1	query_string
1	querystring
1	queue_adapter
1	queue_adapter_name
1	queue_max_job_retries
1	queue_name
1	queue_name=
1	queue_parser
1	queue_priority
1	queue_respond_timeout
1	queue_retry_delay
1	queue_retry_delay_proc
1	queue_service_action_call
1	quiet_down
1	quietly
1	quit
1	quit_command
1	quote_for_diff
1	quote_style
1	quote_table_name_for_assignment
1	quoted?
1	quoted_table
1	quoted_table_name
1	quoting
1	rack_cache
1	rails_blob_path
1	rails_helper_exists?
1	rails_load_paths
1	rails_representation_path
1	railtie
1	raise?
1	raise_down_error
1	raise_error
1	raise_exceptions
1	raise_invalid_request
1	raise_on_context_miss?
1	raised_exception
1	rand_factor
1	rand_norm
1	random_create
1	random_example
1	random_iv
1	random_str
1	randomize
1	range_var
1	range_with_comments_and_lines
1	rangeop
1	rassoc
1	rate_limit
1	ratio
1	rational
1	raw_act
1	raw_attributes=
1	raw_data
1	raw_data=
1	raw_no_echo_mode_exec
1	rbs_absolute_type_name
1	rbs_builder
1	rds?
1	read_all
1	read_array_of_double
1	read_array_of_pointer
1	read_array_of_uint32
1	read_attribute
1	read_attribute_before_type_cast
1	read_binary
1	read_body
1	read_bytes
1	read_csv
1	read_double
1	read_exn
1	read_file
1	read_files
1	read_from_string
1	read_in_chunks
1	read_int64
1	read_outer_xml
1	read_uint64
1	read_ulong
1	read_url
1	read_version
1	reader
1	readexactly
1	readonly=
1	readpartial
1	readuntil
1	ready
1	ready?
1	real_is_a?
1	real_respond_to?
1	really_verbose
1	realtime_mode?
1	reap
1	reason_phrase
1	rebaseline
1	recaptcha
1	receive
1	receive!
1	recent_requests_limit
1	recent_requests_time_window
1	recipient_override
1	recognize_encoding
1	reconnect_down_server?
1	record2
1	record=
1	record_error
1	record_exception
1	recording
1	recording?
1	recording_enabled?
1	records
1	recover
1	rect
1	recurringRequest=
1	recurringTxnId
1	recurringTxnId=
1	recurse
1	recursive_basic_literal?
1	recycleBy
1	recycleBy=
1	recycleId
1	recycleId=
1	recyclingRequest=
1	redefine
1	redefine_method
1	redirect
1	redirect?
1	redirect_ok
1	redirect_ok=
1	redirect_path=
1	redirection?
1	redirection_limit
1	redirection_limit=
1	redis=
1	redis_pool
1	redis_prefix
1	redis_time
1	reduce_to_basics
1	redundant_message_argument
1	reenable!
1	reexec_commandline
1	ref
1	ref!
1	ref_resolver
1	ref_resolver=
1	ref_to_xml
1	references
1	referer
1	referrer
1	reflect_module_fields
1	reflection_extensions
1	refresh
1	refresh!
1	refresh_backup_file!
1	refresh_command
1	refresh_if_stale
1	refresh_runtime_config!
1	refresh_token
1	refresh_token=
1	refund
1	refute_equal
1	refute_equal_with_object_id?
1	refute_file_exists
1	refute_match
1	refute_with_equal?
1	regexp_node_matcher
1	regexp_type?
1	region
1	regions
1	register!
1	register_any_protos
1	register_boxed_class_converter
1	register_compressor
1	register_default_strategies
1	register_descriptor_protos
1	register_exception
1	register_field_behavior_protos
1	register_helper
1	register_hook
1	register_interceptor
1	register_internal
1	register_marshaller
1	register_metrics
1	register_middleware
1	register_mime_type
1	register_partial
1	register_presenter
1	register_processor
1	register_proxy
1	register_renderer
1	register_sidekiq_gc_metric
1	register_sidekiq_job_metrics
1	register_sidekiq_worker_gc_metrics
1	register_state_change_observer
1	register_static_path
1	register_tags!
1	register_timestamp_protos
1	register_transformer
1	register_transit_matrix
1	register_widget
1	registered
1	registered?
1	registered_drivers
1	registered_request?
1	registered_template_handler
1	registry=
1	registry_key
1	registry_url
1	regular_reader
1	regular_writer
1	reject
1	rejected?
1	rejects
1	rel?
1	relationship_todo_types
1	relative?
1	relative_url
1	relaton
1	release_automation?
1	release_put
1	relname
1	reload
1	reload_config!
1	reload_from_time_from_request
1	reload_routes!
1	reloading_for_upgrade
1	reloading_for_upgrade=
1	rels
1	remainder
1	remote_address
1	remote_ip=
1	remotely_signed_out?
1	remove!
1	remove_array_brackets
1	remove_child
1	remove_connection
1	remove_entry
1	remove_file_annotation!
1	remove_from_file
1	remove_from_url
1	remove_helpers!
1	remove_indentation
1	remove_index
1	remove_match
1	remove_pre_post
1	remove_vertices
1	render_base
1	render_base_identifier
1	render_cell
1	render_line
1	render_pubid
1	render_pubid_stage
1	render_to_string
1	render_urn
1	render_urn_stage
1	rendered_rules
1	renderer=
1	repack_unretrieved
1	repeat_count
1	repeatable
1	repgroup
1	replace_in_file
1	replaced_method_names
1	replacement_methods
1	replacement_methods=
1	replacement_new
1	replacement_new=
1	replacement_text
1	replenish
1	reply
1	repo
1	report!
1	reportGroup=
1	report_coverage
1	report_has_one_problems
1	report_line
1	report_name=
1	report_polymorphic_problems
1	report_validates_uniqueness_problems
1	reporter=
1	reporting_enabled?
1	reporting_prompted?
1	repos
1	repos_dir
1	repository_default_branch
1	reproduce
1	repspec
1	req
1	request_body
1	request_data
1	request_filter
1	request_get
1	request_headers=
1	request_id
1	request_id=
1	request_ip=
1	request_media_type
1	request_method=
1	request_operation
1	request_out
1	request_path=
1	request_pattern
1	request_route_signature=
1	request_user_agent=
1	request_xml
1	requests_to_resend
1	require_all
1	require_billing_address
1	require_classpath
1	require_dir
1	require_empty=
1	require_exact_key_matches?
1	require_file
1	require_filters
1	require_item_names
1	require_jars
1	require_rb
1	require_shipping_address
1	require_tenant
1	require_test_classpath
1	require_test_suites
1	require_with_graceful_fail
1	required=
1	required_parts
1	required_ruby_version
1	required_rubygems_version
1	required_unless
1	requireds
1	requirement
1	requirement=
1	resbody_type?
1	rescue
1	rescue_from
1	rescue_responses
1	rescueing
1	rescueing=
1	reselect
1	reserveCreditAmount=
1	reserveDebitAmount=
1	reserved_enum1=
1	reserved_enum2=
1	reserved_int1=
1	reserved_int2=
1	reserved_int3=
1	reserved_int4=
1	reserved_ptr1=
1	reserved_ptr2=
1	reserved_ptr3=
1	reserved_ptr4=
1	reset_all
1	reset_challenge
1	reset_collection
1	reset_default_clients
1	reset_helpers
1	reset_instance
1	reset_locale_fallbacks
1	reset_middleware
1	reset_partials
1	resets_in
1	residenceStatus
1	residenceStatus=
1	resident_size
1	resize_impl
1	resolve!
1	resolve_block_subs
1	resolve_config
1	resolve_host_locale_config_conflicts
1	resolve_imports
1	resolve_method_definition
1	resolve_proc
1	resolve_scrubber
1	resolved
1	resolved_controller
1	resolved_schema
1	resolver_method_option
1	resolvexpi
1	resource
1	resource_class
1	resource_method_defined?
1	resources_build_phase
1	respawn
1	respond
1	respond_to
1	respond_to_missing?
1	response_class
1	response_code
1	response_length=
1	response_limit
1	response_metadata
1	response_minimum
1	response_parser_class=
1	response_processor
1	response_status=
1	response_xml
1	restart!
1	restore_graphics_state
1	restore_persistent_descriptors
1	result_set
1	result_set_metadata
1	results_as_hash=
1	retain
1	retained
1	retr_fields
1	retrbinary
1	retried_job
1	retrieve_connection
1	retrieve_connection_pool
1	retriever_method
1	retry=
1	retry_after
1	retry_change_requests
1	retry_change_requests=
1	retry_count
1	retry_if
1	retry_sleep
1	retry_sleep=
1	retry_timeout
1	retry_timeout=
1	retryable
1	return!
1	return_klass
1	return_nil_for_empty_attribute_fields
1	return_type
1	revalidation=
1	reverse_hash
1	reversible
1	revert
1	reverting?
1	revision_id
1	revision_number
1	rfc2822
1	rgb
1	ridley_connection
1	right_diff
1	right_sibling
1	rights
1	rjb_org_respond_to?
1	rm_rbis
1	rmdir
1	rmse
1	robot
1	robots
1	robots=
1	roda_class
1	roda_class=
1	rodauth
1	roles
1	roll_nested_into_parent_packs
1	rollback_branches
1	root?
1	root_path=
1	root_url
1	rootdir
1	rotate
1	route_from
1	router=
1	router_name
1	routes_index
1	routingNum
1	routingNum=
1	rpc_descs
1	rpc_stub_class
1	rsa?
1	rspec3?
1	rspec_puppet_example?
1	rss
1	rss?
1	rstrip!
1	ruby
1	ruby2_keywords
1	ruby_bin_path
1	ruby_engine
1	rubygems
1	rules
1	run_after_load
1	run_at
1	run_at=
1	run_at_exit_hooks
1	run_before_fork_hooks
1	run_dir=
1	run_fig_with_exception_handling
1	run_hook
1	run_init_script
1	run_list
1	run_migrations?
1	run_plugin
1	run_request
1	run_statement
1	run_status
1	run_the_gauntlet
1	run_time
1	run_with_options
1	runnable_methods
1	runnables
1	runtime!
1	rxAmount
1	rxAmount=
1	s3_client
1	s3_configuration
1	s_import
1	safe=
1	safe_instance_variables
1	safe_join
1	safe_mode_from_options
1	safely
1	saleAmount=
1	salesTax
1	salesTax=
1	saltgen
1	same_line?
1	saml_config
1	sandbox
1	sandbox=
1	sandbox_root
1	sanitize_sql_array
1	sarif
1	sass
1	sass_load_paths
1	satisfied!
1	satisfy?
1	satisfy_best
1	saturday?
1	save!
1	save_and_open_page_path
1	save_and_open_page_path=
1	save_content
1	save_graphics_state
1	save_mem_copy
1	save_mem_share
1	save_object
1	save_path
1	save_path=
1	save_storable
1	save_to_xml
1	save_token
1	save_values
1	scalar
1	scalar_to_text
1	scalarmult
1	scalarmult_base
1	scale
1	scaled_height=
1	scaled_width=
1	scan_all
1	scan_file
1	scanf
1	scanner_class
1	scavenger
1	scavenger?
1	schedule
1	scheduled_at
1	schema
1	schema=
1	schema_cache
1	schema_cache_ignored_tables
1	schema_format=
1	schema_registry=
1	schema_search_path
1	schema_store
1	scheme_handlers
1	scheme_handlers=
1	scheme_list
1	schemes
1	scope=
1	scope_at
1	scope_at=
1	scope_hash
1	scope_hash=
1	score
1	score=
1	screenshot_path
1	script_lines
1	script_src
1	script_timeout=
1	scrub_attribute_that_allows_local_ref
1	scrub_attributes
1	scrub_uri_attribute
1	scrypt
1	search_in_known_locations
1	search_query
1	search_scopes=
1	searcher
1	searchkick_index_options
1	searchkick_klass
1	searchkick_options
1	second
1	secondaryAmount=
1	secretQuestionAnswer
1	secretQuestionAnswer=
1	secretQuestionCode
1	secretQuestionCode=
1	secret_key!
1	secret_key_base
1	secret_string
1	sections
1	secure?
1	secure_compare_c
1	security
1	see_other?
1	seed_file=
1	seed_loader=
1	seed_used?
1	seen_cli_tranports
1	segment
1	segment_tag
1	segments=
1	seid=
1	select_media_type
1	select_one
1	select_stmt
1	selection
1	selector=
1	selectors
1	self_closing_tags
1	self_type?
1	sellerId
1	sellerId=
1	sellerMerchantCategoryCode
1	sellerMerchantCategoryCode=
1	semaphores_enabled?
1	semodule=
1	send_data
1	send_emails
1	send_event
1	send_file
1	send_message
1	send_message_batch
1	send_messages
1	send_post
1	send_sms
1	send_tagged_message
1	sendcmd
1	sendmail
1	sendmail_binary
1	sendmsg
1	sendport
1	sentinel
1	sepaDirectDebit=
1	seq
1	sequenceType
1	sequenceType=
1	sequences
1	serializable_hash
1	serializable_sorting_attributes
1	serialize_from_session
1	serialize_includes
1	serialize_into_session
1	serialize_methods
1	serialize_values
1	serialized_context_changes
1	serialized_events
1	serialized_evict_cache
1	serialized_expire_cache
1	serialized_target
1	serializer_arity=
1	serve_access_denied
1	server?
1	server_config
1	server_error?
1	server_host=
1	server_index=
1	server_info
1	server_middleware
1	server_port
1	server_port=
1	server_side_visits
1	server_version
1	servers
1	service_class
1	service_id
1	services
1	ses
1	session=
1	session_id
1	session_id=
1	session_key=
1	session_name
1	session_storage
1	session_track
1	set_action
1	set_arc_cost_evaluator_of_all_vehicles
1	set_authority
1	set_aws_profile!
1	set_basic_auth
1	set_body_internal
1	set_coefficient
1	set_col_range
1	set_config
1	set_content_type
1	set_cookie_header!
1	set_data_dir
1	set_default_configuration
1	set_default_output_format
1	set_error
1	set_examine_edge_event_handler
1	set_examine_vertex_event_handler
1	set_fill_color
1	set_finish_vertex_event_handler
1	set_form
1	set_format
1	set_handler
1	set_headers
1	set_instance_metadata
1	set_internal
1	set_jeweler_defaults
1	set_key_at
1	set_location
1	set_log_domain
1	set_log_file
1	set_logger
1	set_major_formatter
1	set_major_locator
1	set_max_enforcements_tag
1	set_maximization
1	set_maxmind_zip_url
1	set_offset
1	set_option
1	set_params
1	set_path_value
1	set_property
1	set_proxy
1	set_resolver
1	set_row_and_col_range
1	set_row_range
1	set_spec
1	set_stroke_color
1	set_subject
1	set_tags
1	set_timeout
1	set_topic
1	set_trace_func
1	set_up_application!
1	set_user_id
1	set_useragent
1	set_value
1	set_xlabel
1	set_xticklabels
1	set_xticks
1	set_ylabel
1	set_yticklabels
1	set_yticks
1	setattr
1	setlocale
1	setnx
1	setting
1	setup_complete=
1	setup_database
1	setup_default_logger_if_unset
1	setup_environment=
1	setup_logging_custom_fields=
1	setup_logging_events
1	setup_logging_gc_latest_gc_info=
1	setup_logging_gc_stat=
1	setup_logging_out
1	setup_logging_rusage=
1	setup_logging_tick_type=
1	setup_rails!
1	setup_tp
1	setupterm
1	severity
1	severity_label
1	sexp
1	sh
1	sha
1	sha256
1	shape_type_alias?
1	shared_context
1	shared_data_dir
1	shell_out
1	shell_out_class
1	shim=
1	shipFromPostalCode
1	shipFromPostalCode=
1	shipToAddress=
1	shippingAmount
1	shippingAmount=
1	shortName
1	shortname
1	show_dependencies
1	show_error
1	show_failure
1	show_ignored
1	show_internal_server_error
1	show_layers
1	show_legend
1	show_legend=
1	show_nested_relationships
1	show_node_todos
1	show_only_edges_to_focus_pack
1	show_previews
1	show_previews=
1	show_privacy
1	show_relationship_todos
1	show_teams
1	show_version
1	show_visibility
1	shuffle
1	shuffle!
1	shut_down
1	shutdown!
1	shutdown?
1	shutdown_timeout
1	shuttingdown?
1	sig?
1	sig_dot_override?
1	sig_or_signable_method_definition?
1	sig_with_runtime?
1	sig_without_runtime?
1	sign!
1	sign_bit
1	signable_headers=
1	signal_data
1	signal_done
1	signal_error
1	signal_headers
1	signal_timeout
1	signame
1	signature=
1	signature?
1	signature_fields
1	signature_for_method
1	signatures
1	signed
1	signer_key_type_ed25519
1	signer_key_type_hash_x
1	signer_key_type_pre_auth_tx
1	signing_algorithm=
1	signo
1	silence_deprecation_warning
1	silence_no_tokens_warning
1	silence_redefinition_of_method
1	similarity
1	single
1	single_item_description
1	single_line?
1	single_match
1	singleline_pp
1	singleton
1	singular
1	singulars
1	site_key!
1	site_payload
1	sites
1	size_class
1	size_clean
1	sizes=
1	skip=
1	skip_auto_load?
1	skip_query_cache!
1	skip_row
1	skip_until
1	skipped
1	skipped?
1	skipped_databases
1	skipping
1	slack_oauth_token
1	slack_webhook_url
1	sleep_disabled
1	sleep_enabled=
1	slice_int
1	slim_available?
1	slim_enabled?
1	slimbars_extensions
1	slow_requests_limit
1	slow_requests_threshold
1	slow_requests_time_window
1	smart_load
1	smart_path
1	smtp
1	smtp_envelope_from
1	smtp_envelope_to
1	smtp_settings
1	snake_case
1	snippets
1	sock
1	sockaddr_in
1	socket?
1	socket_handles
1	socket_timeout
1	socks_port
1	socks_port=
1	socks_receive_reply
1	socks_server
1	socks_server=
1	sodium_init
1	solaris?
1	solution_boolean_value
1	solution_integer_value
1	solve
1	solve_with_parameters
1	sorbet_signature
1	sortHash
1	sort_clause
1	sort_index
1	sorted_codepoint_values
1	source_account_ed25519
1	source_files
1	source_index
1	source_line
1	source_line_count=
1	source_locale_id
1	source_map_embed?
1	source_map_file
1	source_range_with_comment
1	source_reflection
1	space_count
1	spaces_after_comma
1	spaces_after_conditional
1	spaces_after_lbrace
1	spaces_after_lbracket
1	spaces_after_lparen
1	spaces_before_comma
1	spaces_before_lbrace
1	spaces_before_rbrace
1	spaces_before_rbracket
1	spaces_before_rparen
1	spaces_in_empty_braces
1	span
1	spawn_background_thread
1	spawnp
1	spec_file?
1	spec_group?
1	spec_name_key
1	specificity
1	speedscope_host
1	spherical_factory
1	split=
1	split_by_test_cases_enabled?
1	split_chroot
1	split_rbi
1	sql_type
1	sqlstate
1	squared_euclidean_distance
1	squeeze!
1	srem
1	ssl
1	ssl_config=
1	ssl_timeout=
1	ssl_version
1	ssn
1	ssn=
1	stable
1	stable=
1	stack
1	stack=
1	stacking
1	stage
1	stages
1	standard_options
1	start!
1	start2
1	startDate
1	startDate=
1	start_column
1	start_driver
1	start_immediately=
1	start_in_new
1	start_in_old
1	start_line
1	start_logging_
1	start_native
1	start_ntp
1	start_obj
1	start_on_rails_initialization
1	start_procs
1	start_query_execution
1	start_server
1	start_smtp_session
1	start_span
1	start_time
1	start_time=
1	start_work
1	started
1	started_at
1	starting_description_format
1	stash_if_needed
1	stashed?
1	stat_heap
1	state_change_reason
1	state_definitions
1	stateful
1	statement
1	statements
1	static_config
1	statistics_callback=
1	stats_get
1	stderr=
1	stderr_for
1	stdev
1	stdin=
1	stdout=
1	stdout_for
1	stdscr
1	step_out
1	stitch_int
1	stmt
1	stmts
1	stop!
1	stop_after
1	stop_children
1	stop_logging
1	stop_native
1	stop_next=
1	stop_on_unknown_option?
1	stop_words=
1	stop_work
1	stopped?
1	stopping
1	storage
1	storage_path
1	store_in
1	store_path
1	store_request_exception
1	stores
1	storext_options=
1	str_hash
1	str_pad
1	strategy=
1	strategy_name
1	streaming_request
1	strict_args_position?
1	stricted
1	string?
1	string_to_sign
1	stringify
1	strip_ansi
1	stripe
1	stroke_color
1	stroke_color=
1	stroke_line
1	struct
1	structure
1	stub
1	stylesheets
1	sub_attributes
1	sub_specialchars
1	sub_tokens
1	sub_type
1	subauthority_for
1	subclass_of_t_struct?
1	subcommand_classes
1	subcommands
1	subexpressions
1	subject_certificate=
1	submerchantCreditAmount=
1	submerchantDebitAmount=
1	submerchantName=
1	submit_results
1	subscription
1	subscription=
1	subscriptionId
1	subscriptionId=
1	subscriptionType
1	subscriptions
1	subsup
1	subtitle
1	subtract
1	subunit_to_unit
1	subunits
1	succeed
1	succeeded?
1	success!
1	success_color
1	successful
1	successfully_enqueued?
1	suffix
1	summarize
1	summary=
1	summary_width
1	sunday?
1	support_target_chef_version?
1	supported?
1	supported_heuristics
1	supported_options
1	supports_block_expectations?
1	supports_target_sorbet_static_version?
1	suppress
1	suppress_warnings
1	suppressing
1	suppression
1	surchargeAmount=
1	suspend_context
1	svd
1	switch
1	switch?
1	switch_back=
1	switch_short
1	switch_to_frame
1	switch_to_reference_context
1	symbol
1	symbol_conversion_algorithm=
1	symbols_id_to_name_real
1	sync_ex_count=
1	sync_ex_locker
1	sync_ex_locker=
1	sync_mode
1	sync_mode=
1	sync_sh_locker
1	syntax_from_extension
1	sys
1	system_monitor_duration
1	system_path
1	syswrite
1	t_absurd?
1	t_any_call?
1	t_bind?
1	t_cast?
1	t_enum?
1	t_helpers?
1	t_let?
1	t_must?
1	t_props?
1	t_sig?
1	t_struct?
1	t_struct_prop?
1	t_type_alias?
1	t_type_parameter?
1	t_unsafe?
1	t_untyped?
1	table=
1	table_id
1	table_info
1	table_key
1	table_list
1	table_name=
1	table_name_prefix
1	table_ref
1	table_to_string
1	table_valid?
1	tableize
1	tables
1	tablet?
1	tablify
1	tag_attributes
1	tag_file_append
1	tag_map
1	tag_name
1	tag_to_class
1	tags=
1	tagset
1	tagurize
1	tainted?
1	taken
1	target_chef_version
1	target_definition
1	target_from_params
1	target_from_request
1	target_from_request_headers
1	target_key_id
1	target_locale_ids
1	target_param_name
1	targets
1	task_defined?
1	task_name
1	task_with_desc?
1	taxAmount
1	taxAmount=
1	taxExempt
1	taxExempt=
1	taxIncludedInTotal
1	taxIncludedInTotal=
1	taxRate
1	taxRate=
1	taxType=
1	taxTypeIdentifier
1	taxTypeIdentifier=
1	tbool
1	tclass
1	telemetry_log_fd_file
1	telemetry_log_fd_file=
1	telemetry_log_sink=
1	tell
1	temp_file
1	template=
1	template_extension
1	template_name_expr
1	template_path
1	template_root
1	temporarilyOffline
1	terminalId=
1	terminal_parse_failure
1	terminate_interaction
1	termsAndConditions
1	termsAndConditions=
1	terms_and_conditions
1	test_action
1	test_cases
1	test_class?
1	test_glob
1	test_run_id
1	test_suites
1	test_tenant=
1	testables
1	testing!
1	tests
1	text_area_tag
1	text_direction
1	text_domain
1	text_domain=
1	text_field_tag
1	text_part=
1	text_rendering_mode
1	text_to_ids
1	text_to_ids_with_offsets
1	text_to_sentences
1	text_to_sentences_with_model
1	text_to_sentences_with_offsets
1	text_to_sentences_with_offsets_with_model
1	text_to_words
1	text_to_words_with_model
1	text_to_words_with_offsets
1	text_to_words_with_offsets_with_model
1	text_value
1	text_with_regexp?
1	texts
1	tfloat
1	tfunction
1	theme
1	thing
1	this
1	thread_id
1	thread_variable_get
1	threads_number
1	threatMetrixSessionId=
1	through_reflection
1	through_reflection?
1	throw?
1	tick=
1	tidy_bytes
1	tigetnum
1	tight_layout
1	time_bandits
1	time_precision=
1	time_series
1	time_to_live_description
1	time_to_live_status
1	timeline
1	timeout_after
1	timeout_deprecation_warned
1	timeout_deprecation_warned=
1	timeout_threshold
1	timeout_with
1	timeouts
1	timer
1	timeseries
1	timestamp
1	timestamp=
1	timing_serializer=
1	timing_total_elapsed=
1	tint
1	tiocgwinsz
1	title_color=
1	title_font_size=
1	tls_enabled?
1	tmp_path
1	tnull
1	to!
1	toASCII
1	toString
1	to_adapter
1	to_ansi
1	to_app
1	to_bibtex
1	to_blob
1	to_bn
1	to_buffer
1	to_d
1	to_data_url
1	to_deterministic_cbor
1	to_doc
1	to_docstring
1	to_dot_file
1	to_edn
1	to_escaped_url
1	to_formatted_s
1	to_gplot
1	to_hex
1	to_html_with_formatting
1	to_inline_css
1	to_input_value
1	to_inspect_hash
1	to_io
1	to_ip
1	to_json_514_workaround
1	to_key
1	to_ksuid
1	to_lab
1	to_lambda_response
1	to_lat
1	to_latex
1	to_lng
1	to_long
1	to_lowercase
1	to_msgpack
1	to_multiset
1	to_namespace
1	to_network
1	to_nm
1	to_octet_string
1	to_packed_cbor
1	to_packed_cbor1
1	to_plain_text
1	to_plist_node
1	to_proto
1	to_ptr
1	to_regex
1	to_rfc2629
1	to_ruby
1	to_schema
1	to_seconds
1	to_signed
1	to_spec
1	to_sql
1	to_string
1	to_svg
1	to_title
1	to_trace_header
1	to_unicode_map
1	to_unit
1	to_unpacked_cbor
1	to_unpacked_cbor1
1	to_url
1	to_webpage
1	to_xdr
1	tobject
1	token_chain
1	token_generator
1	token_type
1	tokenise
1	tokens
1	tolist
1	tomdoc
1	tool_call?
1	tool_call_id
1	tool_calls
1	tool_result?
1	tools
1	top
1	top_bound
1	top_level_void
1	top_platforms
1	topic
1	topics
1	total=
1	totalHealthcareAmount
1	totalHealthcareAmount=
1	total_in=
1	total_memory
1	total_objects
1	total_out=
1	totals_line
1	touch_put
1	tputs
1	trace=
1	trace_context
1	trace_context=
1	trace_events
1	trace_flags
1	trace_object_allocations_clear
1	trace_object_allocations_stop
1	trace_with
1	trace_with_result
1	track
1	track1Status
1	track1Status=
1	track2Status
1	track2Status=
1	track=
1	track_bots
1	track_exception
1	track_history?
1	track_key
1	track_progress?
1	track_visit
1	tracked
1	trailing_commas
1	trailing_newlines
1	train_epochs
1	trait_name
1	trait_names_from_explicit
1	traits
1	trans
1	transactionId
1	transactionId=
1	transaction_id
1	transaction_primitive
1	transaction_status
1	transfer
1	transient?
1	translatable_segment
1	translate_exception
1	translate_name
1	translate_options
1	translate_options_constraints
1	translate_path
1	translate_string
1	translation_key_ids
1	translation_repositories
1	translation_type
1	translations
1	translations_hash
1	translators
1	transparent_gzip_decompression=
1	transport=
1	transport_name=
1	trap
1	traverse
1	traverse_recurse
1	tree
1	trial
1	trialIntervalType=
1	trialNumberOfIntervals=
1	trial_period_days
1	tries
1	trigger_before_start_callbacks
1	trigger_hooks
1	trigger_when_finished_callbacks
1	true_type?
1	trust_line
1	truthy?
1	try!
1	tube_delete
1	tunknown
1	tuple
1	turn_off!
1	turn_on!
1	tv?
1	type_check
1	type_code
1	type_expr
1	type_is_enterprise?
1	type_map
1	type_narrowing_select?
1	type_parameters?
1	type_params
1	typecode
1	typename
1	tzinfo
1	uid_fetch
1	uid_search
1	uint
1	ulid
1	umask
1	unarry
1	unbounded_tries?
1	uncached
1	uncoercible_variables
1	uncolor
1	uncolor!
1	uncompile
1	unconsumed
1	uncountables
1	undefine_finalizer
1	undefined
1	underover
1	underscored_private=
1	undisposed
1	undisposed_report
1	unencode
1	unencode_component
1	unescapeElement
1	unfetchable
1	unfinalized_context_changes
1	unfixed
1	unhandled_error
1	unicode?
1	uniform
1	unimplemented
1	uninitialized
1	uninstall
1	union_parameters
1	union_type_context
1	union_types
1	unique_clicks
1	unique_identifier
1	unique_key
1	unique_name
1	unique_transaction_key
1	uniques
1	unitCost
1	unitCost=
1	unitOfMeasure
1	unitOfMeasure=
1	unit_map
1	unit_values
1	unless?
1	unloadAmount=
1	unmarshal
1	unmasked_pathname_without_trailing_slash
1	unmount_all
1	unpack_env
1	unpad!
1	unpause
1	unpublished_events
1	unregister
1	unregister_state_change_observer
1	unsafe
1	unsafe?
1	unscoped=
1	unsigned_ebcdic
1	untabify
1	untyped_props
1	unwatch
1	unwrapped
1	up!
1	up_to_and_matching
1	update!
1	update_aliases
1	update_attributes
1	update_dynamic_settings!
1	update_file
1	update_formulas_repo
1	update_interval
1	update_item
1	update_maxmind
1	update_or_create_attrs
1	update_raw
1	update_settings
1	update_stmt
1	update_traits
1	upgrade_workers
1	upper_bound=
1	uppercase
1	upstream
1	uri=
1	uri_encode
1	uri_path
1	urify
1	url_for
1	url_language
1	url_prefix
1	urn_to_code
1	usable?
1	use_actual_email_as_sanitized_user_name
1	use_actual_email_prepended_to_subject
1	use_actual_environment_prepended_to_subject
1	use_api
1	use_colors
1	use_dot_syntax
1	use_dsl
1	use_effective_qb_online
1	use_effective_qb_sync
1	use_env
1	use_item_names
1	use_postponed_job!
1	use_schema_fingerprint_lookup
1	use_sprockets_derailleur_file_store
1	use_standard_json_time_format=
1	use_vips
1	used?
1	user_agent_argument
1	user_agent_parser
1	user_attributes
1	user_data_dir
1	user_home_path
1	user_home_path=
1	user_id
1	user_method
1	user_model_name
1	user_os
1	uses_defaults
1	using_mysql?
1	utc?
1	utc_offset
1	utc_to_local
1	utc_to_local_returns_utc_offset_times
1	utc_to_local_returns_utc_offset_times=
1	utc_total_offset
1	utcfromtimestamp
1	utf8_encode
1	util
1	utilization_timer
1	uuid_v5
1	uuid_v7
1	v2?
1	v3
1	vagrant
1	vagrant_ssl_load
1	valid_attributes
1	valid_chain?
1	valid_command?
1	valid_config_keys
1	valid_content_type?
1	valid_content_types
1	valid_lexer?
1	valid_options
1	valid_pygments_theme?
1	valid_settings?
1	valid_url?
1	validate=
1	validate_email!
1	validate_file_name
1	validate_filter
1	validate_id!
1	validate_label_status
1	validate_options
1	validate_path_params
1	validate_raw!
1	validate_request_body
1	validate_request_parameter
1	validate_response_body
1	validate_ruby_files
1	validate_size
1	validate_templates
1	validation_errors
1	validation_level=
1	validator_option
1	value!
1	value_for
1	value_matcher
1	value_matches?
1	value_receiver?
1	value_to_currency
1	value_to_decimal
1	value_types
1	variable
1	variable?
1	variable_name
1	variable_name_expr
1	variables
1	variables=
1	variance
1	variant=
1	variation_call?
1	variation_id
1	vat_country_to_iso_country
1	vault_client
1	vectors
1	vendor
1	vendorCreditAmount=
1	vendorDebitAmount=
1	vendorName=
1	vendored?
1	verbose=
1	verbosity
1	verify!
1	verify=
1	verify_access_proc=
1	verify_all_cards=
1	verify_bind_method_called
1	verify_callback
1	verify_certificate?
1	verify_certificate_identity
1	verify_ssl_certs
1	version4?
1	version_3_compatibility_mode?
1	version_constraint
1	version_for
1	version_gte_8?
1	versioncmp
1	versioner
1	vertices
1	vertices_filtered_by
1	video_id
1	view_context
1	view_guard=
1	violations
1	virtualAuthenticationKeyData
1	virtualAuthenticationKeyData=
1	virtualAuthenticationKeyPresenceIndicator
1	virtualAuthenticationKeyPresenceIndicator=
1	virtualGiftCard=
1	visible
1	visionAmount
1	visionAmount=
1	visit
1	visit=
1	visit_duration
1	visit_node
1	visit_or_create
1	visit_this_0
1	visit_token
1	visited_page
1	visitor_duration
1	visitor_token
1	vm_id
1	voidcmd
1	vputs
1	vstack
1	wait_connection=
1	wait_delay
1	wait_delay=
1	wait_for_delivery
1	wait_interval
1	wait_old
1	wait_time
1	wait_timeout=
1	wait_until_closed
1	wait_writable
1	waitall
1	wallet=
1	walletSourceType
1	walletSourceType=
1	walletSourceTypeId
1	walletSourceTypeId=
1	wants_to_quit
1	wants_to_quit=
1	warn_of_deprecated_options
1	warn_once
1	warned
1	warner=
1	warning
1	warning!
1	warning_count
1	warning_message
1	watch
1	watch?
1	watchable_dirs
1	watchdog?
1	watched_files_digest
1	watcher
1	week
1	weeks
1	weight
1	whatami
1	when
1	when_run_completes_successfully
1	when_type?
1	white_list_tables
1	whitelisted_parameters
1	wierdo
1	wii?
1	wiiu?
1	window_handles
1	window_rect
1	window_size
1	windows_uuid
1	winner=
1	wire_provider_ensure_tasks
1	wire_type
1	with_child
1	with_clean_env
1	with_context
1	with_crop_impl
1	with_filename
1	with_headers
1	with_instructions
1	with_level
1	with_logger_silenced
1	with_metadata
1	with_model
1	with_options
1	with_original_env
1	with_output
1	with_params
1	with_password
1	with_redis
1	with_safe_exit_if_no_files_found
1	with_schema
1	with_status_message
1	with_strategy_build_option?
1	with_temperature
1	with_time_range
1	with_tools
1	within_exe?
1	without
1	without_errors
1	word_wrap
1	words
1	worker_count
1	working_set_size
1	worksheet
1	wrap_error
1	wrap_line
1	wrap_module
1	wrap_pyptr
1	wrapper
1	wrappers_path
1	writable
1	write_api_token
1	write_array_of_double
1	write_array_of_int
1	write_array_of_int32
1	write_array_of_uint32
1	write_closing_tag
1	write_double
1	write_entries
1	write_file
1	write_nonblock
1	write_noop
1	write_opening_tag
1	write_package_yml!
1	write_plist
1	write_polytexnic_style_file
1	write_request
1	write_stroke_cap_style
1	write_stroke_dash
1	write_stroke_join_style
1	write_timeout
1	write_to_buffer
1	write_to_file
1	write_to_path
1	write_ulong
1	write_version
1	write_zip64_support=
1	ws
1	x
1	xavier
1	xaxis
1	xmatch?
1	xmlAddChild
1	xmlDocDumpFormatMemory
1	xmlDocGetRootElement
1	xmlFree
1	xmlFreeDoc
1	xmlParseMemory
1	xmlSecAddIDs
1	xmlSecDSigCtxCreate
1	xmlSecDSigCtxDestroy
1	xmlSecDSigCtxEnableReferenceTransform
1	xmlSecDSigCtxSign
1	xmlSecErrorsDefaultCallback
1	xmlSecErrorsDefaultCallbackEnableOutput
1	xmlSecOpenSSLAppKeyCertLoad
1	xmlSecOpenSSLAppKeyLoad
1	xmlSecOpenSSLTransformRsaSha1GetKlass
1	xmlSecPtrListAdd
1	xmlSecPtrListGetItem
1	xmlSecPtrListGetSize
1	xmlSecTmplKeyInfoAddX509Data
1	xmlSecTmplReferenceAddTransform
1	xmlSecTmplSignatureAddReference
1	xmlSecTmplSignatureCreate
1	xmlSecTmplSignatureEnsureKeyInfo
1	xmlSecTransformExclC14NGetKlass
1	xmlSecTransformIdsGet
1	xmlSecTransformXsltGetKlass
1	xml_document
1	xml_element
1	xml_file
1	xml_in
1	xml_lang
1	xml_mapping
1	xml_out
1	xmlns=
1	xor!
1	xor_impl
1	xpi
1	xsl?
1	xslt
1	xslt=
1	xslt_schema=
1	xsystem
1	xtc?
1	xvfb_run_path
1	xxh32
1	xxh32_file
1	xxh64
1	xxh64_file
1	y
1	yaml_adapter
1	yday
1	years
1	yearsAtEmployer
1	yearsAtEmployer=
1	yearsAtResidence
1	yearsAtResidence=
1	yml_directory
1	yml_directory=
1	zcard
1	zcount
1	zip=
1	zip?
1	zrange
1	zrangebyscore
1	zrank
1	zrem
1	zremrangebyrank
1	zremrangebyscore
1	zrevrange
1	zrevrangebyscore
1	zrevrank
1	zscore
1	|
